timestamp,step,vx,vy,wz,body_height
2026-05-25T20:44:21.654733,0,0.3000,0.0000,0.0000,0.0000
2026-05-25T20:44:21.756288,1,0.3000,0.0000,0.0000,0.0000
2026-05-25T20:44:21.856317,2,0.3000,0.0000,0.0000,0.0000
2026-05-25T20:44:21.957341,3,0.3000,0.0000,0.0000,0.0000
2026-05-25T20:44:22.057459,4,0.3000,0.0000,0.0000,0.0000
2026-05-25T20:44:22.157589,5,0.3000,0.0000,0.0000,0.0000
2026-05-25T20:44:22.257734,6,0.3000,0.0000,0.0000,0.0000
2026-05-25T20:44:22.358164,7,0.3000,0.0000,0.0000,0.0000
2026-05-25T20:44:22.458333,8,0.3000,0.0000,0.0000,0.0000
2026-05-25T20:44:22.558987,9,0.3000,0.0000,0.0000,0.0000
2026-05-25T20:44:22.862479,10,0.3000,0.0000,0.0000,0.0000
2026-05-25T20:44:22.962837,11,0.3000,0.0000,0.0000,0.0000
2026-05-25T20:44:23.062895,12,0.3000,0.0000,0.0000,0.0000
2026-05-25T20:44:23.162893,13,0.3000,0.0000,0.0000,0.0000
2026-05-25T20:44:23.265289,14,0.3000,0.0000,0.0000,0.0000
2026-05-25T20:44:23.364530,15,0.3000,0.0000,0.0000,0.0000
2026-05-25T20:44:23.466126,16,0.3000,0.0000,0.0000,0.0000
2026-05-25T20:44:23.566238,17,0.3000,0.0000,0.0000,0.0000
2026-05-25T20:44:23.666396,18,0.3000,0.0000,0.0000,0.0000
2026-05-25T20:44:23.766508,19,0.3000,0.0000,0.0000,0.0000
2026-05-25T20:44:23.866612,20,0.3000,0.0000,0.0000,0.0000
2026-05-25T20:44:24.082730,21,0.3000,0.0000,0.0000,0.0000
2026-05-25T20:44:24.182802,22,0.3000,0.0000,0.0000,0.0000
2026-05-25T20:44:24.283247,23,0.3000,0.0000,0.0000,0.0000
2026-05-25T20:44:24.384090,24,0.3000,0.0000,0.0000,0.0000
2026-05-25T20:44:24.485514,25,0.3000,0.0000,0.0000,0.0000
2026-05-25T20:44:24.584350,26,0.3000,0.0000,0.0000,0.0000
2026-05-25T20:44:24.684485,27,0.3000,0.0000,0.0000,0.0000
2026-05-25T20:44:24.784735,28,0.3000,0.0000,0.0000,0.0000
2026-05-25T20:44:24.884759,29,0.0000,0.0000,0.0000,-0.5000
2026-05-25T20:44:24.984901,30,0.0000,0.0000,0.0000,-0.5000
2026-05-25T20:44:25.085106,31,0.0000,0.0000,0.0000,-0.5000
2026-05-25T20:44:25.303064,32,0.0000,0.0000,0.0000,-0.5000
2026-05-25T20:44:25.402634,33,0.0000,0.0000,0.0000,-0.5000
2026-05-25T20:44:25.502774,34,0.0000,0.0000,0.0000,-0.5000
2026-05-25T20:44:25.602899,35,0.0000,0.0000,0.0000,-0.5000
2026-05-25T20:44:25.703108,36,0.0000,0.0000,0.0000,-0.5000
2026-05-25T20:44:25.803160,37,0.0000,0.0000,0.0000,-0.5000
2026-05-25T20:44:25.903314,38,0.0000,0.0000,0.0000,-0.5000
2026-05-25T20:44:26.003365,39,0.0000,0.0000,0.0000,-0.5000
2026-05-25T20:44:26.103462,40,0.0000,0.0000,0.0000,-0.5000
2026-05-25T20:44:26.203598,41,0.0000,0.0000,0.0000,-0.5000
2026-05-25T20:44:26.303742,42,0.0000,0.0000,0.0000,-0.5000
2026-05-25T20:44:26.552511,43,0.0000,0.0000,0.0000,-0.5000
2026-05-25T20:44:26.652623,44,0.0000,0.0000,0.0000,-0.5000
2026-05-25T20:44:26.752799,45,0.0000,0.0000,0.0000,-0.5000
2026-05-25T20:44:26.852913,46,0.0000,0.0000,0.0000,-0.5000
2026-05-25T20:44:26.953316,47,0.0000,0.0000,0.0000,-0.5000
2026-05-25T20:44:27.053494,48,0.0000,0.0000,0.0000,-0.5000
2026-05-25T20:44:27.153887,49,0.0000,0.0000,0.0000,-0.5000
2026-05-25T20:44:27.253791,50,0.0000,0.0000,0.0000,-0.5000
2026-05-25T20:44:27.354646,51,0.0000,0.0000,0.0000,-0.5000
2026-05-25T20:44:27.454709,52,0.0000,0.0000,0.0000,-0.5000
2026-05-25T20:44:27.554855,53,0.0000,0.0000,0.0000,-0.5000
2026-05-25T20:44:27.655002,54,0.0000,0.0000,0.0000,-0.5000
2026-05-25T20:44:27.842584,55,0.0000,0.0000,0.0000,-0.5000
2026-05-25T20:44:27.943144,56,0.0000,0.0000,0.0000,-0.5000
2026-05-25T20:44:28.043296,57,0.0000,0.0000,0.0000,-0.5000
2026-05-25T20:44:28.143363,58,0.0000,0.0000,0.0000,-0.5000
2026-05-25T20:44:28.243651,59,-0.2000,0.0000,0.0000,-0.5000
2026-05-25T20:44:28.343630,60,-0.2000,0.0000,0.0000,-0.5000
2026-05-25T20:44:28.443779,61,-0.2000,0.0000,0.0000,-0.5000
2026-05-25T20:44:28.544517,62,-0.2000,0.0000,0.0000,-0.5000
2026-05-25T20:44:28.645761,63,-0.2000,0.0000,0.0000,-0.5000
2026-05-25T20:44:28.746010,64,-0.2000,0.0000,0.0000,-0.5000
2026-05-25T20:44:28.845975,65,-0.2000,0.0000,0.0000,-0.5000
2026-05-25T20:44:28.946142,66,-0.2000,0.0000,0.0000,-0.5000
2026-05-25T20:44:29.162728,67,-0.2000,0.0000,0.0000,-0.5000
2026-05-25T20:44:29.262890,68,-0.2000,0.0000,0.0000,-0.5000
2026-05-25T20:44:29.363003,69,-0.2000,0.0000,0.0000,-0.5000
2026-05-25T20:44:29.463101,70,-0.2000,0.0000,0.0000,-0.5000
2026-05-25T20:44:29.564348,71,-0.2000,0.0000,0.0000,-0.5000
2026-05-25T20:44:29.664452,72,-0.2000,0.0000,0.0000,-0.5000
2026-05-25T20:44:29.764610,73,-0.2000,0.0000,0.0000,-0.5000
2026-05-25T20:44:29.864717,74,-0.2000,0.0000,0.0000,-0.5000
2026-05-25T20:44:29.964849,75,-0.2000,0.0000,0.0000,-0.5000
2026-05-25T20:44:30.065198,76,-0.2000,0.0000,0.0000,-0.5000
2026-05-25T20:44:30.165314,77,-0.2000,0.0000,0.0000,-0.5000
2026-05-25T20:44:30.314604,78,-0.2000,0.0000,0.0000,-0.5000
2026-05-25T20:44:30.414710,79,-0.2000,0.0000,0.0000,-0.5000
2026-05-25T20:44:30.515017,80,-0.2000,0.0000,0.0000,-0.5000
2026-05-25T20:44:30.616372,81,-0.2000,0.0000,0.0000,-0.5000
2026-05-25T20:44:30.715336,82,-0.2000,0.0000,0.0000,-0.5000
2026-05-25T20:44:30.815345,83,-0.2000,0.0000,0.0000,-0.5000
2026-05-25T20:44:30.915476,84,-0.2000,0.0000,0.0000,-0.5000
2026-05-25T20:44:31.253737,85,-0.2000,0.0000,0.0000,-0.5000
2026-05-25T20:44:31.352861,86,-0.2000,0.0000,0.0000,-0.5000
2026-05-25T20:44:31.453015,87,-0.2000,0.0000,0.0000,-0.5000
2026-05-25T20:44:31.555335,88,-0.2000,0.0000,0.0000,-0.5000
2026-05-25T20:44:31.653235,89,0.0000,0.0000,0.0000,0.5000
2026-05-25T20:44:31.753426,90,0.0000,0.0000,0.0000,0.5000
2026-05-25T20:44:31.853502,91,0.0000,0.0000,0.0000,0.5000
2026-05-25T20:44:31.953638,92,0.0000,0.0000,0.0000,0.5000
2026-05-25T20:44:32.053819,93,0.0000,0.0000,0.0000,0.5000
2026-05-25T20:44:32.154626,94,0.0000,0.0000,0.0000,0.5000
2026-05-25T20:44:32.255195,95,0.0000,0.0000,0.0000,0.5000
2026-05-25T20:44:32.354879,96,0.0000,0.0000,0.0000,0.5000
2026-05-25T20:44:32.455716,97,0.0000,0.0000,0.0000,0.5000
2026-05-25T20:44:32.724711,98,0.0000,0.0000,0.0000,0.5000
2026-05-25T20:44:32.824808,99,0.0000,0.0000,0.0000,0.5000
2026-05-25T20:44:32.930216,100,0.0000,0.0000,0.0000,0.5000
2026-05-25T20:44:33.029471,101,0.0000,0.0000,0.0000,0.5000
2026-05-25T20:44:33.129645,102,0.0000,0.0000,0.0000,0.5000
2026-05-25T20:44:33.229739,103,0.0000,0.0000,0.0000,0.5000
2026-05-25T20:44:33.329901,104,0.0000,0.0000,0.0000,0.5000
2026-05-25T20:44:33.430051,105,0.0000,0.0000,0.0000,0.5000
2026-05-25T20:44:33.530176,106,0.0000,0.0000,0.0000,0.5000
2026-05-25T20:44:33.630289,107,0.0000,0.0000,0.0000,0.5000
2026-05-25T20:44:33.730310,108,0.0000,0.0000,0.0000,0.5000
2026-05-25T20:44:33.942825,109,0.0000,0.0000,0.0000,0.5000
2026-05-25T20:44:34.042918,110,0.0000,0.0000,0.0000,0.5000
2026-05-25T20:44:34.143070,111,0.0000,0.0000,0.0000,0.5000
2026-05-25T20:44:34.243191,112,0.0000,0.0000,0.0000,0.5000
2026-05-25T20:44:34.343305,113,0.0000,0.0000,0.0000,0.5000
2026-05-25T20:44:34.444971,114,0.0000,0.0000,0.0000,0.5000
2026-05-25T20:44:34.545795,115,0.0000,0.0000,0.0000,0.5000
2026-05-25T20:44:34.645198,116,0.0000,0.0000,0.0000,0.5000
2026-05-25T20:44:34.745842,117,0.0000,0.0000,0.0000,0.5000
2026-05-25T20:44:34.846656,118,0.0000,0.0000,0.0000,0.5000
2026-05-25T20:44:34.946378,119,0.3000,0.0000,0.0000,0.0000
2026-05-25T20:44:35.046489,120,0.3000,0.0000,0.0000,0.0000
2026-05-25T20:44:35.146544,121,0.3000,0.0000,0.0000,0.0000
2026-05-25T20:44:35.412874,122,0.3000,0.0000,0.0000,0.0000
2026-05-25T20:44:35.512983,123,0.3000,0.0000,0.0000,0.0000
2026-05-25T20:44:35.613444,124,0.3000,0.0000,0.0000,0.0000
2026-05-25T20:44:35.713857,125,0.3000,0.0000,0.0000,0.0000
2026-05-25T20:44:35.814515,126,0.3000,0.0000,0.0000,0.0000
2026-05-25T20:44:35.914304,127,0.3000,0.0000,0.0000,0.0000
2026-05-25T20:44:36.014487,128,0.3000,0.0000,0.0000,0.0000
2026-05-25T20:44:36.114713,129,0.3000,0.0000,0.0000,0.0000
2026-05-25T20:44:36.214950,130,0.3000,0.0000,0.0000,0.0000
2026-05-25T20:44:36.315394,131,0.3000,0.0000,0.0000,0.0000
2026-05-25T20:44:36.415427,132,0.3000,0.0000,0.0000,0.0000
2026-05-25T20:44:36.516870,133,0.3000,0.0000,0.0000,0.0000
2026-05-25T20:44:36.616361,134,0.3000,0.0000,0.0000,0.0000
2026-05-25T20:44:36.883337,135,0.3000,0.0000,0.0000,0.0000
2026-05-25T20:44:36.983328,136,0.3000,0.0000,0.0000,0.0000
2026-05-25T20:44:37.083475,137,0.3000,0.0000,0.0000,0.0000
2026-05-25T20:44:37.185362,138,0.3000,0.0000,0.0000,0.0000
2026-05-25T20:44:37.285409,139,0.3000,0.0000,0.0000,0.0000
2026-05-25T20:44:37.385615,140,0.3000,0.0000,0.0000,0.0000
2026-05-25T20:44:37.485882,141,0.3000,0.0000,0.0000,0.0000
2026-05-25T20:44:37.585815,142,0.3000,0.0000,0.0000,0.0000
2026-05-25T20:44:37.685997,143,0.3000,0.0000,0.0000,0.0000
2026-05-25T20:44:37.788346,144,0.3000,0.0000,0.0000,0.0000
2026-05-25T20:44:37.888456,145,0.3000,0.0000,0.0000,0.0000
2026-05-25T20:44:37.988596,146,0.3000,0.0000,0.0000,0.0000
2026-05-25T20:44:38.088695,147,0.3000,0.0000,0.0000,0.0000
2026-05-25T20:44:38.212895,148,0.3000,0.0000,0.0000,0.0000
2026-05-25T20:44:38.333317,149,0.0000,0.0000,0.0000,-0.5000
2026-05-25T20:44:38.433543,150,0.0000,0.0000,0.0000,-0.5000
2026-05-25T20:44:38.533628,151,0.0000,0.0000,0.0000,-0.5000
2026-05-25T20:44:38.633616,152,0.0000,0.0000,0.0000,-0.5000
2026-05-25T20:44:38.733746,153,0.0000,0.0000,0.0000,-0.5000
2026-05-25T20:44:38.833783,154,0.0000,0.0000,0.0000,-0.5000
2026-05-25T20:44:38.933834,155,0.0000,0.0000,0.0000,-0.5000
2026-05-25T20:44:39.033995,156,0.0000,0.0000,0.0000,-0.5000
2026-05-25T20:44:39.134038,157,0.0000,0.0000,0.0000,-0.5000
2026-05-25T20:44:39.234132,158,0.0000,0.0000,0.0000,-0.5000
2026-05-25T20:44:39.334251,159,0.0000,0.0000,0.0000,-0.5000
2026-05-25T20:44:39.449945,160,0.0000,0.0000,0.0000,-0.5000
2026-05-25T20:44:39.553120,161,0.0000,0.0000,0.0000,-0.5000
2026-05-25T20:44:39.653081,162,0.0000,0.0000,0.0000,-0.5000
2026-05-25T20:44:39.753204,163,0.0000,0.0000,0.0000,-0.5000
2026-05-25T20:44:39.853323,164,0.0000,0.0000,0.0000,-0.5000
2026-05-25T20:44:39.953415,165,0.0000,0.0000,0.0000,-0.5000
2026-05-25T20:44:40.053518,166,0.0000,0.0000,0.0000,-0.5000
2026-05-25T20:44:40.153635,167,0.0000,0.0000,0.0000,-0.5000
2026-05-25T20:44:40.253793,168,0.0000,0.0000,0.0000,-0.5000
2026-05-25T20:44:40.354021,169,0.0000,0.0000,0.0000,-0.5000
2026-05-25T20:44:40.454172,170,0.0000,0.0000,0.0000,-0.5000
2026-05-25T20:44:40.554216,171,0.0000,0.0000,0.0000,-0.5000
2026-05-25T20:44:40.763127,172,0.0000,0.0000,0.0000,-0.5000
2026-05-25T20:44:40.863179,173,0.0000,0.0000,0.0000,-0.5000
2026-05-25T20:44:40.963313,174,0.0000,0.0000,0.0000,-0.5000
2026-05-25T20:44:41.063425,175,0.0000,0.0000,0.0000,-0.5000
2026-05-25T20:44:41.163534,176,0.0000,0.0000,0.0000,-0.5000
2026-05-25T20:44:41.263663,177,0.0000,0.0000,0.0000,-0.5000
2026-05-25T20:44:41.363815,178,0.0000,0.0000,0.0000,-0.5000
2026-05-25T20:44:41.463927,179,-0.2000,0.0000,0.0000,-0.5000
2026-05-25T20:44:41.564056,180,-0.2000,0.0000,0.0000,-0.5000
2026-05-25T20:44:41.773086,181,-0.2000,0.0000,0.0000,-0.5000
2026-05-25T20:44:41.873217,182,-0.2000,0.0000,0.0000,-0.5000
2026-05-25T20:44:41.973332,183,-0.2000,0.0000,0.0000,-0.5000
2026-05-25T20:44:42.073425,184,-0.2000,0.0000,0.0000,-0.5000
2026-05-25T20:44:42.173566,185,-0.2000,0.0000,0.0000,-0.5000
2026-05-25T20:44:42.273710,186,-0.2000,0.0000,0.0000,-0.5000
2026-05-25T20:44:42.373877,187,-0.2000,0.0000,0.0000,-0.5000
2026-05-25T20:44:42.474239,188,-0.2000,0.0000,0.0000,-0.5000
2026-05-25T20:44:42.574256,189,-0.2000,0.0000,0.0000,-0.5000
2026-05-25T20:44:42.783350,190,-0.2000,0.0000,0.0000,-0.5000
2026-05-25T20:44:42.885408,191,-0.2000,0.0000,0.0000,-0.5000
2026-05-25T20:44:42.985538,192,-0.2000,0.0000,0.0000,-0.5000
2026-05-25T20:44:43.085773,193,-0.2000,0.0000,0.0000,-0.5000
2026-05-25T20:44:43.185892,194,-0.2000,0.0000,0.0000,-0.5000
2026-05-25T20:44:43.285951,195,-0.2000,0.0000,0.0000,-0.5000
2026-05-25T20:44:43.653142,196,-0.2000,0.0000,0.0000,-0.5000
2026-05-25T20:44:43.653610,197,-0.2000,0.0000,0.0000,-0.5000
2026-05-25T20:44:43.753995,198,-0.2000,0.0000,0.0000,-0.5000
2026-05-25T20:44:43.945925,199,-0.2000,0.0000,0.0000,-0.5000
2026-05-25T20:44:44.044089,200,-0.2000,0.0000,0.0000,-0.5000
2026-05-25T20:44:44.143191,201,-0.2000,0.0000,0.0000,-0.5000
2026-05-25T20:44:44.244353,202,-0.2000,0.0000,0.0000,-0.5000
2026-05-25T20:44:44.344544,203,-0.2000,0.0000,0.0000,-0.5000
2026-05-25T20:44:44.444684,204,-0.2000,0.0000,0.0000,-0.5000
2026-05-25T20:44:44.544856,205,-0.2000,0.0000,0.0000,-0.5000
2026-05-25T20:44:44.645277,206,-0.2000,0.0000,0.0000,-0.5000
2026-05-25T20:44:44.745329,207,-0.2000,0.0000,0.0000,-0.5000
2026-05-25T20:44:44.846305,208,-0.2000,0.0000,0.0000,-0.5000
2026-05-25T20:44:44.945589,209,0.0000,0.0000,0.0000,0.5000
2026-05-25T20:44:45.223154,210,0.0000,0.0000,0.0000,0.5000
2026-05-25T20:44:45.323234,211,0.0000,0.0000,0.0000,0.5000
2026-05-25T20:44:45.426432,212,0.0000,0.0000,0.0000,0.5000
2026-05-25T20:44:45.526572,213,0.0000,0.0000,0.0000,0.5000
2026-05-25T20:44:45.626691,214,0.0000,0.0000,0.0000,0.5000
2026-05-25T20:44:45.726829,215,0.0000,0.0000,0.0000,0.5000
2026-05-25T20:44:45.826995,216,0.0000,0.0000,0.0000,0.5000
2026-05-25T20:44:45.927138,217,0.0000,0.0000,0.0000,0.5000
2026-05-25T20:44:46.027308,218,0.0000,0.0000,0.0000,0.5000
2026-05-25T20:44:46.233533,219,0.0000,0.0000,0.0000,0.5000
2026-05-25T20:44:46.333697,220,0.0000,0.0000,0.0000,0.5000
2026-05-25T20:44:46.433725,221,0.0000,0.0000,0.0000,0.5000
2026-05-25T20:44:46.533753,222,0.0000,0.0000,0.0000,0.5000
2026-05-25T20:44:46.633739,223,0.0000,0.0000,0.0000,0.5000
2026-05-25T20:44:46.733819,224,0.0000,0.0000,0.0000,0.5000
2026-05-25T20:44:46.834124,225,0.0000,0.0000,0.0000,0.5000
2026-05-25T20:44:46.934068,226,0.0000,0.0000,0.0000,0.5000
2026-05-25T20:44:47.034089,227,0.0000,0.0000,0.0000,0.5000
2026-05-25T20:44:47.134220,228,0.0000,0.0000,0.0000,0.5000
2026-05-25T20:44:47.234173,229,0.0000,0.0000,0.0000,0.5000
2026-05-25T20:44:47.513420,230,0.0000,0.0000,0.0000,0.5000
2026-05-25T20:44:47.613212,231,0.0000,0.0000,0.0000,0.5000
2026-05-25T20:44:47.713308,232,0.0000,0.0000,0.0000,0.5000
2026-05-25T20:44:47.813471,233,0.0000,0.0000,0.0000,0.5000
2026-05-25T20:44:47.913728,234,0.0000,0.0000,0.0000,0.5000
2026-05-25T20:44:48.013795,235,0.0000,0.0000,0.0000,0.5000
2026-05-25T20:44:48.114357,236,0.0000,0.0000,0.0000,0.5000
2026-05-25T20:44:48.214565,237,0.0000,0.0000,0.0000,0.5000
2026-05-25T20:44:48.314638,238,0.0000,0.0000,0.0000,0.5000
2026-05-25T20:44:48.414759,239,0.3000,0.0000,0.0000,0.0000
2026-05-25T20:44:48.515531,240,0.3000,0.0000,0.0000,0.0000
2026-05-25T20:44:48.615688,241,0.3000,0.0000,0.0000,0.0000
2026-05-25T20:44:48.875367,242,0.3000,0.0000,0.0000,0.0000
2026-05-25T20:44:48.975700,243,0.3000,0.0000,0.0000,0.0000
2026-05-25T20:44:49.076052,244,0.3000,0.0000,0.0000,0.0000
2026-05-25T20:44:49.175692,245,0.3000,0.0000,0.0000,0.0000
2026-05-25T20:44:49.275923,246,0.3000,0.0000,0.0000,0.0000
2026-05-25T20:44:49.375981,247,0.3000,0.0000,0.0000,0.0000
2026-05-25T20:44:49.476150,248,0.3000,0.0000,0.0000,0.0000
2026-05-25T20:44:49.576491,249,0.3000,0.0000,0.0000,0.0000
2026-05-25T20:44:49.676710,250,0.3000,0.0000,0.0000,0.0000
2026-05-25T20:44:49.780040,251,0.3000,0.0000,0.0000,0.0000
2026-05-25T20:44:49.883531,252,0.3000,0.0000,0.0000,0.0000
2026-05-25T20:44:49.983547,253,0.3000,0.0000,0.0000,0.0000
2026-05-25T20:44:50.084339,254,0.3000,0.0000,0.0000,0.0000
2026-05-25T20:44:50.184426,255,0.3000,0.0000,0.0000,0.0000
2026-05-25T20:44:50.284538,256,0.3000,0.0000,0.0000,0.0000
2026-05-25T20:44:50.384955,257,0.3000,0.0000,0.0000,0.0000
2026-05-25T20:44:50.485146,258,0.3000,0.0000,0.0000,0.0000
2026-05-25T20:44:50.585238,259,0.3000,0.0000,0.0000,0.0000
2026-05-25T20:44:50.685508,260,0.3000,0.0000,0.0000,0.0000
2026-05-25T20:44:50.785586,261,0.3000,0.0000,0.0000,0.0000
2026-05-25T20:44:50.885589,262,0.3000,0.0000,0.0000,0.0000
2026-05-25T20:44:51.103193,263,0.3000,0.0000,0.0000,0.0000
2026-05-25T20:44:51.203296,264,0.3000,0.0000,0.0000,0.0000
2026-05-25T20:44:51.303369,265,0.3000,0.0000,0.0000,0.0000
2026-05-25T20:44:51.404270,266,0.3000,0.0000,0.0000,0.0000
2026-05-25T20:44:51.504382,267,0.3000,0.0000,0.0000,0.0000
2026-05-25T20:44:51.604596,268,0.3000,0.0000,0.0000,0.0000
2026-05-25T20:44:51.704740,269,0.0000,0.0000,0.0000,-0.5000
2026-05-25T20:44:51.805345,270,0.0000,0.0000,0.0000,-0.5000
2026-05-25T20:44:51.905462,271,0.0000,0.0000,0.0000,-0.5000
2026-05-25T20:44:52.113217,272,0.0000,0.0000,0.0000,-0.5000
2026-05-25T20:44:52.213280,273,0.0000,0.0000,0.0000,-0.5000
2026-05-25T20:44:52.314656,274,0.0000,0.0000,0.0000,-0.5000
2026-05-25T20:44:52.414814,275,0.0000,0.0000,0.0000,-0.5000
2026-05-25T20:44:52.514962,276,0.0000,0.0000,0.0000,-0.5000
2026-05-25T20:44:52.616713,277,0.0000,0.0000,0.0000,-0.5000
2026-05-25T20:44:52.716830,278,0.0000,0.0000,0.0000,-0.5000
2026-05-25T20:44:52.816952,279,0.0000,0.0000,0.0000,-0.5000
2026-05-25T20:44:52.918523,280,0.0000,0.0000,0.0000,-0.5000
2026-05-25T20:44:53.020209,281,0.0000,0.0000,0.0000,-0.5000
2026-05-25T20:44:53.120352,282,0.0000,0.0000,0.0000,-0.5000
2026-05-25T20:44:53.220479,283,0.0000,0.0000,0.0000,-0.5000
2026-05-25T20:44:53.320633,284,0.0000,0.0000,0.0000,-0.5000
2026-05-25T20:44:53.544157,285,0.0000,0.0000,0.0000,-0.5000
2026-05-25T20:44:53.643546,286,0.0000,0.0000,0.0000,-0.5000
2026-05-25T20:44:53.744304,287,0.0000,0.0000,0.0000,-0.5000
2026-05-25T20:44:53.844398,288,0.0000,0.0000,0.0000,-0.5000
2026-05-25T20:44:53.944748,289,0.0000,0.0000,0.0000,-0.5000
2026-05-25T20:44:54.045478,290,0.0000,0.0000,0.0000,-0.5000
2026-05-25T20:44:54.145824,291,0.0000,0.0000,0.0000,-0.5000
2026-05-25T20:44:54.245850,292,0.0000,0.0000,0.0000,-0.5000
2026-05-25T20:44:54.347381,293,0.0000,0.0000,0.0000,-0.5000
2026-05-25T20:44:54.446050,294,0.0000,0.0000,0.0000,-0.5000
2026-05-25T20:44:54.546198,295,0.0000,0.0000,0.0000,-0.5000
2026-05-25T20:44:54.646342,296,0.0000,0.0000,0.0000,-0.5000
2026-05-25T20:44:54.746440,297,0.0000,0.0000,0.0000,-0.5000
2026-05-25T20:44:54.983362,298,0.0000,0.0000,0.0000,-0.5000
2026-05-25T20:44:55.086290,299,-0.2000,0.0000,0.0000,-0.5000
2026-05-25T20:44:55.186452,300,-0.2000,0.0000,0.0000,-0.5000
2026-05-25T20:44:55.287189,301,-0.2000,0.0000,0.0000,-0.5000
2026-05-25T20:44:55.386727,302,-0.2000,0.0000,0.0000,-0.5000
2026-05-25T20:44:55.486891,303,-0.2000,0.0000,0.0000,-0.5000
2026-05-25T20:44:55.586990,304,-0.2000,0.0000,0.0000,-0.5000
2026-05-25T20:44:55.687116,305,-0.2000,0.0000,0.0000,-0.5000
2026-05-25T20:44:55.787228,306,-0.2000,0.0000,0.0000,-0.5000
2026-05-25T20:44:55.887332,307,-0.2000,0.0000,0.0000,-0.5000
2026-05-25T20:44:55.987463,308,-0.2000,0.0000,0.0000,-0.5000
2026-05-25T20:44:56.193308,309,-0.2000,0.0000,0.0000,-0.5000
2026-05-25T20:44:56.293350,310,-0.2000,0.0000,0.0000,-0.5000
2026-05-25T20:44:56.393465,311,-0.2000,0.0000,0.0000,-0.5000
2026-05-25T20:44:56.493600,312,-0.2000,0.0000,0.0000,-0.5000
2026-05-25T20:44:56.593781,313,-0.2000,0.0000,0.0000,-0.5000
2026-05-25T20:44:56.693895,314,-0.2000,0.0000,0.0000,-0.5000
2026-05-25T20:44:56.793988,315,-0.2000,0.0000,0.0000,-0.5000
2026-05-25T20:44:56.894189,316,-0.2000,0.0000,0.0000,-0.5000
2026-05-25T20:44:56.994236,317,-0.2000,0.0000,0.0000,-0.5000
2026-05-25T20:44:57.094340,318,-0.2000,0.0000,0.0000,-0.5000
2026-05-25T20:44:57.194740,319,-0.2000,0.0000,0.0000,-0.5000
2026-05-25T20:44:57.413229,320,-0.2000,0.0000,0.0000,-0.5000
2026-05-25T20:44:57.513328,321,-0.2000,0.0000,0.0000,-0.5000
2026-05-25T20:44:57.613433,322,-0.2000,0.0000,0.0000,-0.5000
2026-05-25T20:44:57.713577,323,-0.2000,0.0000,0.0000,-0.5000
2026-05-25T20:44:57.813708,324,-0.2000,0.0000,0.0000,-0.5000
2026-05-25T20:44:57.914027,325,-0.2000,0.0000,0.0000,-0.5000
2026-05-25T20:44:58.013966,326,-0.2000,0.0000,0.0000,-0.5000
2026-05-25T20:44:58.114145,327,-0.2000,0.0000,0.0000,-0.5000
2026-05-25T20:44:58.214262,328,-0.2000,0.0000,0.0000,-0.5000
2026-05-25T20:44:58.353297,329,0.0000,0.0000,0.0000,0.5000
2026-05-25T20:44:58.455356,330,0.0000,0.0000,0.0000,0.5000
2026-05-25T20:44:58.555577,331,0.0000,0.0000,0.0000,0.5000
2026-05-25T20:44:58.655691,332,0.0000,0.0000,0.0000,0.5000
2026-05-25T20:44:58.755996,333,0.0000,0.0000,0.0000,0.5000
2026-05-25T20:44:58.856197,334,0.0000,0.0000,0.0000,0.5000
2026-05-25T20:44:58.956559,335,0.0000,0.0000,0.0000,0.5000
2026-05-25T20:44:59.153238,336,0.0000,0.0000,0.0000,0.5000
2026-05-25T20:44:59.254164,337,0.0000,0.0000,0.0000,0.5000
2026-05-25T20:44:59.354496,338,0.0000,0.0000,0.0000,0.5000
2026-05-25T20:44:59.454605,339,0.0000,0.0000,0.0000,0.5000
2026-05-25T20:44:59.554898,340,0.0000,0.0000,0.0000,0.5000
2026-05-25T20:44:59.655011,341,0.0000,0.0000,0.0000,0.5000
2026-05-25T20:44:59.755152,342,0.0000,0.0000,0.0000,0.5000
2026-05-25T20:44:59.858348,343,0.0000,0.0000,0.0000,0.5000
2026-05-25T20:44:59.958434,344,0.0000,0.0000,0.0000,0.5000
2026-05-25T20:45:00.243320,345,0.0000,0.0000,0.0000,0.5000
2026-05-25T20:45:00.343377,346,0.0000,0.0000,0.0000,0.5000
2026-05-25T20:45:00.443456,347,0.0000,0.0000,0.0000,0.5000
2026-05-25T20:45:00.544351,348,0.0000,0.0000,0.0000,0.5000
2026-05-25T20:45:00.643798,349,0.0000,0.0000,0.0000,0.5000
2026-05-25T20:45:00.743913,350,0.0000,0.0000,0.0000,0.5000
2026-05-25T20:45:00.844081,351,0.0000,0.0000,0.0000,0.5000
2026-05-25T20:45:00.944201,352,0.0000,0.0000,0.0000,0.5000
2026-05-25T20:45:01.044334,353,0.0000,0.0000,0.0000,0.5000
2026-05-25T20:45:01.144465,354,0.0000,0.0000,0.0000,0.5000
2026-05-25T20:45:01.244573,355,0.0000,0.0000,0.0000,0.5000
2026-05-25T20:45:01.463387,356,0.0000,0.0000,0.0000,0.5000
2026-05-25T20:45:01.563487,357,0.0000,0.0000,0.0000,0.5000
2026-05-25T20:45:01.665327,358,0.0000,0.0000,0.0000,0.5000
2026-05-25T20:45:01.765446,359,0.3000,0.0000,0.0000,0.0000
2026-05-25T20:45:01.865588,360,0.3000,0.0000,0.0000,0.0000
2026-05-25T20:45:01.965714,361,0.3000,0.0000,0.0000,0.0000
2026-05-25T20:45:02.065825,362,0.3000,0.0000,0.0000,0.0000
2026-05-25T20:45:02.165969,363,0.3000,0.0000,0.0000,0.0000
2026-05-25T20:45:02.266130,364,0.3000,0.0000,0.0000,0.0000
2026-05-25T20:45:02.366243,365,0.3000,0.0000,0.0000,0.0000
2026-05-25T20:45:02.466335,366,0.3000,0.0000,0.0000,0.0000
2026-05-25T20:45:02.673379,367,0.3000,0.0000,0.0000,0.0000
2026-05-25T20:45:02.773449,368,0.3000,0.0000,0.0000,0.0000
2026-05-25T20:45:02.873585,369,0.3000,0.0000,0.0000,0.0000
2026-05-25T20:45:02.973695,370,0.3000,0.0000,0.0000,0.0000
2026-05-25T20:45:03.074001,371,0.3000,0.0000,0.0000,0.0000
2026-05-25T20:45:03.174108,372,0.3000,0.0000,0.0000,0.0000
2026-05-25T20:45:03.274100,373,0.3000,0.0000,0.0000,0.0000
2026-05-25T20:45:03.374268,374,0.3000,0.0000,0.0000,0.0000
2026-05-25T20:45:03.474337,375,0.3000,0.0000,0.0000,0.0000
2026-05-25T20:45:03.803532,376,0.3000,0.0000,0.0000,0.0000
2026-05-25T20:45:03.903624,377,0.3000,0.0000,0.0000,0.0000
2026-05-25T20:45:04.004300,378,0.3000,0.0000,0.0000,0.0000
2026-05-25T20:45:04.104413,379,0.3000,0.0000,0.0000,0.0000
2026-05-25T20:45:04.204542,380,0.3000,0.0000,0.0000,0.0000
2026-05-25T20:45:04.304700,381,0.3000,0.0000,0.0000,0.0000
2026-05-25T20:45:04.405329,382,0.3000,0.0000,0.0000,0.0000
2026-05-25T20:45:04.506130,383,0.3000,0.0000,0.0000,0.0000
2026-05-25T20:45:04.605603,384,0.3000,0.0000,0.0000,0.0000
2026-05-25T20:45:04.705723,385,0.3000,0.0000,0.0000,0.0000
2026-05-25T20:45:04.805846,386,0.3000,0.0000,0.0000,0.0000
2026-05-25T20:45:05.013554,387,0.3000,0.0000,0.0000,0.0000
2026-05-25T20:45:05.113701,388,0.3000,0.0000,0.0000,0.0000
2026-05-25T20:45:05.214329,389,0.0000,0.0000,0.0000,-0.5000
2026-05-25T20:45:05.314218,390,0.0000,0.0000,0.0000,-0.5000
2026-05-25T20:45:05.415371,391,0.0000,0.0000,0.0000,-0.5000
2026-05-25T20:45:05.515415,392,0.0000,0.0000,0.0000,-0.5000
2026-05-25T20:45:05.615509,393,0.0000,0.0000,0.0000,-0.5000
2026-05-25T20:45:05.715650,394,0.0000,0.0000,0.0000,-0.5000
2026-05-25T20:45:05.815835,395,0.0000,0.0000,0.0000,-0.5000
2026-05-25T20:45:05.916020,396,0.0000,0.0000,0.0000,-0.5000
2026-05-25T20:45:06.016155,397,0.0000,0.0000,0.0000,-0.5000
2026-05-25T20:45:06.223477,398,0.0000,0.0000,0.0000,-0.5000
2026-05-25T20:45:06.324327,399,0.0000,0.0000,0.0000,-0.5000
2026-05-25T20:45:06.424318,400,0.0000,0.0000,0.0000,-0.5000
2026-05-25T20:45:06.524498,401,0.0000,0.0000,0.0000,-0.5000
2026-05-25T20:45:06.624621,402,0.0000,0.0000,0.0000,-0.5000
2026-05-25T20:45:06.724758,403,0.0000,0.0000,0.0000,-0.5000
2026-05-25T20:45:06.824890,404,0.0000,0.0000,0.0000,-0.5000
2026-05-25T20:45:06.928724,405,0.0000,0.0000,0.0000,-0.5000
2026-05-25T20:45:07.028191,406,0.0000,0.0000,0.0000,-0.5000
2026-05-25T20:45:07.243851,407,0.0000,0.0000,0.0000,-0.5000
2026-05-25T20:45:07.343703,408,0.0000,0.0000,0.0000,-0.5000
2026-05-25T20:45:07.443598,409,0.0000,0.0000,0.0000,-0.5000
2026-05-25T20:45:07.543760,410,0.0000,0.0000,0.0000,-0.5000
2026-05-25T20:45:07.644371,411,0.0000,0.0000,0.0000,-0.5000
2026-05-25T20:45:07.744084,412,0.0000,0.0000,0.0000,-0.5000
2026-05-25T20:45:07.847307,413,0.0000,0.0000,0.0000,-0.5000
2026-05-25T20:45:07.947441,414,0.0000,0.0000,0.0000,-0.5000
2026-05-25T20:45:08.047597,415,0.0000,0.0000,0.0000,-0.5000
2026-05-25T20:45:08.148494,416,0.0000,0.0000,0.0000,-0.5000
2026-05-25T20:45:08.248430,417,0.0000,0.0000,0.0000,-0.5000
2026-05-25T20:45:08.348570,418,0.0000,0.0000,0.0000,-0.5000
2026-05-25T20:45:08.448717,419,-0.2000,0.0000,0.0000,-0.5000
2026-05-25T20:45:08.653610,420,-0.2000,0.0000,0.0000,-0.5000
2026-05-25T20:45:08.754021,421,-0.2000,0.0000,0.0000,-0.5000
2026-05-25T20:45:08.853938,422,-0.2000,0.0000,0.0000,-0.5000
2026-05-25T20:45:08.954091,423,-0.2000,0.0000,0.0000,-0.5000
2026-05-25T20:45:09.054227,424,-0.2000,0.0000,0.0000,-0.5000
2026-05-25T20:45:09.154284,425,-0.2000,0.0000,0.0000,-0.5000
2026-05-25T20:45:09.254355,426,-0.2000,0.0000,0.0000,-0.5000
2026-05-25T20:45:09.354484,427,-0.2000,0.0000,0.0000,-0.5000
2026-05-25T20:45:09.454604,428,-0.2000,0.0000,0.0000,-0.5000
2026-05-25T20:45:09.554716,429,-0.2000,0.0000,0.0000,-0.5000
2026-05-25T20:45:09.655271,430,-0.2000,0.0000,0.0000,-0.5000
2026-05-25T20:45:09.903531,431,-0.2000,0.0000,0.0000,-0.5000
2026-05-25T20:45:10.003668,432,-0.2000,0.0000,0.0000,-0.5000
2026-05-25T20:45:10.105355,433,-0.2000,0.0000,0.0000,-0.5000
2026-05-25T20:45:10.205480,434,-0.2000,0.0000,0.0000,-0.5000
2026-05-25T20:45:10.305542,435,-0.2000,0.0000,0.0000,-0.5000
2026-05-25T20:45:10.405681,436,-0.2000,0.0000,0.0000,-0.5000
2026-05-25T20:45:10.505854,437,-0.2000,0.0000,0.0000,-0.5000
2026-05-25T20:45:10.605988,438,-0.2000,0.0000,0.0000,-0.5000
2026-05-25T20:45:10.706112,439,-0.2000,0.0000,0.0000,-0.5000
2026-05-25T20:45:10.923558,440,-0.2000,0.0000,0.0000,-0.5000
2026-05-25T20:45:11.023846,441,-0.2000,0.0000,0.0000,-0.5000
2026-05-25T20:45:11.123803,442,-0.2000,0.0000,0.0000,-0.5000
2026-05-25T20:45:11.224344,443,-0.2000,0.0000,0.0000,-0.5000
2026-05-25T20:45:11.324665,444,-0.2000,0.0000,0.0000,-0.5000
2026-05-25T20:45:11.424607,445,-0.2000,0.0000,0.0000,-0.5000
2026-05-25T20:45:11.524704,446,-0.2000,0.0000,0.0000,-0.5000
2026-05-25T20:45:11.624869,447,-0.2000,0.0000,0.0000,-0.5000
2026-05-25T20:45:11.724984,448,-0.2000,0.0000,0.0000,-0.5000
2026-05-25T20:45:11.825391,449,0.0000,0.0000,0.0000,0.5000
2026-05-25T20:45:11.927891,450,0.0000,0.0000,0.0000,0.5000
2026-05-25T20:45:12.028023,451,0.0000,0.0000,0.0000,0.5000
2026-05-25T20:45:12.128173,452,0.0000,0.0000,0.0000,0.5000
2026-05-25T20:45:12.343754,453,0.0000,0.0000,0.0000,0.5000
2026-05-25T20:45:12.443873,454,0.0000,0.0000,0.0000,0.5000
2026-05-25T20:45:12.543993,455,0.0000,0.0000,0.0000,0.5000
2026-05-25T20:45:12.643944,456,0.0000,0.0000,0.0000,0.5000
2026-05-25T20:45:12.744211,457,0.0000,0.0000,0.0000,0.5000
2026-05-25T20:45:12.844216,458,0.0000,0.0000,0.0000,0.5000
2026-05-25T20:45:12.944333,459,0.0000,0.0000,0.0000,0.5000
2026-05-25T20:45:13.044466,460,0.0000,0.0000,0.0000,0.5000
2026-05-25T20:45:13.144561,461,0.0000,0.0000,0.0000,0.5000
2026-05-25T20:45:13.244663,462,0.0000,0.0000,0.0000,0.5000
2026-05-25T20:45:13.345023,463,0.0000,0.0000,0.0000,0.5000
2026-05-25T20:45:13.533578,464,0.0000,0.0000,0.0000,0.5000
2026-05-25T20:45:13.633672,465,0.0000,0.0000,0.0000,0.5000
2026-05-25T20:45:13.733809,466,0.0000,0.0000,0.0000,0.5000
2026-05-25T20:45:13.833970,467,0.0000,0.0000,0.0000,0.5000
2026-05-25T20:45:13.934070,468,0.0000,0.0000,0.0000,0.5000
2026-05-25T20:45:14.034251,469,0.0000,0.0000,0.0000,0.5000
2026-05-25T20:45:14.134449,470,0.0000,0.0000,0.0000,0.5000
2026-05-25T20:45:14.234537,471,0.0000,0.0000,0.0000,0.5000
2026-05-25T20:45:14.334630,472,0.0000,0.0000,0.0000,0.5000
2026-05-25T20:45:14.644532,473,0.0000,0.0000,0.0000,0.5000
2026-05-25T20:45:14.744013,474,0.0000,0.0000,0.0000,0.5000
2026-05-25T20:45:14.845158,475,0.0000,0.0000,0.0000,0.5000
2026-05-25T20:45:14.944525,476,0.0000,0.0000,0.0000,0.5000
2026-05-25T20:45:15.044344,477,0.0000,0.0000,0.0000,0.5000
2026-05-25T20:45:15.145083,478,0.0000,0.0000,0.0000,0.5000
2026-05-25T20:45:15.244587,479,0.3000,0.0000,0.0000,0.0000
2026-05-25T20:45:15.344703,480,0.3000,0.0000,0.0000,0.0000
2026-05-25T20:45:15.444841,481,0.3000,0.0000,0.0000,0.0000
2026-05-25T20:45:15.545029,482,0.3000,0.0000,0.0000,0.0000
2026-05-25T20:45:15.645111,483,0.3000,0.0000,0.0000,0.0000
2026-05-25T20:45:15.745249,484,0.3000,0.0000,0.0000,0.0000
2026-05-25T20:45:15.845448,485,0.3000,0.0000,0.0000,0.0000
2026-05-25T20:45:16.065254,486,0.3000,0.0000,0.0000,0.0000
2026-05-25T20:45:16.165477,487,0.3000,0.0000,0.0000,0.0000
2026-05-25T20:45:16.267362,488,0.3000,0.0000,0.0000,0.0000
2026-05-25T20:45:16.367474,489,0.3000,0.0000,0.0000,0.0000
2026-05-25T20:45:16.467573,490,0.3000,0.0000,0.0000,0.0000
2026-05-25T20:45:16.567737,491,0.3000,0.0000,0.0000,0.0000
2026-05-25T20:45:16.667867,492,0.3000,0.0000,0.0000,0.0000
2026-05-25T20:45:16.767970,493,0.3000,0.0000,0.0000,0.0000
2026-05-25T20:45:16.868122,494,0.3000,0.0000,0.0000,0.0000
2026-05-25T20:45:16.968385,495,0.3000,0.0000,0.0000,0.0000
2026-05-25T20:45:17.068348,496,0.3000,0.0000,0.0000,0.0000
2026-05-25T20:45:17.168456,497,0.3000,0.0000,0.0000,0.0000
2026-05-25T20:45:17.268579,498,0.3000,0.0000,0.0000,0.0000
2026-05-25T20:45:17.484374,499,0.3000,0.0000,0.0000,0.0000
2026-05-25T20:45:17.584523,500,0.3000,0.0000,0.0000,0.0000
2026-05-25T20:45:17.684662,501,0.3000,0.0000,0.0000,0.0000
2026-05-25T20:45:17.784797,502,0.3000,0.0000,0.0000,0.0000
2026-05-25T20:45:17.884929,503,0.3000,0.0000,0.0000,0.0000
2026-05-25T20:45:17.985082,504,0.3000,0.0000,0.0000,0.0000
2026-05-25T20:45:18.085160,505,0.3000,0.0000,0.0000,0.0000
2026-05-25T20:45:18.185752,506,0.3000,0.0000,0.0000,0.0000
2026-05-25T20:45:18.286369,507,0.3000,0.0000,0.0000,0.0000
2026-05-25T20:45:18.493913,508,0.3000,0.0000,0.0000,0.0000
2026-05-25T20:45:18.594157,509,0.0000,0.0000,0.0000,-0.5000
2026-05-25T20:45:18.695324,510,0.0000,0.0000,0.0000,-0.5000
2026-05-25T20:45:18.795438,511,0.0000,0.0000,0.0000,-0.5000
2026-05-25T20:45:18.895559,512,0.0000,0.0000,0.0000,-0.5000
2026-05-25T20:45:18.996141,513,0.0000,0.0000,0.0000,-0.5000
2026-05-25T20:45:19.095841,514,0.0000,0.0000,0.0000,-0.5000
2026-05-25T20:45:19.196383,515,0.0000,0.0000,0.0000,-0.5000
2026-05-25T20:45:19.296516,516,0.0000,0.0000,0.0000,-0.5000
2026-05-25T20:45:19.396648,517,0.0000,0.0000,0.0000,-0.5000
2026-05-25T20:45:19.496813,518,0.0000,0.0000,0.0000,-0.5000
2026-05-25T20:45:19.713781,519,0.0000,0.0000,0.0000,-0.5000
2026-05-25T20:45:19.813875,520,0.0000,0.0000,0.0000,-0.5000
2026-05-25T20:45:19.914023,521,0.0000,0.0000,0.0000,-0.5000
2026-05-25T20:45:20.014152,522,0.0000,0.0000,0.0000,-0.5000
2026-05-25T20:45:20.114295,523,0.0000,0.0000,0.0000,-0.5000
2026-05-25T20:45:20.214385,524,0.0000,0.0000,0.0000,-0.5000
2026-05-25T20:45:20.314637,525,0.0000,0.0000,0.0000,-0.5000
2026-05-25T20:45:20.414807,526,0.0000,0.0000,0.0000,-0.5000
2026-05-25T20:45:20.514910,527,0.0000,0.0000,0.0000,-0.5000
2026-05-25T20:45:20.637481,528,0.0000,0.0000,0.0000,-0.5000
2026-05-25T20:45:20.737535,529,0.0000,0.0000,0.0000,-0.5000
2026-05-25T20:45:20.837650,530,0.0000,0.0000,0.0000,-0.5000
2026-05-25T20:45:20.937828,531,0.0000,0.0000,0.0000,-0.5000
2026-05-25T20:45:21.038087,532,0.0000,0.0000,0.0000,-0.5000
2026-05-25T20:45:21.138074,533,0.0000,0.0000,0.0000,-0.5000
2026-05-25T20:45:21.413891,534,0.0000,0.0000,0.0000,-0.5000
2026-05-25T20:45:21.513908,535,0.0000,0.0000,0.0000,-0.5000
2026-05-25T20:45:21.614461,536,0.0000,0.0000,0.0000,-0.5000
2026-05-25T20:45:21.715168,537,0.0000,0.0000,0.0000,-0.5000
2026-05-25T20:45:21.814700,538,0.0000,0.0000,0.0000,-0.5000
2026-05-25T20:45:21.914816,539,-0.2000,0.0000,0.0000,-0.5000
2026-05-25T20:45:22.014988,540,-0.2000,0.0000,0.0000,-0.5000
2026-05-25T20:45:22.115086,541,-0.2000,0.0000,0.0000,-0.5000
2026-05-25T20:45:22.215372,542,-0.2000,0.0000,0.0000,-0.5000
2026-05-25T20:45:22.316172,543,-0.2000,0.0000,0.0000,-0.5000
2026-05-25T20:45:22.415409,544,-0.2000,0.0000,0.0000,-0.5000
2026-05-25T20:45:22.633961,545,-0.2000,0.0000,0.0000,-0.5000
2026-05-25T20:45:22.736251,546,-0.2000,0.0000,0.0000,-0.5000
2026-05-25T20:45:22.834183,547,-0.2000,0.0000,0.0000,-0.5000
2026-05-25T20:45:22.934334,548,-0.2000,0.0000,0.0000,-0.5000
2026-05-25T20:45:23.035195,549,-0.2000,0.0000,0.0000,-0.5000
2026-05-25T20:45:23.134486,550,-0.2000,0.0000,0.0000,-0.5000
2026-05-25T20:45:23.234786,551,-0.2000,0.0000,0.0000,-0.5000
2026-05-25T20:45:23.334729,552,-0.2000,0.0000,0.0000,-0.5000
2026-05-25T20:45:23.434874,553,-0.2000,0.0000,0.0000,-0.5000
2026-05-25T20:45:23.654890,554,-0.2000,0.0000,0.0000,-0.5000
2026-05-25T20:45:23.754369,555,-0.2000,0.0000,0.0000,-0.5000
2026-05-25T20:45:23.856311,556,-0.2000,0.0000,0.0000,-0.5000
2026-05-25T20:45:23.956368,557,-0.2000,0.0000,0.0000,-0.5000
2026-05-25T20:45:24.056498,558,-0.2000,0.0000,0.0000,-0.5000
2026-05-25T20:45:24.156908,559,-0.2000,0.0000,0.0000,-0.5000
2026-05-25T20:45:24.256987,560,-0.2000,0.0000,0.0000,-0.5000
2026-05-25T20:45:24.356960,561,-0.2000,0.0000,0.0000,-0.5000
2026-05-25T20:45:24.457657,562,-0.2000,0.0000,0.0000,-0.5000
2026-05-25T20:45:24.663956,563,-0.2000,0.0000,0.0000,-0.5000
2026-05-25T20:45:24.764057,564,-0.2000,0.0000,0.0000,-0.5000
2026-05-25T20:45:24.864199,565,-0.2000,0.0000,0.0000,-0.5000
2026-05-25T20:45:24.964291,566,-0.2000,0.0000,0.0000,-0.5000
2026-05-25T20:45:25.064314,567,-0.2000,0.0000,0.0000,-0.5000
2026-05-25T20:45:25.165140,568,-0.2000,0.0000,0.0000,-0.5000
2026-05-25T20:45:25.265192,569,0.0000,0.0000,0.0000,0.5000
2026-05-25T20:45:25.365350,570,0.0000,0.0000,0.0000,0.5000
2026-05-25T20:45:25.465526,571,0.0000,0.0000,0.0000,0.5000
2026-05-25T20:45:25.565629,572,0.0000,0.0000,0.0000,0.5000
2026-05-25T20:45:25.665752,573,0.0000,0.0000,0.0000,0.5000
2026-05-25T20:45:25.884358,574,0.0000,0.0000,0.0000,0.5000
2026-05-25T20:45:25.984168,575,0.0000,0.0000,0.0000,0.5000
2026-05-25T20:45:26.084322,576,0.0000,0.0000,0.0000,0.5000
2026-05-25T20:45:26.184456,577,0.0000,0.0000,0.0000,0.5000
2026-05-25T20:45:26.285410,578,0.0000,0.0000,0.0000,0.5000
2026-05-25T20:45:26.385547,579,0.0000,0.0000,0.0000,0.5000
2026-05-25T20:45:26.485684,580,0.0000,0.0000,0.0000,0.5000
2026-05-25T20:45:26.585973,581,0.0000,0.0000,0.0000,0.5000
2026-05-25T20:45:26.685983,582,0.0000,0.0000,0.0000,0.5000
2026-05-25T20:45:26.786050,583,0.0000,0.0000,0.0000,0.5000
2026-05-25T20:45:26.886178,584,0.0000,0.0000,0.0000,0.5000
2026-05-25T20:45:27.104087,585,0.0000,0.0000,0.0000,0.5000
2026-05-25T20:45:27.204223,586,0.0000,0.0000,0.0000,0.5000
2026-05-25T20:45:27.304328,587,0.0000,0.0000,0.0000,0.5000
2026-05-25T20:45:27.404393,588,0.0000,0.0000,0.0000,0.5000
2026-05-25T20:45:27.504515,589,0.0000,0.0000,0.0000,0.5000
2026-05-25T20:45:27.604624,590,0.0000,0.0000,0.0000,0.5000
2026-05-25T20:45:27.704800,591,0.0000,0.0000,0.0000,0.5000
2026-05-25T20:45:27.804905,592,0.0000,0.0000,0.0000,0.5000
2026-05-25T20:45:27.905034,593,0.0000,0.0000,0.0000,0.5000
2026-05-25T20:45:28.124473,594,0.0000,0.0000,0.0000,0.5000
2026-05-25T20:45:28.224565,595,0.0000,0.0000,0.0000,0.5000
2026-05-25T20:45:28.324716,596,0.0000,0.0000,0.0000,0.5000
2026-05-25T20:45:28.425020,597,0.0000,0.0000,0.0000,0.5000
2026-05-25T20:45:28.525184,598,0.0000,0.0000,0.0000,0.5000
2026-05-25T20:45:28.625314,599,0.3000,0.0000,0.0000,0.0000
2026-05-25T20:45:28.725310,600,0.3000,0.0000,0.0000,0.0000
2026-05-25T20:45:28.825459,601,0.3000,0.0000,0.0000,0.0000
2026-05-25T20:45:28.925615,602,0.3000,0.0000,0.0000,0.0000
2026-05-25T20:45:29.025877,603,0.3000,0.0000,0.0000,0.0000
2026-05-25T20:45:29.126113,604,0.3000,0.0000,0.0000,0.0000
2026-05-25T20:45:29.345635,605,0.3000,0.0000,0.0000,0.0000
2026-05-25T20:45:29.445661,606,0.3000,0.0000,0.0000,0.0000
2026-05-25T20:45:29.545831,607,0.3000,0.0000,0.0000,0.0000
2026-05-25T20:45:29.645955,608,0.3000,0.0000,0.0000,0.0000
2026-05-25T20:45:29.746208,609,0.3000,0.0000,0.0000,0.0000
2026-05-25T20:45:29.846223,610,0.3000,0.0000,0.0000,0.0000
2026-05-25T20:45:29.946362,611,0.3000,0.0000,0.0000,0.0000
2026-05-25T20:45:30.046484,612,0.3000,0.0000,0.0000,0.0000
2026-05-25T20:45:30.146605,613,0.3000,0.0000,0.0000,0.0000
2026-05-25T20:45:30.246708,614,0.3000,0.0000,0.0000,0.0000
2026-05-25T20:45:30.346829,615,0.3000,0.0000,0.0000,0.0000
2026-05-25T20:45:30.553987,616,0.3000,0.0000,0.0000,0.0000
2026-05-25T20:45:30.654591,617,0.3000,0.0000,0.0000,0.0000
2026-05-25T20:45:30.754724,618,0.3000,0.0000,0.0000,0.0000
2026-05-25T20:45:30.854864,619,0.3000,0.0000,0.0000,0.0000
2026-05-25T20:45:30.955033,620,0.3000,0.0000,0.0000,0.0000
2026-05-25T20:45:31.055167,621,0.3000,0.0000,0.0000,0.0000
2026-05-25T20:45:31.155296,622,0.3000,0.0000,0.0000,0.0000
2026-05-25T20:45:31.255399,623,0.3000,0.0000,0.0000,0.0000
2026-05-25T20:45:31.355493,624,0.3000,0.0000,0.0000,0.0000
2026-05-25T20:45:31.455622,625,0.3000,0.0000,0.0000,0.0000
2026-05-25T20:45:31.555777,626,0.3000,0.0000,0.0000,0.0000
2026-05-25T20:45:31.774165,627,0.3000,0.0000,0.0000,0.0000
2026-05-25T20:45:31.874248,628,0.3000,0.0000,0.0000,0.0000
2026-05-25T20:45:31.974340,629,0.0000,0.0000,0.0000,-0.5000
2026-05-25T20:45:32.075855,630,0.0000,0.0000,0.0000,-0.5000
2026-05-25T20:45:32.174590,631,0.0000,0.0000,0.0000,-0.5000
2026-05-25T20:45:32.274781,632,0.0000,0.0000,0.0000,-0.5000
2026-05-25T20:45:32.375184,633,0.0000,0.0000,0.0000,-0.5000
2026-05-25T20:45:32.475592,634,0.0000,0.0000,0.0000,-0.5000
2026-05-25T20:45:32.575625,635,0.0000,0.0000,0.0000,-0.5000
2026-05-25T20:45:32.678327,636,0.0000,0.0000,0.0000,-0.5000
2026-05-25T20:45:32.778755,637,0.0000,0.0000,0.0000,-0.5000
2026-05-25T20:45:32.984520,638,0.0000,0.0000,0.0000,-0.5000
2026-05-25T20:45:33.084201,639,0.0000,0.0000,0.0000,-0.5000
2026-05-25T20:45:33.184441,640,0.0000,0.0000,0.0000,-0.5000
2026-05-25T20:45:33.284602,641,0.0000,0.0000,0.0000,-0.5000
2026-05-25T20:45:33.385358,642,0.0000,0.0000,0.0000,-0.5000
2026-05-25T20:45:33.485496,643,0.0000,0.0000,0.0000,-0.5000
2026-05-25T20:45:33.585650,644,0.0000,0.0000,0.0000,-0.5000
2026-05-25T20:45:33.685700,645,0.0000,0.0000,0.0000,-0.5000
2026-05-25T20:45:33.785880,646,0.0000,0.0000,0.0000,-0.5000
2026-05-25T20:45:33.899000,647,0.0000,0.0000,0.0000,-0.5000
2026-05-25T20:45:33.999395,648,0.0000,0.0000,0.0000,-0.5000
2026-05-25T20:45:34.099644,649,0.0000,0.0000,0.0000,-0.5000
2026-05-25T20:45:34.200046,650,0.0000,0.0000,0.0000,-0.5000
2026-05-25T20:45:34.300129,651,0.0000,0.0000,0.0000,-0.5000
2026-05-25T20:45:34.400019,652,0.0000,0.0000,0.0000,-0.5000
2026-05-25T20:45:34.500502,653,0.0000,0.0000,0.0000,-0.5000
2026-05-25T20:45:34.602321,654,0.0000,0.0000,0.0000,-0.5000
2026-05-25T20:45:34.702459,655,0.0000,0.0000,0.0000,-0.5000
2026-05-25T20:45:34.802609,656,0.0000,0.0000,0.0000,-0.5000
2026-05-25T20:45:34.902725,657,0.0000,0.0000,0.0000,-0.5000
2026-05-25T20:45:35.002843,658,0.0000,0.0000,0.0000,-0.5000
2026-05-25T20:45:35.205399,659,-0.2000,0.0000,0.0000,-0.5000
2026-05-25T20:45:35.306127,660,-0.2000,0.0000,0.0000,-0.5000
2026-05-25T20:45:35.407370,661,-0.2000,0.0000,0.0000,-0.5000
2026-05-25T20:45:35.507505,662,-0.2000,0.0000,0.0000,-0.5000
2026-05-25T20:45:35.607665,663,-0.2000,0.0000,0.0000,-0.5000
2026-05-25T20:45:35.707750,664,-0.2000,0.0000,0.0000,-0.5000
2026-05-25T20:45:35.807900,665,-0.2000,0.0000,0.0000,-0.5000
2026-05-25T20:45:35.907990,666,-0.2000,0.0000,0.0000,-0.5000
2026-05-25T20:45:36.008143,667,-0.2000,0.0000,0.0000,-0.5000
2026-05-25T20:45:36.108278,668,-0.2000,0.0000,0.0000,-0.5000
2026-05-25T20:45:36.208338,669,-0.2000,0.0000,0.0000,-0.5000
2026-05-25T20:45:36.444177,670,-0.2000,0.0000,0.0000,-0.5000
2026-05-25T20:45:36.544325,671,-0.2000,0.0000,0.0000,-0.5000
2026-05-25T20:45:36.644380,672,-0.2000,0.0000,0.0000,-0.5000
2026-05-25T20:45:36.744482,673,-0.2000,0.0000,0.0000,-0.5000
2026-05-25T20:45:36.844680,674,-0.2000,0.0000,0.0000,-0.5000
2026-05-25T20:45:36.944783,675,-0.2000,0.0000,0.0000,-0.5000
2026-05-25T20:45:37.044914,676,-0.2000,0.0000,0.0000,-0.5000
2026-05-25T20:45:37.145090,677,-0.2000,0.0000,0.0000,-0.5000
2026-05-25T20:45:37.246141,678,-0.2000,0.0000,0.0000,-0.5000
2026-05-25T20:45:37.454274,679,-0.2000,0.0000,0.0000,-0.5000
2026-05-25T20:45:37.554359,680,-0.2000,0.0000,0.0000,-0.5000
2026-05-25T20:45:37.656823,681,-0.2000,0.0000,0.0000,-0.5000
2026-05-25T20:45:37.756906,682,-0.2000,0.0000,0.0000,-0.5000
2026-05-25T20:45:37.857092,683,-0.2000,0.0000,0.0000,-0.5000
2026-05-25T20:45:37.957491,684,-0.2000,0.0000,0.0000,-0.5000
2026-05-25T20:45:38.057688,685,-0.2000,0.0000,0.0000,-0.5000
2026-05-25T20:45:38.157772,686,-0.2000,0.0000,0.0000,-0.5000
2026-05-25T20:45:38.257890,687,-0.2000,0.0000,0.0000,-0.5000
2026-05-25T20:45:38.475544,688,-0.2000,0.0000,0.0000,-0.5000
2026-05-25T20:45:38.575551,689,0.0000,0.0000,0.0000,0.5000
2026-05-25T20:45:38.675684,690,0.0000,0.0000,0.0000,0.5000
2026-05-25T20:45:38.775861,691,0.0000,0.0000,0.0000,0.5000
2026-05-25T20:45:38.875921,692,0.0000,0.0000,0.0000,0.5000
2026-05-25T20:45:38.976034,693,0.0000,0.0000,0.0000,0.5000
2026-05-25T20:45:39.076488,694,0.0000,0.0000,0.0000,0.5000
2026-05-25T20:45:39.176311,695,0.0000,0.0000,0.0000,0.5000
2026-05-25T20:45:39.276375,696,0.0000,0.0000,0.0000,0.5000
2026-05-25T20:45:39.376474,697,0.0000,0.0000,0.0000,0.5000
2026-05-25T20:45:39.476847,698,0.0000,0.0000,0.0000,0.5000
2026-05-25T20:45:39.694290,699,0.0000,0.0000,0.0000,0.5000
2026-05-25T20:45:39.794370,700,0.0000,0.0000,0.0000,0.5000
2026-05-25T20:45:39.894558,701,0.0000,0.0000,0.0000,0.5000
2026-05-25T20:45:39.994728,702,0.0000,0.0000,0.0000,0.5000
2026-05-25T20:45:40.094927,703,0.0000,0.0000,0.0000,0.5000
2026-05-25T20:45:40.195132,704,0.0000,0.0000,0.0000,0.5000
2026-05-25T20:45:40.295882,705,0.0000,0.0000,0.0000,0.5000
2026-05-25T20:45:40.395368,706,0.0000,0.0000,0.0000,0.5000
2026-05-25T20:45:40.495594,707,0.0000,0.0000,0.0000,0.5000
2026-05-25T20:45:40.704334,708,0.0000,0.0000,0.0000,0.5000
2026-05-25T20:45:40.804399,709,0.0000,0.0000,0.0000,0.5000
2026-05-25T20:45:40.907440,710,0.0000,0.0000,0.0000,0.5000
2026-05-25T20:45:41.007390,711,0.0000,0.0000,0.0000,0.5000
2026-05-25T20:45:41.107462,712,0.0000,0.0000,0.0000,0.5000
2026-05-25T20:45:41.207598,713,0.0000,0.0000,0.0000,0.5000
2026-05-25T20:45:41.307786,714,0.0000,0.0000,0.0000,0.5000
2026-05-25T20:45:41.407898,715,0.0000,0.0000,0.0000,0.5000
2026-05-25T20:45:41.508038,716,0.0000,0.0000,0.0000,0.5000
2026-05-25T20:45:41.714373,717,0.0000,0.0000,0.0000,0.5000
2026-05-25T20:45:41.814413,718,0.0000,0.0000,0.0000,0.5000
2026-05-25T20:45:41.914565,719,0.3000,0.0000,0.0000,0.0000
2026-05-25T20:45:42.014817,720,0.3000,0.0000,0.0000,0.0000
2026-05-25T20:45:42.114899,721,0.3000,0.0000,0.0000,0.0000
2026-05-25T20:45:42.215090,722,0.3000,0.0000,0.0000,0.0000
2026-05-25T20:45:42.315227,723,0.3000,0.0000,0.0000,0.0000
2026-05-25T20:45:42.415434,724,0.3000,0.0000,0.0000,0.0000
2026-05-25T20:45:42.515542,725,0.3000,0.0000,0.0000,0.0000
2026-05-25T20:45:42.665160,726,0.3000,0.0000,0.0000,0.0000
2026-05-25T20:45:42.765244,727,0.3000,0.0000,0.0000,0.0000
2026-05-25T20:45:42.865310,728,0.3000,0.0000,0.0000,0.0000
2026-05-25T20:45:42.965467,729,0.3000,0.0000,0.0000,0.0000
2026-05-25T20:45:43.065621,730,0.3000,0.0000,0.0000,0.0000
2026-05-25T20:45:43.165750,731,0.3000,0.0000,0.0000,0.0000
2026-05-25T20:45:43.266350,732,0.3000,0.0000,0.0000,0.0000
2026-05-25T20:45:43.534421,733,0.3000,0.0000,0.0000,0.0000
2026-05-25T20:45:43.634505,734,0.3000,0.0000,0.0000,0.0000
2026-05-25T20:45:43.734836,735,0.3000,0.0000,0.0000,0.0000
2026-05-25T20:45:43.834864,736,0.3000,0.0000,0.0000,0.0000
2026-05-25T20:45:43.935017,737,0.3000,0.0000,0.0000,0.0000
2026-05-25T20:45:44.035125,738,0.3000,0.0000,0.0000,0.0000
2026-05-25T20:45:44.135312,739,0.3000,0.0000,0.0000,0.0000
2026-05-25T20:45:44.235396,740,0.3000,0.0000,0.0000,0.0000
2026-05-25T20:45:44.335542,741,0.3000,0.0000,0.0000,0.0000
2026-05-25T20:45:44.554380,742,0.3000,0.0000,0.0000,0.0000
2026-05-25T20:45:44.654472,743,0.3000,0.0000,0.0000,0.0000
2026-05-25T20:45:44.754669,744,0.3000,0.0000,0.0000,0.0000
2026-05-25T20:45:44.854797,745,0.3000,0.0000,0.0000,0.0000
2026-05-25T20:45:44.954903,746,0.3000,0.0000,0.0000,0.0000
2026-05-25T20:45:45.055080,747,0.3000,0.0000,0.0000,0.0000
2026-05-25T20:45:45.155284,748,0.3000,0.0000,0.0000,0.0000
2026-05-25T20:45:45.255345,749,0.0000,0.0000,0.0000,-0.5000
2026-05-25T20:45:45.355651,750,0.0000,0.0000,0.0000,-0.5000
2026-05-25T20:45:45.564476,751,0.0000,0.0000,0.0000,-0.5000
2026-05-25T20:45:45.667957,752,0.0000,0.0000,0.0000,-0.5000
2026-05-25T20:45:45.768055,753,0.0000,0.0000,0.0000,-0.5000
2026-05-25T20:45:45.868247,754,0.0000,0.0000,0.0000,-0.5000
2026-05-25T20:45:45.968256,755,0.0000,0.0000,0.0000,-0.5000
2026-05-25T20:45:46.068454,756,0.0000,0.0000,0.0000,-0.5000
2026-05-25T20:45:46.168519,757,0.0000,0.0000,0.0000,-0.5000
2026-05-25T20:45:46.268735,758,0.0000,0.0000,0.0000,-0.5000
2026-05-25T20:45:46.368869,759,0.0000,0.0000,0.0000,-0.5000
2026-05-25T20:45:46.574619,760,0.0000,0.0000,0.0000,-0.5000
2026-05-25T20:45:46.674618,761,0.0000,0.0000,0.0000,-0.5000
2026-05-25T20:45:46.774779,762,0.0000,0.0000,0.0000,-0.5000
2026-05-25T20:45:46.875000,763,0.0000,0.0000,0.0000,-0.5000
2026-05-25T20:45:46.975076,764,0.0000,0.0000,0.0000,-0.5000
2026-05-25T20:45:47.075206,765,0.0000,0.0000,0.0000,-0.5000
2026-05-25T20:45:47.175358,766,0.0000,0.0000,0.0000,-0.5000
2026-05-25T20:45:47.277255,767,0.0000,0.0000,0.0000,-0.5000
2026-05-25T20:45:47.377788,768,0.0000,0.0000,0.0000,-0.5000
2026-05-25T20:45:47.477933,769,0.0000,0.0000,0.0000,-0.5000
2026-05-25T20:45:47.578020,770,0.0000,0.0000,0.0000,-0.5000
2026-05-25T20:45:47.794527,771,0.0000,0.0000,0.0000,-0.5000
2026-05-25T20:45:47.894557,772,0.0000,0.0000,0.0000,-0.5000
2026-05-25T20:45:47.994804,773,0.0000,0.0000,0.0000,-0.5000
2026-05-25T20:45:48.094926,774,0.0000,0.0000,0.0000,-0.5000
2026-05-25T20:45:48.195091,775,0.0000,0.0000,0.0000,-0.5000
2026-05-25T20:45:48.295219,776,0.0000,0.0000,0.0000,-0.5000
2026-05-25T20:45:48.396119,777,0.0000,0.0000,0.0000,-0.5000
2026-05-25T20:45:48.496277,778,0.0000,0.0000,0.0000,-0.5000
2026-05-25T20:45:48.596393,779,-0.2000,0.0000,0.0000,-0.5000
2026-05-25T20:45:48.696478,780,-0.2000,0.0000,0.0000,-0.5000
2026-05-25T20:45:48.796602,781,-0.2000,0.0000,0.0000,-0.5000
2026-05-25T20:45:48.901124,782,-0.2000,0.0000,0.0000,-0.5000
2026-05-25T20:45:49.045208,783,-0.2000,0.0000,0.0000,-0.5000
2026-05-25T20:45:49.145245,784,-0.2000,0.0000,0.0000,-0.5000
2026-05-25T20:45:49.246294,785,-0.2000,0.0000,0.0000,-0.5000
2026-05-25T20:45:49.346448,786,-0.2000,0.0000,0.0000,-0.5000
2026-05-25T20:45:49.448342,787,-0.2000,0.0000,0.0000,-0.5000
2026-05-25T20:45:49.548459,788,-0.2000,0.0000,0.0000,-0.5000
2026-05-25T20:45:49.648591,789,-0.2000,0.0000,0.0000,-0.5000
2026-05-25T20:45:49.748671,790,-0.2000,0.0000,0.0000,-0.5000
2026-05-25T20:45:49.848728,791,-0.2000,0.0000,0.0000,-0.5000
2026-05-25T20:45:49.948956,792,-0.2000,0.0000,0.0000,-0.5000
2026-05-25T20:45:50.049184,793,-0.2000,0.0000,0.0000,-0.5000
2026-05-25T20:45:50.274685,794,-0.2000,0.0000,0.0000,-0.5000
2026-05-25T20:45:50.374707,795,-0.2000,0.0000,0.0000,-0.5000
2026-05-25T20:45:50.474835,796,-0.2000,0.0000,0.0000,-0.5000
2026-05-25T20:45:50.574999,797,-0.2000,0.0000,0.0000,-0.5000
2026-05-25T20:45:50.675068,798,-0.2000,0.0000,0.0000,-0.5000
2026-05-25T20:45:50.775480,799,-0.2000,0.0000,0.0000,-0.5000
2026-05-25T20:45:50.875515,800,-0.2000,0.0000,0.0000,-0.5000
2026-05-25T20:45:50.975647,801,-0.2000,0.0000,0.0000,-0.5000
2026-05-25T20:45:51.076894,802,-0.2000,0.0000,0.0000,-0.5000
2026-05-25T20:45:51.175918,803,-0.2000,0.0000,0.0000,-0.5000
2026-05-25T20:45:51.276074,804,-0.2000,0.0000,0.0000,-0.5000
2026-05-25T20:45:51.524660,805,-0.2000,0.0000,0.0000,-0.5000
2026-05-25T20:45:51.624876,806,-0.2000,0.0000,0.0000,-0.5000
2026-05-25T20:45:51.724893,807,-0.2000,0.0000,0.0000,-0.5000
2026-05-25T20:45:51.829293,808,-0.2000,0.0000,0.0000,-0.5000
2026-05-25T20:45:51.929489,809,0.0000,0.0000,0.0000,0.5000
2026-05-25T20:45:52.030930,810,0.0000,0.0000,0.0000,0.5000
2026-05-25T20:45:52.130982,811,0.0000,0.0000,0.0000,0.5000
2026-05-25T20:45:52.231192,812,0.0000,0.0000,0.0000,0.5000
2026-05-25T20:45:52.331331,813,0.0000,0.0000,0.0000,0.5000
2026-05-25T20:45:52.431881,814,0.0000,0.0000,0.0000,0.5000
2026-05-25T20:45:52.534504,815,0.0000,0.0000,0.0000,0.5000
2026-05-25T20:45:52.744582,816,0.0000,0.0000,0.0000,0.5000
2026-05-25T20:45:52.844746,817,0.0000,0.0000,0.0000,0.5000
2026-05-25T20:45:52.945342,818,0.0000,0.0000,0.0000,0.5000
2026-05-25T20:45:53.045423,819,0.0000,0.0000,0.0000,0.5000
2026-05-25T20:45:53.148058,820,0.0000,0.0000,0.0000,0.5000
2026-05-25T20:45:53.248261,821,0.0000,0.0000,0.0000,0.5000
2026-05-25T20:45:53.348289,822,0.0000,0.0000,0.0000,0.5000
2026-05-25T20:45:53.448306,823,0.0000,0.0000,0.0000,0.5000
2026-05-25T20:45:53.548463,824,0.0000,0.0000,0.0000,0.5000
2026-05-25T20:45:53.754621,825,0.0000,0.0000,0.0000,0.5000
2026-05-25T20:45:53.854710,826,0.0000,0.0000,0.0000,0.5000
2026-05-25T20:45:53.955483,827,0.0000,0.0000,0.0000,0.5000
2026-05-25T20:45:54.055611,828,0.0000,0.0000,0.0000,0.5000
2026-05-25T20:45:54.155851,829,0.0000,0.0000,0.0000,0.5000
2026-05-25T20:45:54.255945,830,0.0000,0.0000,0.0000,0.5000
2026-05-25T20:45:54.356039,831,0.0000,0.0000,0.0000,0.5000
2026-05-25T20:45:54.456206,832,0.0000,0.0000,0.0000,0.5000
2026-05-25T20:45:54.556324,833,0.0000,0.0000,0.0000,0.5000
2026-05-25T20:45:54.694573,834,0.0000,0.0000,0.0000,0.5000
2026-05-25T20:45:54.794696,835,0.0000,0.0000,0.0000,0.5000
2026-05-25T20:45:54.894978,836,0.0000,0.0000,0.0000,0.5000
2026-05-25T20:45:54.994968,837,0.0000,0.0000,0.0000,0.5000
2026-05-25T20:45:55.095301,838,0.0000,0.0000,0.0000,0.5000
2026-05-25T20:45:55.195316,839,0.3000,0.0000,0.0000,0.0000
2026-05-25T20:45:55.295279,840,0.3000,0.0000,0.0000,0.0000
2026-05-25T20:45:55.395388,841,0.3000,0.0000,0.0000,0.0000
2026-05-25T20:45:55.495791,842,0.3000,0.0000,0.0000,0.0000
2026-05-25T20:45:55.774610,843,0.3000,0.0000,0.0000,0.0000
2026-05-25T20:45:55.874620,844,0.3000,0.0000,0.0000,0.0000
2026-05-25T20:45:55.974931,845,0.3000,0.0000,0.0000,0.0000
2026-05-25T20:45:56.074947,846,0.3000,0.0000,0.0000,0.0000
2026-05-25T20:45:56.175187,847,0.3000,0.0000,0.0000,0.0000
2026-05-25T20:45:56.275548,848,0.3000,0.0000,0.0000,0.0000
2026-05-25T20:45:56.375514,849,0.3000,0.0000,0.0000,0.0000
2026-05-25T20:45:56.476873,850,0.3000,0.0000,0.0000,0.0000
2026-05-25T20:45:56.575638,851,0.3000,0.0000,0.0000,0.0000
2026-05-25T20:45:56.684643,852,0.3000,0.0000,0.0000,0.0000
2026-05-25T20:45:56.794520,853,0.3000,0.0000,0.0000,0.0000
2026-05-25T20:45:56.894715,854,0.3000,0.0000,0.0000,0.0000
2026-05-25T20:45:56.994719,855,0.3000,0.0000,0.0000,0.0000
2026-05-25T20:45:57.095035,856,0.3000,0.0000,0.0000,0.0000
2026-05-25T20:45:57.195033,857,0.3000,0.0000,0.0000,0.0000
2026-05-25T20:45:57.295811,858,0.3000,0.0000,0.0000,0.0000
2026-05-25T20:45:57.395317,859,0.3000,0.0000,0.0000,0.0000
2026-05-25T20:45:57.495332,860,0.3000,0.0000,0.0000,0.0000
2026-05-25T20:45:57.596698,861,0.3000,0.0000,0.0000,0.0000
2026-05-25T20:45:57.696925,862,0.3000,0.0000,0.0000,0.0000
2026-05-25T20:45:57.797014,863,0.3000,0.0000,0.0000,0.0000
2026-05-25T20:45:57.934622,864,0.3000,0.0000,0.0000,0.0000
2026-05-25T20:45:58.035281,865,0.3000,0.0000,0.0000,0.0000
2026-05-25T20:45:58.139141,866,0.3000,0.0000,0.0000,0.0000
2026-05-25T20:45:58.235456,867,0.3000,0.0000,0.0000,0.0000
2026-05-25T20:45:58.335618,868,0.3000,0.0000,0.0000,0.0000
2026-05-25T20:45:58.436637,869,0.0000,0.0000,0.0000,-0.5000
2026-05-25T20:45:58.536774,870,0.0000,0.0000,0.0000,-0.5000
2026-05-25T20:45:58.637984,871,0.0000,0.0000,0.0000,-0.5000
2026-05-25T20:45:58.737350,872,0.0000,0.0000,0.0000,-0.5000
2026-05-25T20:45:58.837373,873,0.0000,0.0000,0.0000,-0.5000
2026-05-25T20:45:58.938310,874,0.0000,0.0000,0.0000,-0.5000
2026-05-25T20:45:59.236946,875,0.0000,0.0000,0.0000,-0.5000
2026-05-25T20:45:59.338357,876,0.0000,0.0000,0.0000,-0.5000
2026-05-25T20:45:59.438440,877,0.0000,0.0000,0.0000,-0.5000
2026-05-25T20:45:59.538646,878,0.0000,0.0000,0.0000,-0.5000
2026-05-25T20:45:59.638760,879,0.0000,0.0000,0.0000,-0.5000
2026-05-25T20:45:59.738893,880,0.0000,0.0000,0.0000,-0.5000
2026-05-25T20:45:59.839057,881,0.0000,0.0000,0.0000,-0.5000
2026-05-25T20:45:59.939142,882,0.0000,0.0000,0.0000,-0.5000
2026-05-25T20:46:00.039373,883,0.0000,0.0000,0.0000,-0.5000
2026-05-25T20:46:00.244814,884,0.0000,0.0000,0.0000,-0.5000
2026-05-25T20:46:00.344945,885,0.0000,0.0000,0.0000,-0.5000
2026-05-25T20:46:00.445233,886,0.0000,0.0000,0.0000,-0.5000
2026-05-25T20:46:00.545238,887,0.0000,0.0000,0.0000,-0.5000
2026-05-25T20:46:00.645443,888,0.0000,0.0000,0.0000,-0.5000
2026-05-25T20:46:00.745459,889,0.0000,0.0000,0.0000,-0.5000
2026-05-25T20:46:00.845565,890,0.0000,0.0000,0.0000,-0.5000
2026-05-25T20:46:00.945823,891,0.0000,0.0000,0.0000,-0.5000
2026-05-25T20:46:01.045930,892,0.0000,0.0000,0.0000,-0.5000
2026-05-25T20:46:01.265443,893,0.0000,0.0000,0.0000,-0.5000
2026-05-25T20:46:01.366416,894,0.0000,0.0000,0.0000,-0.5000
2026-05-25T20:46:01.466521,895,0.0000,0.0000,0.0000,-0.5000
2026-05-25T20:46:01.566659,896,0.0000,0.0000,0.0000,-0.5000
2026-05-25T20:46:01.667203,897,0.0000,0.0000,0.0000,-0.5000
2026-05-25T20:46:01.767357,898,0.0000,0.0000,0.0000,-0.5000
2026-05-25T20:46:01.868354,899,-0.2000,0.0000,0.0000,-0.5000
2026-05-25T20:46:01.968459,900,-0.2000,0.0000,0.0000,-0.5000
2026-05-25T20:46:02.069397,901,-0.2000,0.0000,0.0000,-0.5000
2026-05-25T20:46:02.169544,902,-0.2000,0.0000,0.0000,-0.5000
2026-05-25T20:46:02.270819,903,-0.2000,0.0000,0.0000,-0.5000
2026-05-25T20:46:02.474810,904,-0.2000,0.0000,0.0000,-0.5000
2026-05-25T20:46:02.575798,905,-0.2000,0.0000,0.0000,-0.5000
2026-05-25T20:46:02.675797,906,-0.2000,0.0000,0.0000,-0.5000
2026-05-25T20:46:02.777610,907,-0.2000,0.0000,0.0000,-0.5000
2026-05-25T20:46:02.876146,908,-0.2000,0.0000,0.0000,-0.5000
2026-05-25T20:46:02.976312,909,-0.2000,0.0000,0.0000,-0.5000
2026-05-25T20:46:03.077831,910,-0.2000,0.0000,0.0000,-0.5000
2026-05-25T20:46:03.178030,911,-0.2000,0.0000,0.0000,-0.5000
2026-05-25T20:46:03.278113,912,-0.2000,0.0000,0.0000,-0.5000
2026-05-25T20:46:03.496051,913,-0.2000,0.0000,0.0000,-0.5000
2026-05-25T20:46:03.594964,914,-0.2000,0.0000,0.0000,-0.5000
2026-05-25T20:46:03.696312,915,-0.2000,0.0000,0.0000,-0.5000
2026-05-25T20:46:03.796609,916,-0.2000,0.0000,0.0000,-0.5000
2026-05-25T20:46:03.897281,917,-0.2000,0.0000,0.0000,-0.5000
2026-05-25T20:46:04.006380,918,-0.2000,0.0000,0.0000,-0.5000
2026-05-25T20:46:04.108809,919,-0.2000,0.0000,0.0000,-0.5000
2026-05-25T20:46:04.208974,920,-0.2000,0.0000,0.0000,-0.5000
2026-05-25T20:46:04.519273,921,-0.2000,0.0000,0.0000,-0.5000
2026-05-25T20:46:04.519950,922,-0.2000,0.0000,0.0000,-0.5000
2026-05-25T20:46:04.620558,923,-0.2000,0.0000,0.0000,-0.5000
2026-05-25T20:46:04.720319,924,-0.2000,0.0000,0.0000,-0.5000
2026-05-25T20:46:04.820308,925,-0.2000,0.0000,0.0000,-0.5000
2026-05-25T20:46:04.920445,926,-0.2000,0.0000,0.0000,-0.5000
2026-05-25T20:46:05.020625,927,-0.2000,0.0000,0.0000,-0.5000
2026-05-25T20:46:05.121247,928,-0.2000,0.0000,0.0000,-0.5000
2026-05-25T20:46:05.221240,929,0.0000,0.0000,0.0000,0.5000
2026-05-25T20:46:05.322346,930,0.0000,0.0000,0.0000,0.5000
2026-05-25T20:46:05.422517,931,0.0000,0.0000,0.0000,0.5000
2026-05-25T20:46:05.522574,932,0.0000,0.0000,0.0000,0.5000
2026-05-25T20:46:05.624629,933,0.0000,0.0000,0.0000,0.5000
2026-05-25T20:46:05.774799,934,0.0000,0.0000,0.0000,0.5000
2026-05-25T20:46:05.874999,935,0.0000,0.0000,0.0000,0.5000
2026-05-25T20:46:05.975124,936,0.0000,0.0000,0.0000,0.5000
2026-05-25T20:46:06.075245,937,0.0000,0.0000,0.0000,0.5000
2026-05-25T20:46:06.175361,938,0.0000,0.0000,0.0000,0.5000
2026-05-25T20:46:06.275485,939,0.0000,0.0000,0.0000,0.5000
2026-05-25T20:46:06.375623,940,0.0000,0.0000,0.0000,0.5000
2026-05-25T20:46:06.475723,941,0.0000,0.0000,0.0000,0.5000
2026-05-25T20:46:06.575902,942,0.0000,0.0000,0.0000,0.5000
2026-05-25T20:46:06.675987,943,0.0000,0.0000,0.0000,0.5000
2026-05-25T20:46:06.776175,944,0.0000,0.0000,0.0000,0.5000
2026-05-25T20:46:06.994877,945,0.0000,0.0000,0.0000,0.5000
2026-05-25T20:46:07.094965,946,0.0000,0.0000,0.0000,0.5000
2026-05-25T20:46:07.195602,947,0.0000,0.0000,0.0000,0.5000
2026-05-25T20:46:07.295711,948,0.0000,0.0000,0.0000,0.5000
2026-05-25T20:46:07.395922,949,0.0000,0.0000,0.0000,0.5000
2026-05-25T20:46:07.495977,950,0.0000,0.0000,0.0000,0.5000
2026-05-25T20:46:07.599116,951,0.0000,0.0000,0.0000,0.5000
2026-05-25T20:46:07.696281,952,0.0000,0.0000,0.0000,0.5000
2026-05-25T20:46:07.796358,953,0.0000,0.0000,0.0000,0.5000
2026-05-25T20:46:07.896466,954,0.0000,0.0000,0.0000,0.5000
2026-05-25T20:46:07.996628,955,0.0000,0.0000,0.0000,0.5000
2026-05-25T20:46:08.096749,956,0.0000,0.0000,0.0000,0.5000
2026-05-25T20:46:08.196883,957,0.0000,0.0000,0.0000,0.5000
2026-05-25T20:46:08.415323,958,0.0000,0.0000,0.0000,0.5000
2026-05-25T20:46:08.515409,959,0.3000,0.0000,0.0000,0.0000
2026-05-25T20:46:08.615492,960,0.3000,0.0000,0.0000,0.0000
2026-05-25T20:46:08.715626,961,0.3000,0.0000,0.0000,0.0000
2026-05-25T20:46:08.815871,962,0.3000,0.0000,0.0000,0.0000
2026-05-25T20:46:08.915911,963,0.3000,0.0000,0.0000,0.0000
2026-05-25T20:46:09.016031,964,0.3000,0.0000,0.0000,0.0000
2026-05-25T20:46:09.116151,965,0.3000,0.0000,0.0000,0.0000
2026-05-25T20:46:09.216278,966,0.3000,0.0000,0.0000,0.0000
2026-05-25T20:46:09.316327,967,0.3000,0.0000,0.0000,0.0000
2026-05-25T20:46:09.416521,968,0.3000,0.0000,0.0000,0.0000
2026-05-25T20:46:09.516607,969,0.3000,0.0000,0.0000,0.0000
2026-05-25T20:46:09.616743,970,0.3000,0.0000,0.0000,0.0000
2026-05-25T20:46:09.915660,971,0.3000,0.0000,0.0000,0.0000
2026-05-25T20:46:10.015818,972,0.3000,0.0000,0.0000,0.0000
2026-05-25T20:46:10.116126,973,0.3000,0.0000,0.0000,0.0000
2026-05-25T20:46:10.216024,974,0.3000,0.0000,0.0000,0.0000
2026-05-25T20:46:10.316180,975,0.3000,0.0000,0.0000,0.0000
2026-05-25T20:46:10.416331,976,0.3000,0.0000,0.0000,0.0000
2026-05-25T20:46:10.516473,977,0.3000,0.0000,0.0000,0.0000
2026-05-25T20:46:10.616605,978,0.3000,0.0000,0.0000,0.0000
2026-05-25T20:46:10.717163,979,0.3000,0.0000,0.0000,0.0000
2026-05-25T20:46:10.816855,980,0.3000,0.0000,0.0000,0.0000
2026-05-25T20:46:10.916985,981,0.3000,0.0000,0.0000,0.0000
2026-05-25T20:46:11.044976,982,0.3000,0.0000,0.0000,0.0000
2026-05-25T20:46:11.145022,983,0.3000,0.0000,0.0000,0.0000
2026-05-25T20:46:11.245190,984,0.3000,0.0000,0.0000,0.0000
2026-05-25T20:46:11.345308,985,0.3000,0.0000,0.0000,0.0000
2026-05-25T20:46:11.445695,986,0.3000,0.0000,0.0000,0.0000
2026-05-25T20:46:11.545493,987,0.3000,0.0000,0.0000,0.0000
2026-05-25T20:46:11.645643,988,0.3000,0.0000,0.0000,0.0000
2026-05-25T20:46:11.935198,989,0.0000,0.0000,0.0000,-0.5000
2026-05-25T20:46:12.035071,990,0.0000,0.0000,0.0000,-0.5000
2026-05-25T20:46:12.137352,991,0.0000,0.0000,0.0000,-0.5000
2026-05-25T20:46:12.237469,992,0.0000,0.0000,0.0000,-0.5000
2026-05-25T20:46:12.337602,993,0.0000,0.0000,0.0000,-0.5000
2026-05-25T20:46:12.437904,994,0.0000,0.0000,0.0000,-0.5000
2026-05-25T20:46:12.538323,995,0.0000,0.0000,0.0000,-0.5000
2026-05-25T20:46:12.638482,996,0.0000,0.0000,0.0000,-0.5000
2026-05-25T20:46:12.738599,997,0.0000,0.0000,0.0000,-0.5000
2026-05-25T20:46:12.955583,998,0.0000,0.0000,0.0000,-0.5000
2026-05-25T20:46:13.056534,999,0.0000,0.0000,0.0000,-0.5000
2026-05-25T20:46:13.156634,1000,0.0000,0.0000,0.0000,-0.5000
2026-05-25T20:46:13.256926,1001,0.0000,0.0000,0.0000,-0.5000
2026-05-25T20:46:13.356919,1002,0.0000,0.0000,0.0000,-0.5000
2026-05-25T20:46:13.457081,1003,0.0000,0.0000,0.0000,-0.5000
2026-05-25T20:46:13.557181,1004,0.0000,0.0000,0.0000,-0.5000
2026-05-25T20:46:13.657317,1005,0.0000,0.0000,0.0000,-0.5000
2026-05-25T20:46:13.757444,1006,0.0000,0.0000,0.0000,-0.5000
2026-05-25T20:46:13.857548,1007,0.0000,0.0000,0.0000,-0.5000
2026-05-25T20:46:13.958337,1008,0.0000,0.0000,0.0000,-0.5000
2026-05-25T20:46:14.058465,1009,0.0000,0.0000,0.0000,-0.5000
2026-05-25T20:46:14.158582,1010,0.0000,0.0000,0.0000,-0.5000
2026-05-25T20:46:14.375020,1011,0.0000,0.0000,0.0000,-0.5000
2026-05-25T20:46:14.475129,1012,0.0000,0.0000,0.0000,-0.5000
2026-05-25T20:46:14.575272,1013,0.0000,0.0000,0.0000,-0.5000
2026-05-25T20:46:14.675550,1014,0.0000,0.0000,0.0000,-0.5000
2026-05-25T20:46:14.775468,1015,0.0000,0.0000,0.0000,-0.5000
2026-05-25T20:46:14.875592,1016,0.0000,0.0000,0.0000,-0.5000
2026-05-25T20:46:14.975714,1017,0.0000,0.0000,0.0000,-0.5000
2026-05-25T20:46:15.075903,1018,0.0000,0.0000,0.0000,-0.5000
2026-05-25T20:46:15.177357,1019,-0.2000,0.0000,0.0000,-0.5000
2026-05-25T20:46:15.385733,1020,-0.2000,0.0000,0.0000,-0.5000
2026-05-25T20:46:15.486044,1021,-0.2000,0.0000,0.0000,-0.5000
2026-05-25T20:46:15.586305,1022,-0.2000,0.0000,0.0000,-0.5000
2026-05-25T20:46:15.686612,1023,-0.2000,0.0000,0.0000,-0.5000
2026-05-25T20:46:15.786660,1024,-0.2000,0.0000,0.0000,-0.5000
2026-05-25T20:46:15.887475,1025,-0.2000,0.0000,0.0000,-0.5000
2026-05-25T20:46:15.987542,1026,-0.2000,0.0000,0.0000,-0.5000
2026-05-25T20:46:16.087677,1027,-0.2000,0.0000,0.0000,-0.5000
2026-05-25T20:46:16.187826,1028,-0.2000,0.0000,0.0000,-0.5000
2026-05-25T20:46:16.288089,1029,-0.2000,0.0000,0.0000,-0.5000
2026-05-25T20:46:16.388150,1030,-0.2000,0.0000,0.0000,-0.5000
2026-05-25T20:46:16.606674,1031,-0.2000,0.0000,0.0000,-0.5000
2026-05-25T20:46:16.706678,1032,-0.2000,0.0000,0.0000,-0.5000
2026-05-25T20:46:16.806842,1033,-0.2000,0.0000,0.0000,-0.5000
2026-05-25T20:46:16.906978,1034,-0.2000,0.0000,0.0000,-0.5000
2026-05-25T20:46:17.008348,1035,-0.2000,0.0000,0.0000,-0.5000
2026-05-25T20:46:17.108814,1036,-0.2000,0.0000,0.0000,-0.5000
2026-05-25T20:46:17.209266,1037,-0.2000,0.0000,0.0000,-0.5000
2026-05-25T20:46:17.309471,1038,-0.2000,0.0000,0.0000,-0.5000
2026-05-25T20:46:17.409963,1039,-0.2000,0.0000,0.0000,-0.5000
2026-05-25T20:46:17.615095,1040,-0.2000,0.0000,0.0000,-0.5000
2026-05-25T20:46:17.715248,1041,-0.2000,0.0000,0.0000,-0.5000
2026-05-25T20:46:17.816316,1042,-0.2000,0.0000,0.0000,-0.5000
2026-05-25T20:46:17.916302,1043,-0.2000,0.0000,0.0000,-0.5000
2026-05-25T20:46:18.016415,1044,-0.2000,0.0000,0.0000,-0.5000
2026-05-25T20:46:18.117392,1045,-0.2000,0.0000,0.0000,-0.5000
2026-05-25T20:46:18.217465,1046,-0.2000,0.0000,0.0000,-0.5000
2026-05-25T20:46:18.317561,1047,-0.2000,0.0000,0.0000,-0.5000
2026-05-25T20:46:18.417818,1048,-0.2000,0.0000,0.0000,-0.5000
2026-05-25T20:46:18.635546,1049,0.0000,0.0000,0.0000,0.5000
2026-05-25T20:46:18.735620,1050,0.0000,0.0000,0.0000,0.5000
2026-05-25T20:46:18.836209,1051,0.0000,0.0000,0.0000,0.5000
2026-05-25T20:46:18.936016,1052,0.0000,0.0000,0.0000,0.5000
2026-05-25T20:46:19.036118,1053,0.0000,0.0000,0.0000,0.5000
2026-05-25T20:46:19.136343,1054,0.0000,0.0000,0.0000,0.5000
2026-05-25T20:46:19.237474,1055,0.0000,0.0000,0.0000,0.5000
2026-05-25T20:46:19.337446,1056,0.0000,0.0000,0.0000,0.5000
2026-05-25T20:46:19.437630,1057,0.0000,0.0000,0.0000,0.5000
2026-05-25T20:46:19.538230,1058,0.0000,0.0000,0.0000,0.5000
2026-05-25T20:46:19.641977,1059,0.0000,0.0000,0.0000,0.5000
2026-05-25T20:46:19.825207,1060,0.0000,0.0000,0.0000,0.5000
2026-05-25T20:46:19.925343,1061,0.0000,0.0000,0.0000,0.5000
2026-05-25T20:46:20.026469,1062,0.0000,0.0000,0.0000,0.5000
2026-05-25T20:46:20.126633,1063,0.0000,0.0000,0.0000,0.5000
2026-05-25T20:46:20.226780,1064,0.0000,0.0000,0.0000,0.5000
2026-05-25T20:46:20.326886,1065,0.0000,0.0000,0.0000,0.5000
2026-05-25T20:46:20.427360,1066,0.0000,0.0000,0.0000,0.5000
2026-05-25T20:46:20.527545,1067,0.0000,0.0000,0.0000,0.5000
2026-05-25T20:46:20.627613,1068,0.0000,0.0000,0.0000,0.5000
2026-05-25T20:46:20.866322,1069,0.0000,0.0000,0.0000,0.5000
2026-05-25T20:46:20.965350,1070,0.0000,0.0000,0.0000,0.5000
2026-05-25T20:46:21.065436,1071,0.0000,0.0000,0.0000,0.5000
2026-05-25T20:46:21.166824,1072,0.0000,0.0000,0.0000,0.5000
2026-05-25T20:46:21.266601,1073,0.0000,0.0000,0.0000,0.5000
2026-05-25T20:46:21.366719,1074,0.0000,0.0000,0.0000,0.5000
2026-05-25T20:46:21.466851,1075,0.0000,0.0000,0.0000,0.5000
2026-05-25T20:46:21.566988,1076,0.0000,0.0000,0.0000,0.5000
2026-05-25T20:46:21.667113,1077,0.0000,0.0000,0.0000,0.5000
2026-05-25T20:46:21.875246,1078,0.0000,0.0000,0.0000,0.5000
2026-05-25T20:46:21.975623,1079,0.3000,0.0000,0.0000,0.0000
2026-05-25T20:46:22.075321,1080,0.3000,0.0000,0.0000,0.0000
2026-05-25T20:46:22.176426,1081,0.3000,0.0000,0.0000,0.0000
2026-05-25T20:46:22.275625,1082,0.3000,0.0000,0.0000,0.0000
2026-05-25T20:46:22.375784,1083,0.3000,0.0000,0.0000,0.0000
2026-05-25T20:46:22.475885,1084,0.3000,0.0000,0.0000,0.0000
2026-05-25T20:46:22.576027,1085,0.3000,0.0000,0.0000,0.0000
2026-05-25T20:46:22.676190,1086,0.3000,0.0000,0.0000,0.0000
2026-05-25T20:46:22.776283,1087,0.3000,0.0000,0.0000,0.0000
2026-05-25T20:46:22.878301,1088,0.3000,0.0000,0.0000,0.0000
2026-05-25T20:46:23.095449,1089,0.3000,0.0000,0.0000,0.0000
2026-05-25T20:46:23.195323,1090,0.3000,0.0000,0.0000,0.0000
2026-05-25T20:46:23.295499,1091,0.3000,0.0000,0.0000,0.0000
2026-05-25T20:46:23.396287,1092,0.3000,0.0000,0.0000,0.0000
2026-05-25T20:46:23.496365,1093,0.3000,0.0000,0.0000,0.0000
2026-05-25T20:46:23.596632,1094,0.3000,0.0000,0.0000,0.0000
2026-05-25T20:46:23.696697,1095,0.3000,0.0000,0.0000,0.0000
2026-05-25T20:46:23.796844,1096,0.3000,0.0000,0.0000,0.0000
2026-05-25T20:46:23.897065,1097,0.3000,0.0000,0.0000,0.0000
2026-05-25T20:46:24.042448,1098,0.3000,0.0000,0.0000,0.0000
2026-05-25T20:46:24.142414,1099,0.3000,0.0000,0.0000,0.0000
2026-05-25T20:46:24.242587,1100,0.3000,0.0000,0.0000,0.0000
2026-05-25T20:46:24.342659,1101,0.3000,0.0000,0.0000,0.0000
2026-05-25T20:46:24.442639,1102,0.3000,0.0000,0.0000,0.0000
2026-05-25T20:46:24.543275,1103,0.3000,0.0000,0.0000,0.0000
2026-05-25T20:46:24.643458,1104,0.3000,0.0000,0.0000,0.0000
2026-05-25T20:46:24.744192,1105,0.3000,0.0000,0.0000,0.0000
2026-05-25T20:46:24.844355,1106,0.3000,0.0000,0.0000,0.0000
2026-05-25T20:46:24.944483,1107,0.3000,0.0000,0.0000,0.0000
2026-05-25T20:46:25.044536,1108,0.3000,0.0000,0.0000,0.0000
2026-05-25T20:46:25.144913,1109,0.0000,0.0000,0.0000,-0.5000
2026-05-25T20:46:25.244876,1110,0.0000,0.0000,0.0000,-0.5000
2026-05-25T20:46:25.525463,1111,0.0000,0.0000,0.0000,-0.5000
2026-05-25T20:46:25.625499,1112,0.0000,0.0000,0.0000,-0.5000
2026-05-25T20:46:25.725647,1113,0.0000,0.0000,0.0000,-0.5000
2026-05-25T20:46:25.825724,1114,0.0000,0.0000,0.0000,-0.5000
2026-05-25T20:46:25.925864,1115,0.0000,0.0000,0.0000,-0.5000
2026-05-25T20:46:26.026014,1116,0.0000,0.0000,0.0000,-0.5000
2026-05-25T20:46:26.126164,1117,0.0000,0.0000,0.0000,-0.5000
2026-05-25T20:46:26.226256,1118,0.0000,0.0000,0.0000,-0.5000
2026-05-25T20:46:26.326341,1119,0.0000,0.0000,0.0000,-0.5000
2026-05-25T20:46:26.426427,1120,0.0000,0.0000,0.0000,-0.5000
2026-05-25T20:46:26.527262,1121,0.0000,0.0000,0.0000,-0.5000
2026-05-25T20:46:26.735455,1122,0.0000,0.0000,0.0000,-0.5000
2026-05-25T20:46:26.835516,1123,0.0000,0.0000,0.0000,-0.5000
2026-05-25T20:46:26.935648,1124,0.0000,0.0000,0.0000,-0.5000
2026-05-25T20:46:27.035757,1125,0.0000,0.0000,0.0000,-0.5000
2026-05-25T20:46:27.135911,1126,0.0000,0.0000,0.0000,-0.5000
2026-05-25T20:46:27.236226,1127,0.0000,0.0000,0.0000,-0.5000
2026-05-25T20:46:27.336193,1128,0.0000,0.0000,0.0000,-0.5000
2026-05-25T20:46:27.436297,1129,0.0000,0.0000,0.0000,-0.5000
2026-05-25T20:46:27.537330,1130,0.0000,0.0000,0.0000,-0.5000
2026-05-25T20:46:27.639798,1131,0.0000,0.0000,0.0000,-0.5000
2026-05-25T20:46:27.785457,1132,0.0000,0.0000,0.0000,-0.5000
2026-05-25T20:46:27.885541,1133,0.0000,0.0000,0.0000,-0.5000
2026-05-25T20:46:27.985681,1134,0.0000,0.0000,0.0000,-0.5000
2026-05-25T20:46:28.085846,1135,0.0000,0.0000,0.0000,-0.5000
2026-05-25T20:46:28.186013,1136,0.0000,0.0000,0.0000,-0.5000
2026-05-25T20:46:28.286146,1137,0.0000,0.0000,0.0000,-0.5000
2026-05-25T20:46:28.386222,1138,0.0000,0.0000,0.0000,-0.5000
2026-05-25T20:46:28.486350,1139,-0.2000,0.0000,0.0000,-0.5000
2026-05-25T20:46:28.586473,1140,-0.2000,0.0000,0.0000,-0.5000
2026-05-25T20:46:28.686591,1141,-0.2000,0.0000,0.0000,-0.5000
2026-05-25T20:46:28.786743,1142,-0.2000,0.0000,0.0000,-0.5000
2026-05-25T20:46:28.995714,1143,-0.2000,0.0000,0.0000,-0.5000
2026-05-25T20:46:29.095804,1144,-0.2000,0.0000,0.0000,-0.5000
2026-05-25T20:46:29.195987,1145,-0.2000,0.0000,0.0000,-0.5000
2026-05-25T20:46:29.296134,1146,-0.2000,0.0000,0.0000,-0.5000
2026-05-25T20:46:29.396249,1147,-0.2000,0.0000,0.0000,-0.5000
2026-05-25T20:46:29.496362,1148,-0.2000,0.0000,0.0000,-0.5000
2026-05-25T20:46:29.596502,1149,-0.2000,0.0000,0.0000,-0.5000
2026-05-25T20:46:29.696631,1150,-0.2000,0.0000,0.0000,-0.5000
2026-05-25T20:46:29.796700,1151,-0.2000,0.0000,0.0000,-0.5000
2026-05-25T20:46:30.015484,1152,-0.2000,0.0000,0.0000,-0.5000
2026-05-25T20:46:30.115491,1153,-0.2000,0.0000,0.0000,-0.5000
2026-05-25T20:46:30.215696,1154,-0.2000,0.0000,0.0000,-0.5000
2026-05-25T20:46:30.315819,1155,-0.2000,0.0000,0.0000,-0.5000
2026-05-25T20:46:30.415959,1156,-0.2000,0.0000,0.0000,-0.5000
2026-05-25T20:46:30.516107,1157,-0.2000,0.0000,0.0000,-0.5000
2026-05-25T20:46:30.616481,1158,-0.2000,0.0000,0.0000,-0.5000
2026-05-25T20:46:30.716377,1159,-0.2000,0.0000,0.0000,-0.5000
2026-05-25T20:46:30.816476,1160,-0.2000,0.0000,0.0000,-0.5000
2026-05-25T20:46:30.916630,1161,-0.2000,0.0000,0.0000,-0.5000
2026-05-25T20:46:31.016783,1162,-0.2000,0.0000,0.0000,-0.5000
2026-05-25T20:46:31.116954,1163,-0.2000,0.0000,0.0000,-0.5000
2026-05-25T20:46:31.216964,1164,-0.2000,0.0000,0.0000,-0.5000
2026-05-25T20:46:31.455516,1165,-0.2000,0.0000,0.0000,-0.5000
2026-05-25T20:46:31.555643,1166,-0.2000,0.0000,0.0000,-0.5000
2026-05-25T20:46:31.655747,1167,-0.2000,0.0000,0.0000,-0.5000
2026-05-25T20:46:31.755901,1168,-0.2000,0.0000,0.0000,-0.5000
2026-05-25T20:46:31.855944,1169,0.0000,0.0000,0.0000,0.5000
2026-05-25T20:46:31.956152,1170,0.0000,0.0000,0.0000,0.5000
2026-05-25T20:46:32.056314,1171,0.0000,0.0000,0.0000,0.5000
2026-05-25T20:46:32.156328,1172,0.0000,0.0000,0.0000,0.5000
2026-05-25T20:46:32.256444,1173,0.0000,0.0000,0.0000,0.5000
2026-05-25T20:46:32.356598,1174,0.0000,0.0000,0.0000,0.5000
2026-05-25T20:46:32.456679,1175,0.0000,0.0000,0.0000,0.5000
2026-05-25T20:46:32.675531,1176,0.0000,0.0000,0.0000,0.5000
2026-05-25T20:46:32.775649,1177,0.0000,0.0000,0.0000,0.5000
2026-05-25T20:46:32.875702,1178,0.0000,0.0000,0.0000,0.5000
2026-05-25T20:46:32.975831,1179,0.0000,0.0000,0.0000,0.5000
2026-05-25T20:46:33.075989,1180,0.0000,0.0000,0.0000,0.5000
2026-05-25T20:46:33.176208,1181,0.0000,0.0000,0.0000,0.5000
2026-05-25T20:46:33.276210,1182,0.0000,0.0000,0.0000,0.5000
2026-05-25T20:46:33.376352,1183,0.0000,0.0000,0.0000,0.5000
2026-05-25T20:46:33.476423,1184,0.0000,0.0000,0.0000,0.5000
2026-05-25T20:46:33.685592,1185,0.0000,0.0000,0.0000,0.5000
2026-05-25T20:46:33.785539,1186,0.0000,0.0000,0.0000,0.5000
2026-05-25T20:46:33.885830,1187,0.0000,0.0000,0.0000,0.5000
2026-05-25T20:46:33.986041,1188,0.0000,0.0000,0.0000,0.5000
2026-05-25T20:46:34.086021,1189,0.0000,0.0000,0.0000,0.5000
2026-05-25T20:46:34.186427,1190,0.0000,0.0000,0.0000,0.5000
2026-05-25T20:46:34.286313,1191,0.0000,0.0000,0.0000,0.5000
2026-05-25T20:46:34.388509,1192,0.0000,0.0000,0.0000,0.5000
2026-05-25T20:46:34.487449,1193,0.0000,0.0000,0.0000,0.5000
2026-05-25T20:46:34.588299,1194,0.0000,0.0000,0.0000,0.5000
2026-05-25T20:46:34.690309,1195,0.0000,0.0000,0.0000,0.5000
2026-05-25T20:46:34.936435,1196,0.0000,0.0000,0.0000,0.5000
2026-05-25T20:46:35.036339,1197,0.0000,0.0000,0.0000,0.5000
2026-05-25T20:46:35.137290,1198,0.0000,0.0000,0.0000,0.5000
2026-05-25T20:46:35.237454,1199,0.3000,0.0000,0.0000,0.0000
2026-05-25T20:46:35.337564,1200,0.3000,0.0000,0.0000,0.0000
2026-05-25T20:46:35.437705,1201,0.3000,0.0000,0.0000,0.0000
2026-05-25T20:46:35.537818,1202,0.3000,0.0000,0.0000,0.0000
2026-05-25T20:46:35.637972,1203,0.3000,0.0000,0.0000,0.0000
2026-05-25T20:46:35.738147,1204,0.3000,0.0000,0.0000,0.0000
2026-05-25T20:46:35.838252,1205,0.3000,0.0000,0.0000,0.0000
2026-05-25T20:46:35.938326,1206,0.3000,0.0000,0.0000,0.0000
2026-05-25T20:46:36.175586,1207,0.3000,0.0000,0.0000,0.0000
2026-05-25T20:46:36.275712,1208,0.3000,0.0000,0.0000,0.0000
2026-05-25T20:46:36.375851,1209,0.3000,0.0000,0.0000,0.0000
2026-05-25T20:46:36.475945,1210,0.3000,0.0000,0.0000,0.0000
2026-05-25T20:46:36.576118,1211,0.3000,0.0000,0.0000,0.0000
2026-05-25T20:46:36.676227,1212,0.3000,0.0000,0.0000,0.0000
2026-05-25T20:46:36.776329,1213,0.3000,0.0000,0.0000,0.0000
2026-05-25T20:46:36.876474,1214,0.3000,0.0000,0.0000,0.0000
2026-05-25T20:46:36.976598,1215,0.3000,0.0000,0.0000,0.0000
2026-05-25T20:46:37.076722,1216,0.3000,0.0000,0.0000,0.0000
2026-05-25T20:46:37.176881,1217,0.3000,0.0000,0.0000,0.0000
2026-05-25T20:46:37.455934,1218,0.3000,0.0000,0.0000,0.0000
2026-05-25T20:46:37.556042,1219,0.3000,0.0000,0.0000,0.0000
2026-05-25T20:46:37.656148,1220,0.3000,0.0000,0.0000,0.0000
2026-05-25T20:46:37.756287,1221,0.3000,0.0000,0.0000,0.0000
2026-05-25T20:46:37.856423,1222,0.3000,0.0000,0.0000,0.0000
2026-05-25T20:46:37.956454,1223,0.3000,0.0000,0.0000,0.0000
2026-05-25T20:46:38.056575,1224,0.3000,0.0000,0.0000,0.0000
2026-05-25T20:46:38.156685,1225,0.3000,0.0000,0.0000,0.0000
2026-05-25T20:46:38.256863,1226,0.3000,0.0000,0.0000,0.0000
2026-05-25T20:46:38.357001,1227,0.3000,0.0000,0.0000,0.0000
2026-05-25T20:46:38.457211,1228,0.3000,0.0000,0.0000,0.0000
2026-05-25T20:46:38.557303,1229,0.0000,0.0000,0.0000,-0.5000
2026-05-25T20:46:38.657378,1230,0.0000,0.0000,0.0000,-0.5000
2026-05-25T20:46:38.875877,1231,0.0000,0.0000,0.0000,-0.5000
2026-05-25T20:46:38.978348,1232,0.0000,0.0000,0.0000,-0.5000
2026-05-25T20:46:39.078463,1233,0.0000,0.0000,0.0000,-0.5000
2026-05-25T20:46:39.180845,1234,0.0000,0.0000,0.0000,-0.5000
2026-05-25T20:46:39.280935,1235,0.0000,0.0000,0.0000,-0.5000
2026-05-25T20:46:39.381038,1236,0.0000,0.0000,0.0000,-0.5000
2026-05-25T20:46:39.481170,1237,0.0000,0.0000,0.0000,-0.5000
2026-05-25T20:46:39.581310,1238,0.0000,0.0000,0.0000,-0.5000
2026-05-25T20:46:39.681360,1239,0.0000,0.0000,0.0000,-0.5000
2026-05-25T20:46:39.889367,1240,0.0000,0.0000,0.0000,-0.5000
2026-05-25T20:46:39.989469,1241,0.0000,0.0000,0.0000,-0.5000
2026-05-25T20:46:40.089630,1242,0.0000,0.0000,0.0000,-0.5000
2026-05-25T20:46:40.190639,1243,0.0000,0.0000,0.0000,-0.5000
2026-05-25T20:46:40.290383,1244,0.0000,0.0000,0.0000,-0.5000
2026-05-25T20:46:40.390483,1245,0.0000,0.0000,0.0000,-0.5000
2026-05-25T20:46:40.493353,1246,0.0000,0.0000,0.0000,-0.5000
2026-05-25T20:46:40.593442,1247,0.0000,0.0000,0.0000,-0.5000
2026-05-25T20:46:40.693577,1248,0.0000,0.0000,0.0000,-0.5000
2026-05-25T20:46:40.793718,1249,0.0000,0.0000,0.0000,-0.5000
2026-05-25T20:46:40.893860,1250,0.0000,0.0000,0.0000,-0.5000
2026-05-25T20:46:41.105676,1251,0.0000,0.0000,0.0000,-0.5000
2026-05-25T20:46:41.205878,1252,0.0000,0.0000,0.0000,-0.5000
2026-05-25T20:46:41.305965,1253,0.0000,0.0000,0.0000,-0.5000
2026-05-25T20:46:41.406059,1254,0.0000,0.0000,0.0000,-0.5000
2026-05-25T20:46:41.506360,1255,0.0000,0.0000,0.0000,-0.5000
2026-05-25T20:46:41.609414,1256,0.0000,0.0000,0.0000,-0.5000
2026-05-25T20:46:41.709497,1257,0.0000,0.0000,0.0000,-0.5000
2026-05-25T20:46:41.809635,1258,0.0000,0.0000,0.0000,-0.5000
2026-05-25T20:46:41.909932,1259,-0.2000,0.0000,0.0000,-0.5000
2026-05-25T20:46:42.010098,1260,-0.2000,0.0000,0.0000,-0.5000
2026-05-25T20:46:42.110193,1261,-0.2000,0.0000,0.0000,-0.5000
2026-05-25T20:46:42.210272,1262,-0.2000,0.0000,0.0000,-0.5000
2026-05-25T20:46:42.310437,1263,-0.2000,0.0000,0.0000,-0.5000
2026-05-25T20:46:42.565722,1264,-0.2000,0.0000,0.0000,-0.5000
2026-05-25T20:46:42.665926,1265,-0.2000,0.0000,0.0000,-0.5000
2026-05-25T20:46:42.765972,1266,-0.2000,0.0000,0.0000,-0.5000
2026-05-25T20:46:42.867959,1267,-0.2000,0.0000,0.0000,-0.5000
2026-05-25T20:46:42.967522,1268,-0.2000,0.0000,0.0000,-0.5000
2026-05-25T20:46:43.067701,1269,-0.2000,0.0000,0.0000,-0.5000
2026-05-25T20:46:43.167907,1270,-0.2000,0.0000,0.0000,-0.5000
2026-05-25T20:46:43.267989,1271,-0.2000,0.0000,0.0000,-0.5000
2026-05-25T20:46:43.368154,1272,-0.2000,0.0000,0.0000,-0.5000
2026-05-25T20:46:43.468271,1273,-0.2000,0.0000,0.0000,-0.5000
2026-05-25T20:46:43.769744,1274,-0.2000,0.0000,0.0000,-0.5000
2026-05-25T20:46:43.869878,1275,-0.2000,0.0000,0.0000,-0.5000
2026-05-25T20:46:43.970174,1276,-0.2000,0.0000,0.0000,-0.5000
2026-05-25T20:46:44.070157,1277,-0.2000,0.0000,0.0000,-0.5000
2026-05-25T20:46:44.170298,1278,-0.2000,0.0000,0.0000,-0.5000
2026-05-25T20:46:44.270525,1279,-0.2000,0.0000,0.0000,-0.5000
2026-05-25T20:46:44.370604,1280,-0.2000,0.0000,0.0000,-0.5000
2026-05-25T20:46:44.470718,1281,-0.2000,0.0000,0.0000,-0.5000
2026-05-25T20:46:44.570926,1282,-0.2000,0.0000,0.0000,-0.5000
2026-05-25T20:46:44.678442,1283,-0.2000,0.0000,0.0000,-0.5000
2026-05-25T20:46:44.778613,1284,-0.2000,0.0000,0.0000,-0.5000
2026-05-25T20:46:44.878751,1285,-0.2000,0.0000,0.0000,-0.5000
2026-05-25T20:46:44.978908,1286,-0.2000,0.0000,0.0000,-0.5000
2026-05-25T20:46:45.079004,1287,-0.2000,0.0000,0.0000,-0.5000
2026-05-25T20:46:45.179091,1288,-0.2000,0.0000,0.0000,-0.5000
2026-05-25T20:46:45.279292,1289,0.0000,0.0000,0.0000,0.5000
2026-05-25T20:46:45.379318,1290,0.0000,0.0000,0.0000,0.5000
2026-05-25T20:46:45.595787,1291,0.0000,0.0000,0.0000,0.5000
2026-05-25T20:46:45.695831,1292,0.0000,0.0000,0.0000,0.5000
2026-05-25T20:46:45.796130,1293,0.0000,0.0000,0.0000,0.5000
2026-05-25T20:46:45.896073,1294,0.0000,0.0000,0.0000,0.5000
2026-05-25T20:46:45.996513,1295,0.0000,0.0000,0.0000,0.5000
2026-05-25T20:46:46.096678,1296,0.0000,0.0000,0.0000,0.5000
2026-05-25T20:46:46.196831,1297,0.0000,0.0000,0.0000,0.5000
2026-05-25T20:46:46.296964,1298,0.0000,0.0000,0.0000,0.5000
2026-05-25T20:46:46.397126,1299,0.0000,0.0000,0.0000,0.5000
2026-05-25T20:46:46.497199,1300,0.0000,0.0000,0.0000,0.5000
2026-05-25T20:46:46.597364,1301,0.0000,0.0000,0.0000,0.5000
2026-05-25T20:46:46.855883,1302,0.0000,0.0000,0.0000,0.5000
2026-05-25T20:46:46.955977,1303,0.0000,0.0000,0.0000,0.5000
2026-05-25T20:46:47.056029,1304,0.0000,0.0000,0.0000,0.5000
2026-05-25T20:46:47.156167,1305,0.0000,0.0000,0.0000,0.5000
2026-05-25T20:46:47.256393,1306,0.0000,0.0000,0.0000,0.5000
2026-05-25T20:46:47.356443,1307,0.0000,0.0000,0.0000,0.5000
2026-05-25T20:46:47.457567,1308,0.0000,0.0000,0.0000,0.5000
2026-05-25T20:46:47.557639,1309,0.0000,0.0000,0.0000,0.5000
2026-05-25T20:46:47.657742,1310,0.0000,0.0000,0.0000,0.5000
2026-05-25T20:46:47.866349,1311,0.0000,0.0000,0.0000,0.5000
2026-05-25T20:46:47.966323,1312,0.0000,0.0000,0.0000,0.5000
2026-05-25T20:46:48.066287,1313,0.0000,0.0000,0.0000,0.5000
2026-05-25T20:46:48.166960,1314,0.0000,0.0000,0.0000,0.5000
2026-05-25T20:46:48.268238,1315,0.0000,0.0000,0.0000,0.5000
2026-05-25T20:46:48.368339,1316,0.0000,0.0000,0.0000,0.5000
2026-05-25T20:46:48.468534,1317,0.0000,0.0000,0.0000,0.5000
2026-05-25T20:46:48.569088,1318,0.0000,0.0000,0.0000,0.5000
2026-05-25T20:46:48.669136,1319,0.3000,0.0000,0.0000,0.0000
2026-05-25T20:46:48.845739,1320,0.3000,0.0000,0.0000,0.0000
2026-05-25T20:46:48.945801,1321,0.3000,0.0000,0.0000,0.0000
2026-05-25T20:46:49.046007,1322,0.3000,0.0000,0.0000,0.0000
2026-05-25T20:46:49.146188,1323,0.3000,0.0000,0.0000,0.0000
2026-05-25T20:46:49.246398,1324,0.3000,0.0000,0.0000,0.0000
2026-05-25T20:46:49.346539,1325,0.3000,0.0000,0.0000,0.0000
2026-05-25T20:46:49.446653,1326,0.3000,0.0000,0.0000,0.0000
2026-05-25T20:46:49.546797,1327,0.3000,0.0000,0.0000,0.0000
2026-05-25T20:46:49.646858,1328,0.3000,0.0000,0.0000,0.0000
2026-05-25T20:46:49.746962,1329,0.3000,0.0000,0.0000,0.0000
2026-05-25T20:46:49.847110,1330,0.3000,0.0000,0.0000,0.0000
2026-05-25T20:46:50.105949,1331,0.3000,0.0000,0.0000,0.0000
2026-05-25T20:46:50.205972,1332,0.3000,0.0000,0.0000,0.0000
2026-05-25T20:46:50.306218,1333,0.3000,0.0000,0.0000,0.0000
2026-05-25T20:46:50.406733,1334,0.3000,0.0000,0.0000,0.0000
2026-05-25T20:46:50.506319,1335,0.3000,0.0000,0.0000,0.0000
2026-05-25T20:46:50.606432,1336,0.3000,0.0000,0.0000,0.0000
2026-05-25T20:46:50.706576,1337,0.3000,0.0000,0.0000,0.0000
2026-05-25T20:46:50.806746,1338,0.3000,0.0000,0.0000,0.0000
2026-05-25T20:46:50.906889,1339,0.3000,0.0000,0.0000,0.0000
2026-05-25T20:46:51.126051,1340,0.3000,0.0000,0.0000,0.0000
2026-05-25T20:46:51.226152,1341,0.3000,0.0000,0.0000,0.0000
2026-05-25T20:46:51.327082,1342,0.3000,0.0000,0.0000,0.0000
2026-05-25T20:46:51.427181,1343,0.3000,0.0000,0.0000,0.0000
2026-05-25T20:46:51.527330,1344,0.3000,0.0000,0.0000,0.0000
2026-05-25T20:46:51.627440,1345,0.3000,0.0000,0.0000,0.0000
2026-05-25T20:46:51.727722,1346,0.3000,0.0000,0.0000,0.0000
2026-05-25T20:46:51.827785,1347,0.3000,0.0000,0.0000,0.0000
2026-05-25T20:46:51.927913,1348,0.3000,0.0000,0.0000,0.0000
2026-05-25T20:46:52.027962,1349,0.0000,0.0000,0.0000,-0.5000
2026-05-25T20:46:52.128410,1350,0.0000,0.0000,0.0000,-0.5000
2026-05-25T20:46:52.345936,1351,0.0000,0.0000,0.0000,-0.5000
2026-05-25T20:46:52.446015,1352,0.0000,0.0000,0.0000,-0.5000
2026-05-25T20:46:52.546140,1353,0.0000,0.0000,0.0000,-0.5000
2026-05-25T20:46:52.646267,1354,0.0000,0.0000,0.0000,-0.5000
2026-05-25T20:46:52.746375,1355,0.0000,0.0000,0.0000,-0.5000
2026-05-25T20:46:52.846483,1356,0.0000,0.0000,0.0000,-0.5000
2026-05-25T20:46:52.946586,1357,0.0000,0.0000,0.0000,-0.5000
2026-05-25T20:46:53.046729,1358,0.0000,0.0000,0.0000,-0.5000
2026-05-25T20:46:53.146860,1359,0.0000,0.0000,0.0000,-0.5000
2026-05-25T20:46:53.246981,1360,0.0000,0.0000,0.0000,-0.5000
2026-05-25T20:46:53.347097,1361,0.0000,0.0000,0.0000,-0.5000
2026-05-25T20:46:53.585998,1362,0.0000,0.0000,0.0000,-0.5000
2026-05-25T20:46:53.686099,1363,0.0000,0.0000,0.0000,-0.5000
2026-05-25T20:46:53.786196,1364,0.0000,0.0000,0.0000,-0.5000
2026-05-25T20:46:53.886289,1365,0.0000,0.0000,0.0000,-0.5000
2026-05-25T20:46:53.986441,1366,0.0000,0.0000,0.0000,-0.5000
2026-05-25T20:46:54.086595,1367,0.0000,0.0000,0.0000,-0.5000
2026-05-25T20:46:54.186717,1368,0.0000,0.0000,0.0000,-0.5000
2026-05-25T20:46:54.286859,1369,0.0000,0.0000,0.0000,-0.5000
2026-05-25T20:46:54.386969,1370,0.0000,0.0000,0.0000,-0.5000
2026-05-25T20:46:54.487123,1371,0.0000,0.0000,0.0000,-0.5000
2026-05-25T20:46:54.587226,1372,0.0000,0.0000,0.0000,-0.5000
2026-05-25T20:46:54.690361,1373,0.0000,0.0000,0.0000,-0.5000
2026-05-25T20:46:54.805873,1374,0.0000,0.0000,0.0000,-0.5000
2026-05-25T20:46:54.906018,1375,0.0000,0.0000,0.0000,-0.5000
2026-05-25T20:46:55.006400,1376,0.0000,0.0000,0.0000,-0.5000
2026-05-25T20:46:55.107213,1377,0.0000,0.0000,0.0000,-0.5000
2026-05-25T20:46:55.208104,1378,0.0000,0.0000,0.0000,-0.5000
2026-05-25T20:46:55.308236,1379,-0.2000,0.0000,0.0000,-0.5000
2026-05-25T20:46:55.408322,1380,-0.2000,0.0000,0.0000,-0.5000
2026-05-25T20:46:55.508464,1381,-0.2000,0.0000,0.0000,-0.5000
2026-05-25T20:46:55.608584,1382,-0.2000,0.0000,0.0000,-0.5000
2026-05-25T20:46:55.708796,1383,-0.2000,0.0000,0.0000,-0.5000
2026-05-25T20:46:55.808920,1384,-0.2000,0.0000,0.0000,-0.5000
2026-05-25T20:46:56.025979,1385,-0.2000,0.0000,0.0000,-0.5000
2026-05-25T20:46:56.126149,1386,-0.2000,0.0000,0.0000,-0.5000
2026-05-25T20:46:56.226267,1387,-0.2000,0.0000,0.0000,-0.5000
2026-05-25T20:46:56.326357,1388,-0.2000,0.0000,0.0000,-0.5000
2026-05-25T20:46:56.426452,1389,-0.2000,0.0000,0.0000,-0.5000
2026-05-25T20:46:56.526643,1390,-0.2000,0.0000,0.0000,-0.5000
2026-05-25T20:46:56.626758,1391,-0.2000,0.0000,0.0000,-0.5000
2026-05-25T20:46:56.726871,1392,-0.2000,0.0000,0.0000,-0.5000
2026-05-25T20:46:56.827000,1393,-0.2000,0.0000,0.0000,-0.5000
2026-05-25T20:46:56.927141,1394,-0.2000,0.0000,0.0000,-0.5000
2026-05-25T20:46:57.027294,1395,-0.2000,0.0000,0.0000,-0.5000
2026-05-25T20:46:57.246670,1396,-0.2000,0.0000,0.0000,-0.5000
2026-05-25T20:46:57.346179,1397,-0.2000,0.0000,0.0000,-0.5000
2026-05-25T20:46:57.446298,1398,-0.2000,0.0000,0.0000,-0.5000
2026-05-25T20:46:57.546362,1399,-0.2000,0.0000,0.0000,-0.5000
2026-05-25T20:46:57.647154,1400,-0.2000,0.0000,0.0000,-0.5000
2026-05-25T20:46:57.746677,1401,-0.2000,0.0000,0.0000,-0.5000
2026-05-25T20:46:57.846707,1402,-0.2000,0.0000,0.0000,-0.5000
2026-05-25T20:46:57.947127,1403,-0.2000,0.0000,0.0000,-0.5000
2026-05-25T20:46:58.047329,1404,-0.2000,0.0000,0.0000,-0.5000
2026-05-25T20:46:58.286266,1405,-0.2000,0.0000,0.0000,-0.5000
2026-05-25T20:46:58.386343,1406,-0.2000,0.0000,0.0000,-0.5000
2026-05-25T20:46:58.486458,1407,-0.2000,0.0000,0.0000,-0.5000
2026-05-25T20:46:58.587208,1408,-0.2000,0.0000,0.0000,-0.5000
2026-05-25T20:46:58.686736,1409,0.0000,0.0000,0.0000,0.5000
2026-05-25T20:46:58.786840,1410,0.0000,0.0000,0.0000,0.5000
2026-05-25T20:46:58.886990,1411,0.0000,0.0000,0.0000,0.5000
2026-05-25T20:46:58.987105,1412,0.0000,0.0000,0.0000,0.5000
2026-05-25T20:46:59.087242,1413,0.0000,0.0000,0.0000,0.5000
2026-05-25T20:46:59.187358,1414,0.0000,0.0000,0.0000,0.5000
2026-05-25T20:46:59.287469,1415,0.0000,0.0000,0.0000,0.5000
2026-05-25T20:46:59.496062,1416,0.0000,0.0000,0.0000,0.5000
2026-05-25T20:46:59.596194,1417,0.0000,0.0000,0.0000,0.5000
2026-05-25T20:46:59.696326,1418,0.0000,0.0000,0.0000,0.5000
2026-05-25T20:46:59.796407,1419,0.0000,0.0000,0.0000,0.5000
2026-05-25T20:46:59.896541,1420,0.0000,0.0000,0.0000,0.5000
2026-05-25T20:46:59.996702,1421,0.0000,0.0000,0.0000,0.5000
2026-05-25T20:47:00.097387,1422,0.0000,0.0000,0.0000,0.5000
2026-05-25T20:47:00.199321,1423,0.0000,0.0000,0.0000,0.5000
2026-05-25T20:47:00.299453,1424,0.0000,0.0000,0.0000,0.5000
2026-05-25T20:47:00.450488,1425,0.0000,0.0000,0.0000,0.5000
2026-05-25T20:47:00.550518,1426,0.0000,0.0000,0.0000,0.5000
2026-05-25T20:47:00.650703,1427,0.0000,0.0000,0.0000,0.5000
2026-05-25T20:47:00.750845,1428,0.0000,0.0000,0.0000,0.5000
2026-05-25T20:47:00.851121,1429,0.0000,0.0000,0.0000,0.5000
2026-05-25T20:47:00.951081,1430,0.0000,0.0000,0.0000,0.5000
2026-05-25T20:47:01.054288,1431,0.0000,0.0000,0.0000,0.5000
2026-05-25T20:47:01.151299,1432,0.0000,0.0000,0.0000,0.5000
2026-05-25T20:47:01.251471,1433,0.0000,0.0000,0.0000,0.5000
2026-05-25T20:47:01.526186,1434,0.0000,0.0000,0.0000,0.5000
2026-05-25T20:47:01.626358,1435,0.0000,0.0000,0.0000,0.5000
2026-05-25T20:47:01.726347,1436,0.0000,0.0000,0.0000,0.5000
2026-05-25T20:47:01.829359,1437,0.0000,0.0000,0.0000,0.5000
2026-05-25T20:47:01.929466,1438,0.0000,0.0000,0.0000,0.5000
2026-05-25T20:47:02.029584,1439,0.3000,0.0000,0.0000,0.0000
2026-05-25T20:47:02.129708,1440,0.3000,0.0000,0.0000,0.0000
2026-05-25T20:47:02.229875,1441,0.3000,0.0000,0.0000,0.0000
2026-05-25T20:47:02.329992,1442,0.3000,0.0000,0.0000,0.0000
2026-05-25T20:47:02.430118,1443,0.3000,0.0000,0.0000,0.0000
2026-05-25T20:47:02.530249,1444,0.3000,0.0000,0.0000,0.0000
2026-05-25T20:47:02.766218,1445,0.3000,0.0000,0.0000,0.0000
2026-05-25T20:47:02.866321,1446,0.3000,0.0000,0.0000,0.0000
2026-05-25T20:47:02.966332,1447,0.3000,0.0000,0.0000,0.0000
2026-05-25T20:47:03.067352,1448,0.3000,0.0000,0.0000,0.0000
2026-05-25T20:47:03.167450,1449,0.3000,0.0000,0.0000,0.0000
2026-05-25T20:47:03.267590,1450,0.3000,0.0000,0.0000,0.0000
2026-05-25T20:47:03.367725,1451,0.3000,0.0000,0.0000,0.0000
2026-05-25T20:47:03.467917,1452,0.3000,0.0000,0.0000,0.0000
2026-05-25T20:47:03.568035,1453,0.3000,0.0000,0.0000,0.0000
2026-05-25T20:47:03.670367,1454,0.3000,0.0000,0.0000,0.0000
2026-05-25T20:47:03.770493,1455,0.3000,0.0000,0.0000,0.0000
2026-05-25T20:47:03.936159,1456,0.3000,0.0000,0.0000,0.0000
2026-05-25T20:47:04.036252,1457,0.3000,0.0000,0.0000,0.0000
2026-05-25T20:47:04.136495,1458,0.3000,0.0000,0.0000,0.0000
2026-05-25T20:47:04.236750,1459,0.3000,0.0000,0.0000,0.0000
2026-05-25T20:47:04.337476,1460,0.3000,0.0000,0.0000,0.0000
2026-05-25T20:47:04.437486,1461,0.3000,0.0000,0.0000,0.0000
2026-05-25T20:47:04.537626,1462,0.3000,0.0000,0.0000,0.0000
2026-05-25T20:47:04.637739,1463,0.3000,0.0000,0.0000,0.0000
2026-05-25T20:47:04.737860,1464,0.3000,0.0000,0.0000,0.0000
2026-05-25T20:47:04.986199,1465,0.3000,0.0000,0.0000,0.0000
2026-05-25T20:47:05.086293,1466,0.3000,0.0000,0.0000,0.0000
2026-05-25T20:47:05.186328,1467,0.3000,0.0000,0.0000,0.0000
2026-05-25T20:47:05.286626,1468,0.3000,0.0000,0.0000,0.0000
2026-05-25T20:47:05.388305,1469,0.0000,0.0000,0.0000,-0.5000
2026-05-25T20:47:05.488543,1470,0.0000,0.0000,0.0000,-0.5000
2026-05-25T20:47:05.588589,1471,0.0000,0.0000,0.0000,-0.5000
2026-05-25T20:47:05.688778,1472,0.0000,0.0000,0.0000,-0.5000
2026-05-25T20:47:05.788860,1473,0.0000,0.0000,0.0000,-0.5000
2026-05-25T20:47:05.996133,1474,0.0000,0.0000,0.0000,-0.5000
2026-05-25T20:47:06.096335,1475,0.0000,0.0000,0.0000,-0.5000
2026-05-25T20:47:06.196339,1476,0.0000,0.0000,0.0000,-0.5000
2026-05-25T20:47:06.296630,1477,0.0000,0.0000,0.0000,-0.5000
2026-05-25T20:47:06.396622,1478,0.0000,0.0000,0.0000,-0.5000
2026-05-25T20:47:06.496736,1479,0.0000,0.0000,0.0000,-0.5000
2026-05-25T20:47:06.596902,1480,0.0000,0.0000,0.0000,-0.5000
2026-05-25T20:47:06.696987,1481,0.0000,0.0000,0.0000,-0.5000
2026-05-25T20:47:06.797125,1482,0.0000,0.0000,0.0000,-0.5000
2026-05-25T20:47:06.897426,1483,0.0000,0.0000,0.0000,-0.5000
2026-05-25T20:47:06.997325,1484,0.0000,0.0000,0.0000,-0.5000
2026-05-25T20:47:07.246309,1485,0.0000,0.0000,0.0000,-0.5000
2026-05-25T20:47:07.346456,1486,0.0000,0.0000,0.0000,-0.5000
2026-05-25T20:47:07.446511,1487,0.0000,0.0000,0.0000,-0.5000
2026-05-25T20:47:07.546610,1488,0.0000,0.0000,0.0000,-0.5000
2026-05-25T20:47:07.646762,1489,0.0000,0.0000,0.0000,-0.5000
2026-05-25T20:47:07.746920,1490,0.0000,0.0000,0.0000,-0.5000
2026-05-25T20:47:07.847076,1491,0.0000,0.0000,0.0000,-0.5000
2026-05-25T20:47:07.947317,1492,0.0000,0.0000,0.0000,-0.5000
2026-05-25T20:47:08.047536,1493,0.0000,0.0000,0.0000,-0.5000
2026-05-25T20:47:08.147564,1494,0.0000,0.0000,0.0000,-0.5000
2026-05-25T20:47:08.248349,1495,0.0000,0.0000,0.0000,-0.5000
2026-05-25T20:47:08.348479,1496,0.0000,0.0000,0.0000,-0.5000
2026-05-25T20:47:08.448582,1497,0.0000,0.0000,0.0000,-0.5000
2026-05-25T20:47:08.666353,1498,0.0000,0.0000,0.0000,-0.5000
2026-05-25T20:47:08.766332,1499,-0.2000,0.0000,0.0000,-0.5000
2026-05-25T20:47:08.866434,1500,-0.2000,0.0000,0.0000,-0.5000
2026-05-25T20:47:08.966552,1501,-0.2000,0.0000,0.0000,-0.5000
2026-05-25T20:47:09.066692,1502,-0.2000,0.0000,0.0000,-0.5000
2026-05-25T20:47:09.166794,1503,-0.2000,0.0000,0.0000,-0.5000
2026-05-25T20:47:09.266956,1504,-0.2000,0.0000,0.0000,-0.5000
2026-05-25T20:47:09.367170,1505,-0.2000,0.0000,0.0000,-0.5000
2026-05-25T20:47:09.469418,1506,-0.2000,0.0000,0.0000,-0.5000
2026-05-25T20:47:09.676295,1507,-0.2000,0.0000,0.0000,-0.5000
2026-05-25T20:47:09.776329,1508,-0.2000,0.0000,0.0000,-0.5000
2026-05-25T20:47:09.878887,1509,-0.2000,0.0000,0.0000,-0.5000
2026-05-25T20:47:09.976671,1510,-0.2000,0.0000,0.0000,-0.5000
2026-05-25T20:47:10.076749,1511,-0.2000,0.0000,0.0000,-0.5000
2026-05-25T20:47:10.176909,1512,-0.2000,0.0000,0.0000,-0.5000
2026-05-25T20:47:10.277032,1513,-0.2000,0.0000,0.0000,-0.5000
2026-05-25T20:47:10.377222,1514,-0.2000,0.0000,0.0000,-0.5000
2026-05-25T20:47:10.477330,1515,-0.2000,0.0000,0.0000,-0.5000
2026-05-25T20:47:10.577345,1516,-0.2000,0.0000,0.0000,-0.5000
2026-05-25T20:47:10.677536,1517,-0.2000,0.0000,0.0000,-0.5000
2026-05-25T20:47:10.896462,1518,-0.2000,0.0000,0.0000,-0.5000
2026-05-25T20:47:10.996487,1519,-0.2000,0.0000,0.0000,-0.5000
2026-05-25T20:47:11.096616,1520,-0.2000,0.0000,0.0000,-0.5000
2026-05-25T20:47:11.197414,1521,-0.2000,0.0000,0.0000,-0.5000
2026-05-25T20:47:11.297548,1522,-0.2000,0.0000,0.0000,-0.5000
2026-05-25T20:47:11.397626,1523,-0.2000,0.0000,0.0000,-0.5000
2026-05-25T20:47:11.498295,1524,-0.2000,0.0000,0.0000,-0.5000
2026-05-25T20:47:11.597974,1525,-0.2000,0.0000,0.0000,-0.5000
2026-05-25T20:47:11.698044,1526,-0.2000,0.0000,0.0000,-0.5000
2026-05-25T20:47:11.799021,1527,-0.2000,0.0000,0.0000,-0.5000
2026-05-25T20:47:11.898857,1528,-0.2000,0.0000,0.0000,-0.5000
2026-05-25T20:47:12.166477,1529,0.0000,0.0000,0.0000,0.5000
2026-05-25T20:47:12.266493,1530,0.0000,0.0000,0.0000,0.5000
2026-05-25T20:47:12.366699,1531,0.0000,0.0000,0.0000,0.5000
2026-05-25T20:47:12.466808,1532,0.0000,0.0000,0.0000,0.5000
2026-05-25T20:47:12.566945,1533,0.0000,0.0000,0.0000,0.5000
2026-05-25T20:47:12.667105,1534,0.0000,0.0000,0.0000,0.5000
2026-05-25T20:47:12.767173,1535,0.0000,0.0000,0.0000,0.5000
2026-05-25T20:47:12.867296,1536,0.0000,0.0000,0.0000,0.5000
2026-05-25T20:47:12.967381,1537,0.0000,0.0000,0.0000,0.5000
2026-05-25T20:47:13.067473,1538,0.0000,0.0000,0.0000,0.5000
2026-05-25T20:47:13.168687,1539,0.0000,0.0000,0.0000,0.5000
2026-05-25T20:47:13.268834,1540,0.0000,0.0000,0.0000,0.5000
2026-05-25T20:47:13.368942,1541,0.0000,0.0000,0.0000,0.5000
2026-05-25T20:47:13.469093,1542,0.0000,0.0000,0.0000,0.5000
2026-05-25T20:47:13.569227,1543,0.0000,0.0000,0.0000,0.5000
2026-05-25T20:47:13.670402,1544,0.0000,0.0000,0.0000,0.5000
2026-05-25T20:47:13.770581,1545,0.0000,0.0000,0.0000,0.5000
2026-05-25T20:47:13.870830,1546,0.0000,0.0000,0.0000,0.5000
2026-05-25T20:47:13.972394,1547,0.0000,0.0000,0.0000,0.5000
2026-05-25T20:47:14.166423,1548,0.0000,0.0000,0.0000,0.5000
2026-05-25T20:47:14.266505,1549,0.0000,0.0000,0.0000,0.5000
2026-05-25T20:47:14.366638,1550,0.0000,0.0000,0.0000,0.5000
2026-05-25T20:47:14.466832,1551,0.0000,0.0000,0.0000,0.5000
2026-05-25T20:47:14.566894,1552,0.0000,0.0000,0.0000,0.5000
2026-05-25T20:47:14.667011,1553,0.0000,0.0000,0.0000,0.5000
2026-05-25T20:47:14.767193,1554,0.0000,0.0000,0.0000,0.5000
2026-05-25T20:47:14.867359,1555,0.0000,0.0000,0.0000,0.5000
2026-05-25T20:47:14.967402,1556,0.0000,0.0000,0.0000,0.5000
2026-05-25T20:47:15.196435,1557,0.0000,0.0000,0.0000,0.5000
2026-05-25T20:47:15.297311,1558,0.0000,0.0000,0.0000,0.5000
2026-05-25T20:47:15.397459,1559,0.3000,0.0000,0.0000,0.0000
2026-05-25T20:47:15.497589,1560,0.3000,0.0000,0.0000,0.0000
2026-05-25T20:47:15.597744,1561,0.3000,0.0000,0.0000,0.0000
2026-05-25T20:47:15.697864,1562,0.3000,0.0000,0.0000,0.0000
2026-05-25T20:47:15.797987,1563,0.3000,0.0000,0.0000,0.0000
2026-05-25T20:47:15.898139,1564,0.3000,0.0000,0.0000,0.0000
2026-05-25T20:47:15.998240,1565,0.3000,0.0000,0.0000,0.0000
2026-05-25T20:47:16.098374,1566,0.3000,0.0000,0.0000,0.0000
2026-05-25T20:47:16.198466,1567,0.3000,0.0000,0.0000,0.0000
2026-05-25T20:47:16.436389,1568,0.3000,0.0000,0.0000,0.0000
2026-05-25T20:47:16.536788,1569,0.3000,0.0000,0.0000,0.0000
2026-05-25T20:47:16.638387,1570,0.3000,0.0000,0.0000,0.0000
2026-05-25T20:47:16.738511,1571,0.3000,0.0000,0.0000,0.0000
2026-05-25T20:47:16.838639,1572,0.3000,0.0000,0.0000,0.0000
2026-05-25T20:47:16.938788,1573,0.3000,0.0000,0.0000,0.0000
2026-05-25T20:47:17.038920,1574,0.3000,0.0000,0.0000,0.0000
2026-05-25T20:47:17.139038,1575,0.3000,0.0000,0.0000,0.0000
2026-05-25T20:47:17.239169,1576,0.3000,0.0000,0.0000,0.0000
2026-05-25T20:47:17.339316,1577,0.3000,0.0000,0.0000,0.0000
2026-05-25T20:47:17.439440,1578,0.3000,0.0000,0.0000,0.0000
2026-05-25T20:47:17.656880,1579,0.3000,0.0000,0.0000,0.0000
2026-05-25T20:47:17.756550,1580,0.3000,0.0000,0.0000,0.0000
2026-05-25T20:47:17.856651,1581,0.3000,0.0000,0.0000,0.0000
2026-05-25T20:47:17.956819,1582,0.3000,0.0000,0.0000,0.0000
2026-05-25T20:47:18.056920,1583,0.3000,0.0000,0.0000,0.0000
2026-05-25T20:47:18.157053,1584,0.3000,0.0000,0.0000,0.0000
2026-05-25T20:47:18.258280,1585,0.3000,0.0000,0.0000,0.0000
2026-05-25T20:47:18.359520,1586,0.3000,0.0000,0.0000,0.0000
2026-05-25T20:47:18.458591,1587,0.3000,0.0000,0.0000,0.0000
2026-05-25T20:47:18.666451,1588,0.3000,0.0000,0.0000,0.0000
2026-05-25T20:47:18.766519,1589,0.0000,0.0000,0.0000,-0.5000
2026-05-25T20:47:18.866677,1590,0.0000,0.0000,0.0000,-0.5000
2026-05-25T20:47:18.966807,1591,0.0000,0.0000,0.0000,-0.5000
2026-05-25T20:47:19.066976,1592,0.0000,0.0000,0.0000,-0.5000
2026-05-25T20:47:19.167118,1593,0.0000,0.0000,0.0000,-0.5000
2026-05-25T20:47:19.267234,1594,0.0000,0.0000,0.0000,-0.5000
2026-05-25T20:47:19.367375,1595,0.0000,0.0000,0.0000,-0.5000
2026-05-25T20:47:19.467518,1596,0.0000,0.0000,0.0000,-0.5000
2026-05-25T20:47:19.567622,1597,0.0000,0.0000,0.0000,-0.5000
2026-05-25T20:47:19.667792,1598,0.0000,0.0000,0.0000,-0.5000
2026-05-25T20:47:19.886522,1599,0.0000,0.0000,0.0000,-0.5000
2026-05-25T20:47:19.986631,1600,0.0000,0.0000,0.0000,-0.5000
2026-05-25T20:47:20.086786,1601,0.0000,0.0000,0.0000,-0.5000
2026-05-25T20:47:20.186913,1602,0.0000,0.0000,0.0000,-0.5000
2026-05-25T20:47:20.287690,1603,0.0000,0.0000,0.0000,-0.5000
2026-05-25T20:47:20.387892,1604,0.0000,0.0000,0.0000,-0.5000
2026-05-25T20:47:20.487966,1605,0.0000,0.0000,0.0000,-0.5000
2026-05-25T20:47:20.588076,1606,0.0000,0.0000,0.0000,-0.5000
2026-05-25T20:47:20.688176,1607,0.0000,0.0000,0.0000,-0.5000
2026-05-25T20:47:20.788361,1608,0.0000,0.0000,0.0000,-0.5000
2026-05-25T20:47:20.888506,1609,0.0000,0.0000,0.0000,-0.5000
2026-05-25T20:47:21.136997,1610,0.0000,0.0000,0.0000,-0.5000
2026-05-25T20:47:21.236645,1611,0.0000,0.0000,0.0000,-0.5000
2026-05-25T20:47:21.337510,1612,0.0000,0.0000,0.0000,-0.5000
2026-05-25T20:47:21.437638,1613,0.0000,0.0000,0.0000,-0.5000
2026-05-25T20:47:21.537779,1614,0.0000,0.0000,0.0000,-0.5000
2026-05-25T20:47:21.637923,1615,0.0000,0.0000,0.0000,-0.5000
2026-05-25T20:47:21.738052,1616,0.0000,0.0000,0.0000,-0.5000
2026-05-25T20:47:21.838246,1617,0.0000,0.0000,0.0000,-0.5000
2026-05-25T20:47:21.938317,1618,0.0000,0.0000,0.0000,-0.5000
2026-05-25T20:47:22.038465,1619,-0.2000,0.0000,0.0000,-0.5000
2026-05-25T20:47:22.138589,1620,-0.2000,0.0000,0.0000,-0.5000
2026-05-25T20:47:22.366569,1621,-0.2000,0.0000,0.0000,-0.5000
2026-05-25T20:47:22.469523,1622,-0.2000,0.0000,0.0000,-0.5000
2026-05-25T20:47:22.569627,1623,-0.2000,0.0000,0.0000,-0.5000
2026-05-25T20:47:22.670450,1624,-0.2000,0.0000,0.0000,-0.5000
2026-05-25T20:47:22.769926,1625,-0.2000,0.0000,0.0000,-0.5000
2026-05-25T20:47:22.870055,1626,-0.2000,0.0000,0.0000,-0.5000
2026-05-25T20:47:22.970219,1627,-0.2000,0.0000,0.0000,-0.5000
2026-05-25T20:47:23.070500,1628,-0.2000,0.0000,0.0000,-0.5000
2026-05-25T20:47:23.170329,1629,-0.2000,0.0000,0.0000,-0.5000
2026-05-25T20:47:23.270617,1630,-0.2000,0.0000,0.0000,-0.5000
2026-05-25T20:47:23.370584,1631,-0.2000,0.0000,0.0000,-0.5000
2026-05-25T20:47:23.586724,1632,-0.2000,0.0000,0.0000,-0.5000
2026-05-25T20:47:23.686963,1633,-0.2000,0.0000,0.0000,-0.5000
2026-05-25T20:47:23.787078,1634,-0.2000,0.0000,0.0000,-0.5000
2026-05-25T20:47:23.887461,1635,-0.2000,0.0000,0.0000,-0.5000
2026-05-25T20:47:24.025393,1636,-0.2000,0.0000,0.0000,-0.5000
2026-05-25T20:47:24.125483,1637,-0.2000,0.0000,0.0000,-0.5000
2026-05-25T20:47:24.225614,1638,-0.2000,0.0000,0.0000,-0.5000
2026-05-25T20:47:24.325747,1639,-0.2000,0.0000,0.0000,-0.5000
2026-05-25T20:47:24.425874,1640,-0.2000,0.0000,0.0000,-0.5000
2026-05-25T20:47:24.525985,1641,-0.2000,0.0000,0.0000,-0.5000
2026-05-25T20:47:24.806619,1642,-0.2000,0.0000,0.0000,-0.5000
2026-05-25T20:47:24.906667,1643,-0.2000,0.0000,0.0000,-0.5000
2026-05-25T20:47:25.006842,1644,-0.2000,0.0000,0.0000,-0.5000
2026-05-25T20:47:25.106939,1645,-0.2000,0.0000,0.0000,-0.5000
2026-05-25T20:47:25.207039,1646,-0.2000,0.0000,0.0000,-0.5000
2026-05-25T20:47:25.307284,1647,-0.2000,0.0000,0.0000,-0.5000
2026-05-25T20:47:25.407507,1648,-0.2000,0.0000,0.0000,-0.5000
2026-05-25T20:47:25.507513,1649,0.0000,0.0000,0.0000,0.5000
2026-05-25T20:47:25.607896,1650,0.0000,0.0000,0.0000,0.5000
2026-05-25T20:47:25.707911,1651,0.0000,0.0000,0.0000,0.5000
2026-05-25T20:47:25.807995,1652,0.0000,0.0000,0.0000,0.5000
2026-05-25T20:47:26.076676,1653,0.0000,0.0000,0.0000,0.5000
2026-05-25T20:47:26.176839,1654,0.0000,0.0000,0.0000,0.5000
2026-05-25T20:47:26.277006,1655,0.0000,0.0000,0.0000,0.5000
2026-05-25T20:47:26.379306,1656,0.0000,0.0000,0.0000,0.5000
2026-05-25T20:47:26.479432,1657,0.0000,0.0000,0.0000,0.5000
2026-05-25T20:47:26.579599,1658,0.0000,0.0000,0.0000,0.5000
2026-05-25T20:47:26.679701,1659,0.0000,0.0000,0.0000,0.5000
2026-05-25T20:47:26.779881,1660,0.0000,0.0000,0.0000,0.5000
2026-05-25T20:47:26.880307,1661,0.0000,0.0000,0.0000,0.5000
2026-05-25T20:47:26.980409,1662,0.0000,0.0000,0.0000,0.5000
2026-05-25T20:47:27.080564,1663,0.0000,0.0000,0.0000,0.5000
2026-05-25T20:47:27.180660,1664,0.0000,0.0000,0.0000,0.5000
2026-05-25T20:47:27.280802,1665,0.0000,0.0000,0.0000,0.5000
2026-05-25T20:47:27.380980,1666,0.0000,0.0000,0.0000,0.5000
2026-05-25T20:47:27.481209,1667,0.0000,0.0000,0.0000,0.5000
2026-05-25T20:47:27.697020,1668,0.0000,0.0000,0.0000,0.5000
2026-05-25T20:47:27.797179,1669,0.0000,0.0000,0.0000,0.5000
2026-05-25T20:47:27.897596,1670,0.0000,0.0000,0.0000,0.5000
2026-05-25T20:47:27.997552,1671,0.0000,0.0000,0.0000,0.5000
2026-05-25T20:47:28.097626,1672,0.0000,0.0000,0.0000,0.5000
2026-05-25T20:47:28.197746,1673,0.0000,0.0000,0.0000,0.5000
2026-05-25T20:47:28.298164,1674,0.0000,0.0000,0.0000,0.5000
2026-05-25T20:47:28.398253,1675,0.0000,0.0000,0.0000,0.5000
2026-05-25T20:47:28.501454,1676,0.0000,0.0000,0.0000,0.5000
2026-05-25T20:47:28.602031,1677,0.0000,0.0000,0.0000,0.5000
2026-05-25T20:47:28.701574,1678,0.0000,0.0000,0.0000,0.5000
2026-05-25T20:47:28.917500,1679,0.3000,0.0000,0.0000,0.0000
2026-05-25T20:47:29.016859,1680,0.3000,0.0000,0.0000,0.0000
2026-05-25T20:47:29.117004,1681,0.3000,0.0000,0.0000,0.0000
2026-05-25T20:47:29.217446,1682,0.3000,0.0000,0.0000,0.0000
2026-05-25T20:47:29.319360,1683,0.3000,0.0000,0.0000,0.0000
2026-05-25T20:47:29.419418,1684,0.3000,0.0000,0.0000,0.0000
2026-05-25T20:47:29.519564,1685,0.3000,0.0000,0.0000,0.0000
2026-05-25T20:47:29.619696,1686,0.3000,0.0000,0.0000,0.0000
2026-05-25T20:47:29.719805,1687,0.3000,0.0000,0.0000,0.0000
2026-05-25T20:47:29.819913,1688,0.3000,0.0000,0.0000,0.0000
2026-05-25T20:47:29.920121,1689,0.3000,0.0000,0.0000,0.0000
2026-05-25T20:47:30.136714,1690,0.3000,0.0000,0.0000,0.0000
2026-05-25T20:47:30.236831,1691,0.3000,0.0000,0.0000,0.0000
2026-05-25T20:47:30.336970,1692,0.3000,0.0000,0.0000,0.0000
2026-05-25T20:47:30.437087,1693,0.3000,0.0000,0.0000,0.0000
2026-05-25T20:47:30.537210,1694,0.3000,0.0000,0.0000,0.0000
2026-05-25T20:47:30.637331,1695,0.3000,0.0000,0.0000,0.0000
2026-05-25T20:47:30.737469,1696,0.3000,0.0000,0.0000,0.0000
2026-05-25T20:47:30.837584,1697,0.3000,0.0000,0.0000,0.0000
2026-05-25T20:47:30.937685,1698,0.3000,0.0000,0.0000,0.0000
2026-05-25T20:47:31.109503,1699,0.3000,0.0000,0.0000,0.0000
2026-05-25T20:47:31.209614,1700,0.3000,0.0000,0.0000,0.0000
2026-05-25T20:47:31.309736,1701,0.3000,0.0000,0.0000,0.0000
2026-05-25T20:47:31.409887,1702,0.3000,0.0000,0.0000,0.0000
2026-05-25T20:47:31.510014,1703,0.3000,0.0000,0.0000,0.0000
2026-05-25T20:47:31.610753,1704,0.3000,0.0000,0.0000,0.0000
2026-05-25T20:47:31.710269,1705,0.3000,0.0000,0.0000,0.0000
2026-05-25T20:47:31.810474,1706,0.3000,0.0000,0.0000,0.0000
2026-05-25T20:47:31.910450,1707,0.3000,0.0000,0.0000,0.0000
2026-05-25T20:47:32.046792,1708,0.3000,0.0000,0.0000,0.0000
2026-05-25T20:47:32.156711,1709,0.0000,0.0000,0.0000,-0.5000
2026-05-25T20:47:32.257706,1710,0.0000,0.0000,0.0000,-0.5000
2026-05-25T20:47:32.357830,1711,0.0000,0.0000,0.0000,-0.5000
2026-05-25T20:47:32.457967,1712,0.0000,0.0000,0.0000,-0.5000
2026-05-25T20:47:32.558084,1713,0.0000,0.0000,0.0000,-0.5000
2026-05-25T20:47:32.658225,1714,0.0000,0.0000,0.0000,-0.5000
2026-05-25T20:47:32.758310,1715,0.0000,0.0000,0.0000,-0.5000
2026-05-25T20:47:32.858474,1716,0.0000,0.0000,0.0000,-0.5000
2026-05-25T20:47:32.958595,1717,0.0000,0.0000,0.0000,-0.5000
2026-05-25T20:47:33.099879,1718,0.0000,0.0000,0.0000,-0.5000
2026-05-25T20:47:33.199975,1719,0.0000,0.0000,0.0000,-0.5000
2026-05-25T20:47:33.302434,1720,0.0000,0.0000,0.0000,-0.5000
2026-05-25T20:47:33.402501,1721,0.0000,0.0000,0.0000,-0.5000
2026-05-25T20:47:33.502619,1722,0.0000,0.0000,0.0000,-0.5000
2026-05-25T20:47:33.602722,1723,0.0000,0.0000,0.0000,-0.5000
2026-05-25T20:47:33.702863,1724,0.0000,0.0000,0.0000,-0.5000
2026-05-25T20:47:33.803663,1725,0.0000,0.0000,0.0000,-0.5000
2026-05-25T20:47:33.903068,1726,0.0000,0.0000,0.0000,-0.5000
2026-05-25T20:47:34.004047,1727,0.0000,0.0000,0.0000,-0.5000
2026-05-25T20:47:34.104008,1728,0.0000,0.0000,0.0000,-0.5000
2026-05-25T20:47:34.387179,1729,0.0000,0.0000,0.0000,-0.5000
2026-05-25T20:47:34.487137,1730,0.0000,0.0000,0.0000,-0.5000
2026-05-25T20:47:34.587261,1731,0.0000,0.0000,0.0000,-0.5000
2026-05-25T20:47:34.687313,1732,0.0000,0.0000,0.0000,-0.5000
2026-05-25T20:47:34.787451,1733,0.0000,0.0000,0.0000,-0.5000
2026-05-25T20:47:34.887842,1734,0.0000,0.0000,0.0000,-0.5000
2026-05-25T20:47:34.988291,1735,0.0000,0.0000,0.0000,-0.5000
2026-05-25T20:47:35.089556,1736,0.0000,0.0000,0.0000,-0.5000
2026-05-25T20:47:35.189606,1737,0.0000,0.0000,0.0000,-0.5000
2026-05-25T20:47:35.388994,1738,0.0000,0.0000,0.0000,-0.5000
2026-05-25T20:47:35.489126,1739,-0.2000,0.0000,0.0000,-0.5000
2026-05-25T20:47:35.589259,1740,-0.2000,0.0000,0.0000,-0.5000
2026-05-25T20:47:35.689336,1741,-0.2000,0.0000,0.0000,-0.5000
2026-05-25T20:47:35.789485,1742,-0.2000,0.0000,0.0000,-0.5000
2026-05-25T20:47:35.890272,1743,-0.2000,0.0000,0.0000,-0.5000
2026-05-25T20:47:35.990318,1744,-0.2000,0.0000,0.0000,-0.5000
2026-05-25T20:47:36.090422,1745,-0.2000,0.0000,0.0000,-0.5000
2026-05-25T20:47:36.190561,1746,-0.2000,0.0000,0.0000,-0.5000
2026-05-25T20:47:36.407045,1747,-0.2000,0.0000,0.0000,-0.5000
2026-05-25T20:47:36.507180,1748,-0.2000,0.0000,0.0000,-0.5000
2026-05-25T20:47:36.608749,1749,-0.2000,0.0000,0.0000,-0.5000
2026-05-25T20:47:36.708874,1750,-0.2000,0.0000,0.0000,-0.5000
2026-05-25T20:47:36.809330,1751,-0.2000,0.0000,0.0000,-0.5000
2026-05-25T20:47:36.909422,1752,-0.2000,0.0000,0.0000,-0.5000
2026-05-25T20:47:37.009502,1753,-0.2000,0.0000,0.0000,-0.5000
2026-05-25T20:47:37.111785,1754,-0.2000,0.0000,0.0000,-0.5000
2026-05-25T20:47:37.210335,1755,-0.2000,0.0000,0.0000,-0.5000
2026-05-25T20:47:37.310494,1756,-0.2000,0.0000,0.0000,-0.5000
2026-05-25T20:47:37.410610,1757,-0.2000,0.0000,0.0000,-0.5000
2026-05-25T20:47:37.631324,1758,-0.2000,0.0000,0.0000,-0.5000
2026-05-25T20:47:37.731370,1759,-0.2000,0.0000,0.0000,-0.5000
2026-05-25T20:47:37.831445,1760,-0.2000,0.0000,0.0000,-0.5000
2026-05-25T20:47:37.931559,1761,-0.2000,0.0000,0.0000,-0.5000
2026-05-25T20:47:38.031707,1762,-0.2000,0.0000,0.0000,-0.5000
2026-05-25T20:47:38.131811,1763,-0.2000,0.0000,0.0000,-0.5000
2026-05-25T20:47:38.231941,1764,-0.2000,0.0000,0.0000,-0.5000
2026-05-25T20:47:38.332356,1765,-0.2000,0.0000,0.0000,-0.5000
2026-05-25T20:47:38.432400,1766,-0.2000,0.0000,0.0000,-0.5000
2026-05-25T20:47:38.532627,1767,-0.2000,0.0000,0.0000,-0.5000
2026-05-25T20:47:38.632806,1768,-0.2000,0.0000,0.0000,-0.5000
2026-05-25T20:47:38.846982,1769,0.0000,0.0000,0.0000,0.5000
2026-05-25T20:47:38.947155,1770,0.0000,0.0000,0.0000,0.5000
2026-05-25T20:47:39.047260,1771,0.0000,0.0000,0.0000,0.5000
2026-05-25T20:47:39.147474,1772,0.0000,0.0000,0.0000,0.5000
2026-05-25T20:47:39.247594,1773,0.0000,0.0000,0.0000,0.5000
2026-05-25T20:47:39.347695,1774,0.0000,0.0000,0.0000,0.5000
2026-05-25T20:47:39.447887,1775,0.0000,0.0000,0.0000,0.5000
2026-05-25T20:47:39.548083,1776,0.0000,0.0000,0.0000,0.5000
2026-05-25T20:47:39.648206,1777,0.0000,0.0000,0.0000,0.5000
2026-05-25T20:47:39.749301,1778,0.0000,0.0000,0.0000,0.5000
2026-05-25T20:47:39.849458,1779,0.0000,0.0000,0.0000,0.5000
2026-05-25T20:47:40.066950,1780,0.0000,0.0000,0.0000,0.5000
2026-05-25T20:47:40.167284,1781,0.0000,0.0000,0.0000,0.5000
2026-05-25T20:47:40.267328,1782,0.0000,0.0000,0.0000,0.5000
2026-05-25T20:47:40.367520,1783,0.0000,0.0000,0.0000,0.5000
2026-05-25T20:47:40.467516,1784,0.0000,0.0000,0.0000,0.5000
2026-05-25T20:47:40.567783,1785,0.0000,0.0000,0.0000,0.5000
2026-05-25T20:47:40.667895,1786,0.0000,0.0000,0.0000,0.5000
2026-05-25T20:47:40.767991,1787,0.0000,0.0000,0.0000,0.5000
2026-05-25T20:47:40.868195,1788,0.0000,0.0000,0.0000,0.5000
2026-05-25T20:47:40.968275,1789,0.0000,0.0000,0.0000,0.5000
2026-05-25T20:47:41.068314,1790,0.0000,0.0000,0.0000,0.5000
2026-05-25T20:47:41.168465,1791,0.0000,0.0000,0.0000,0.5000
2026-05-25T20:47:41.268569,1792,0.0000,0.0000,0.0000,0.5000
2026-05-25T20:47:41.487373,1793,0.0000,0.0000,0.0000,0.5000
2026-05-25T20:47:41.587516,1794,0.0000,0.0000,0.0000,0.5000
2026-05-25T20:47:41.687642,1795,0.0000,0.0000,0.0000,0.5000
2026-05-25T20:47:41.788351,1796,0.0000,0.0000,0.0000,0.5000
2026-05-25T20:47:41.888496,1797,0.0000,0.0000,0.0000,0.5000
2026-05-25T20:47:41.988811,1798,0.0000,0.0000,0.0000,0.5000
2026-05-25T20:47:42.088694,1799,0.3000,0.0000,0.0000,0.0000
2026-05-25T20:47:42.189042,1800,0.3000,0.0000,0.0000,0.0000
2026-05-25T20:47:42.289107,1801,0.3000,0.0000,0.0000,0.0000
2026-05-25T20:47:42.507418,1802,0.3000,0.0000,0.0000,0.0000
2026-05-25T20:47:42.607549,1803,0.3000,0.0000,0.0000,0.0000
2026-05-25T20:47:42.707693,1804,0.3000,0.0000,0.0000,0.0000
2026-05-25T20:47:42.807825,1805,0.3000,0.0000,0.0000,0.0000
2026-05-25T20:47:42.907952,1806,0.3000,0.0000,0.0000,0.0000
2026-05-25T20:47:43.008102,1807,0.3000,0.0000,0.0000,0.0000
2026-05-25T20:47:43.108233,1808,0.3000,0.0000,0.0000,0.0000
2026-05-25T20:47:43.208492,1809,0.3000,0.0000,0.0000,0.0000
2026-05-25T20:47:43.308611,1810,0.3000,0.0000,0.0000,0.0000
2026-05-25T20:47:43.408751,1811,0.3000,0.0000,0.0000,0.0000
2026-05-25T20:47:43.508896,1812,0.3000,0.0000,0.0000,0.0000
2026-05-25T20:47:43.717124,1813,0.3000,0.0000,0.0000,0.0000
2026-05-25T20:47:43.817997,1814,0.3000,0.0000,0.0000,0.0000
2026-05-25T20:47:43.918149,1815,0.3000,0.0000,0.0000,0.0000
2026-05-25T20:47:44.018278,1816,0.3000,0.0000,0.0000,0.0000
2026-05-25T20:47:44.118323,1817,0.3000,0.0000,0.0000,0.0000
2026-05-25T20:47:44.218515,1818,0.3000,0.0000,0.0000,0.0000
2026-05-25T20:47:44.319316,1819,0.3000,0.0000,0.0000,0.0000
2026-05-25T20:47:44.418733,1820,0.3000,0.0000,0.0000,0.0000
2026-05-25T20:47:44.520175,1821,0.3000,0.0000,0.0000,0.0000
2026-05-25T20:47:44.737196,1822,0.3000,0.0000,0.0000,0.0000
2026-05-25T20:47:44.838111,1823,0.3000,0.0000,0.0000,0.0000
2026-05-25T20:47:44.938158,1824,0.3000,0.0000,0.0000,0.0000
2026-05-25T20:47:45.038317,1825,0.3000,0.0000,0.0000,0.0000
2026-05-25T20:47:45.138863,1826,0.3000,0.0000,0.0000,0.0000
2026-05-25T20:47:45.238994,1827,0.3000,0.0000,0.0000,0.0000
2026-05-25T20:47:45.340320,1828,0.3000,0.0000,0.0000,0.0000
2026-05-25T20:47:45.440442,1829,0.0000,0.0000,0.0000,-0.5000
2026-05-25T20:47:45.540709,1830,0.0000,0.0000,0.0000,-0.5000
2026-05-25T20:47:45.757140,1831,0.0000,0.0000,0.0000,-0.5000
2026-05-25T20:47:45.857254,1832,0.0000,0.0000,0.0000,-0.5000
2026-05-25T20:47:45.957303,1833,0.0000,0.0000,0.0000,-0.5000
2026-05-25T20:47:46.059313,1834,0.0000,0.0000,0.0000,-0.5000
2026-05-25T20:47:46.159461,1835,0.0000,0.0000,0.0000,-0.5000
2026-05-25T20:47:46.259595,1836,0.0000,0.0000,0.0000,-0.5000
2026-05-25T20:47:46.359791,1837,0.0000,0.0000,0.0000,-0.5000
2026-05-25T20:47:46.459848,1838,0.0000,0.0000,0.0000,-0.5000
2026-05-25T20:47:46.560012,1839,0.0000,0.0000,0.0000,-0.5000
2026-05-25T20:47:46.660138,1840,0.0000,0.0000,0.0000,-0.5000
2026-05-25T20:47:46.760402,1841,0.0000,0.0000,0.0000,-0.5000
2026-05-25T20:47:46.997647,1842,0.0000,0.0000,0.0000,-0.5000
2026-05-25T20:47:47.097317,1843,0.0000,0.0000,0.0000,-0.5000
2026-05-25T20:47:47.197481,1844,0.0000,0.0000,0.0000,-0.5000
2026-05-25T20:47:47.297541,1845,0.0000,0.0000,0.0000,-0.5000
2026-05-25T20:47:47.397683,1846,0.0000,0.0000,0.0000,-0.5000
2026-05-25T20:47:47.497936,1847,0.0000,0.0000,0.0000,-0.5000
2026-05-25T20:47:47.600333,1848,0.0000,0.0000,0.0000,-0.5000
2026-05-25T20:47:47.700493,1849,0.0000,0.0000,0.0000,-0.5000
2026-05-25T20:47:47.800610,1850,0.0000,0.0000,0.0000,-0.5000
2026-05-25T20:47:47.900827,1851,0.0000,0.0000,0.0000,-0.5000
2026-05-25T20:47:48.002356,1852,0.0000,0.0000,0.0000,-0.5000
2026-05-25T20:47:48.102483,1853,0.0000,0.0000,0.0000,-0.5000
2026-05-25T20:47:48.202559,1854,0.0000,0.0000,0.0000,-0.5000
2026-05-25T20:47:48.302732,1855,0.0000,0.0000,0.0000,-0.5000
2026-05-25T20:47:48.402919,1856,0.0000,0.0000,0.0000,-0.5000
2026-05-25T20:47:48.510709,1857,0.0000,0.0000,0.0000,-0.5000
2026-05-25T20:47:48.617397,1858,0.0000,0.0000,0.0000,-0.5000
2026-05-25T20:47:48.717518,1859,-0.2000,0.0000,0.0000,-0.5000
2026-05-25T20:47:48.817916,1860,-0.2000,0.0000,0.0000,-0.5000
2026-05-25T20:47:48.919506,1861,-0.2000,0.0000,0.0000,-0.5000
2026-05-25T20:47:49.018966,1862,-0.2000,0.0000,0.0000,-0.5000
2026-05-25T20:47:49.118808,1863,-0.2000,0.0000,0.0000,-0.5000
2026-05-25T20:47:49.219342,1864,-0.2000,0.0000,0.0000,-0.5000
2026-05-25T20:47:49.319494,1865,-0.2000,0.0000,0.0000,-0.5000
2026-05-25T20:47:49.419630,1866,-0.2000,0.0000,0.0000,-0.5000
2026-05-25T20:47:49.520405,1867,-0.2000,0.0000,0.0000,-0.5000
2026-05-25T20:47:49.620544,1868,-0.2000,0.0000,0.0000,-0.5000
2026-05-25T20:47:49.858533,1869,-0.2000,0.0000,0.0000,-0.5000
2026-05-25T20:47:49.961179,1870,-0.2000,0.0000,0.0000,-0.5000
2026-05-25T20:47:50.062430,1871,-0.2000,0.0000,0.0000,-0.5000
2026-05-25T20:47:50.162341,1872,-0.2000,0.0000,0.0000,-0.5000
2026-05-25T20:47:50.262461,1873,-0.2000,0.0000,0.0000,-0.5000
2026-05-25T20:47:50.362582,1874,-0.2000,0.0000,0.0000,-0.5000
2026-05-25T20:47:50.463094,1875,-0.2000,0.0000,0.0000,-0.5000
2026-05-25T20:47:50.563255,1876,-0.2000,0.0000,0.0000,-0.5000
2026-05-25T20:47:50.663349,1877,-0.2000,0.0000,0.0000,-0.5000
2026-05-25T20:47:50.763489,1878,-0.2000,0.0000,0.0000,-0.5000
2026-05-25T20:47:50.863619,1879,-0.2000,0.0000,0.0000,-0.5000
2026-05-25T20:47:51.017234,1880,-0.2000,0.0000,0.0000,-0.5000
2026-05-25T20:47:51.117870,1881,-0.2000,0.0000,0.0000,-0.5000
2026-05-25T20:47:51.217355,1882,-0.2000,0.0000,0.0000,-0.5000
2026-05-25T20:47:51.317479,1883,-0.2000,0.0000,0.0000,-0.5000
2026-05-25T20:47:51.417552,1884,-0.2000,0.0000,0.0000,-0.5000
2026-05-25T20:47:51.517697,1885,-0.2000,0.0000,0.0000,-0.5000
2026-05-25T20:47:51.617884,1886,-0.2000,0.0000,0.0000,-0.5000
2026-05-25T20:47:51.718125,1887,-0.2000,0.0000,0.0000,-0.5000
2026-05-25T20:47:51.818276,1888,-0.2000,0.0000,0.0000,-0.5000
2026-05-25T20:47:51.918229,1889,0.0000,0.0000,0.0000,0.5000
2026-05-25T20:47:52.018335,1890,0.0000,0.0000,0.0000,0.5000
2026-05-25T20:47:52.317314,1891,0.0000,0.0000,0.0000,0.5000
2026-05-25T20:47:52.417489,1892,0.0000,0.0000,0.0000,0.5000
2026-05-25T20:47:52.517597,1893,0.0000,0.0000,0.0000,0.5000
2026-05-25T20:47:52.617630,1894,0.0000,0.0000,0.0000,0.5000
2026-05-25T20:47:52.717773,1895,0.0000,0.0000,0.0000,0.5000
2026-05-25T20:47:52.818370,1896,0.0000,0.0000,0.0000,0.5000
2026-05-25T20:47:52.918520,1897,0.0000,0.0000,0.0000,0.5000
2026-05-25T20:47:53.018620,1898,0.0000,0.0000,0.0000,0.5000
2026-05-25T20:47:53.118726,1899,0.0000,0.0000,0.0000,0.5000
2026-05-25T20:47:53.219070,1900,0.0000,0.0000,0.0000,0.5000
2026-05-25T20:47:53.319013,1901,0.0000,0.0000,0.0000,0.5000
2026-05-25T20:47:53.537412,1902,0.0000,0.0000,0.0000,0.5000
2026-05-25T20:47:53.637464,1903,0.0000,0.0000,0.0000,0.5000
2026-05-25T20:47:53.737560,1904,0.0000,0.0000,0.0000,0.5000
2026-05-25T20:47:53.837702,1905,0.0000,0.0000,0.0000,0.5000
2026-05-25T20:47:53.938335,1906,0.0000,0.0000,0.0000,0.5000
2026-05-25T20:47:54.039394,1907,0.0000,0.0000,0.0000,0.5000
2026-05-25T20:47:54.139553,1908,0.0000,0.0000,0.0000,0.5000
2026-05-25T20:47:54.239674,1909,0.0000,0.0000,0.0000,0.5000
2026-05-25T20:47:54.339795,1910,0.0000,0.0000,0.0000,0.5000
2026-05-25T20:47:54.577363,1911,0.0000,0.0000,0.0000,0.5000
2026-05-25T20:47:54.677510,1912,0.0000,0.0000,0.0000,0.5000
2026-05-25T20:47:54.777604,1913,0.0000,0.0000,0.0000,0.5000
2026-05-25T20:47:54.877885,1914,0.0000,0.0000,0.0000,0.5000
2026-05-25T20:47:54.977823,1915,0.0000,0.0000,0.0000,0.5000
2026-05-25T20:47:55.078202,1916,0.0000,0.0000,0.0000,0.5000
2026-05-25T20:47:55.178168,1917,0.0000,0.0000,0.0000,0.5000
2026-05-25T20:47:55.278244,1918,0.0000,0.0000,0.0000,0.5000
2026-05-25T20:47:55.378306,1919,0.3000,0.0000,0.0000,0.0000
2026-05-25T20:47:55.478445,1920,0.3000,0.0000,0.0000,0.0000
2026-05-25T20:47:55.578612,1921,0.3000,0.0000,0.0000,0.0000
2026-05-25T20:47:55.797742,1922,0.3000,0.0000,0.0000,0.0000
2026-05-25T20:47:55.897374,1923,0.3000,0.0000,0.0000,0.0000
2026-05-25T20:47:55.997714,1924,0.3000,0.0000,0.0000,0.0000
2026-05-25T20:47:56.097626,1925,0.3000,0.0000,0.0000,0.0000
2026-05-25T20:47:56.197782,1926,0.3000,0.0000,0.0000,0.0000
2026-05-25T20:47:56.297890,1927,0.3000,0.0000,0.0000,0.0000
2026-05-25T20:47:56.398360,1928,0.3000,0.0000,0.0000,0.0000
2026-05-25T20:47:56.498482,1929,0.3000,0.0000,0.0000,0.0000
2026-05-25T20:47:56.599152,1930,0.3000,0.0000,0.0000,0.0000
2026-05-25T20:47:56.700259,1931,0.3000,0.0000,0.0000,0.0000
2026-05-25T20:47:56.800429,1932,0.3000,0.0000,0.0000,0.0000
2026-05-25T20:47:57.017361,1933,0.3000,0.0000,0.0000,0.0000
2026-05-25T20:47:57.117383,1934,0.3000,0.0000,0.0000,0.0000
2026-05-25T20:47:57.217482,1935,0.3000,0.0000,0.0000,0.0000
2026-05-25T20:47:57.317519,1936,0.3000,0.0000,0.0000,0.0000
2026-05-25T20:47:57.417579,1937,0.3000,0.0000,0.0000,0.0000
2026-05-25T20:47:57.517722,1938,0.3000,0.0000,0.0000,0.0000
2026-05-25T20:47:57.617820,1939,0.3000,0.0000,0.0000,0.0000
2026-05-25T20:47:57.717968,1940,0.3000,0.0000,0.0000,0.0000
2026-05-25T20:47:57.818127,1941,0.3000,0.0000,0.0000,0.0000
2026-05-25T20:47:57.997342,1942,0.3000,0.0000,0.0000,0.0000
2026-05-25T20:47:58.097295,1943,0.3000,0.0000,0.0000,0.0000
2026-05-25T20:47:58.197471,1944,0.3000,0.0000,0.0000,0.0000
2026-05-25T20:47:58.297605,1945,0.3000,0.0000,0.0000,0.0000
2026-05-25T20:47:58.398562,1946,0.3000,0.0000,0.0000,0.0000
2026-05-25T20:47:58.499079,1947,0.3000,0.0000,0.0000,0.0000
2026-05-25T20:47:58.599306,1948,0.3000,0.0000,0.0000,0.0000
2026-05-25T20:47:58.699240,1949,0.0000,0.0000,0.0000,-0.5000
2026-05-25T20:47:58.799837,1950,0.0000,0.0000,0.0000,-0.5000
2026-05-25T20:47:58.900409,1951,0.0000,0.0000,0.0000,-0.5000
2026-05-25T20:47:59.000122,1952,0.0000,0.0000,0.0000,-0.5000
2026-05-25T20:47:59.100112,1953,0.0000,0.0000,0.0000,-0.5000
2026-05-25T20:47:59.200231,1954,0.0000,0.0000,0.0000,-0.5000
2026-05-25T20:47:59.457356,1955,0.0000,0.0000,0.0000,-0.5000
2026-05-25T20:47:59.557485,1956,0.0000,0.0000,0.0000,-0.5000
2026-05-25T20:47:59.658318,1957,0.0000,0.0000,0.0000,-0.5000
2026-05-25T20:47:59.758469,1958,0.0000,0.0000,0.0000,-0.5000
2026-05-25T20:47:59.858517,1959,0.0000,0.0000,0.0000,-0.5000
2026-05-25T20:47:59.958728,1960,0.0000,0.0000,0.0000,-0.5000
2026-05-25T20:48:00.058851,1961,0.0000,0.0000,0.0000,-0.5000
2026-05-25T20:48:00.161429,1962,0.0000,0.0000,0.0000,-0.5000
2026-05-25T20:48:00.261748,1963,0.0000,0.0000,0.0000,-0.5000
2026-05-25T20:48:00.361618,1964,0.0000,0.0000,0.0000,-0.5000
2026-05-25T20:48:00.461718,1965,0.0000,0.0000,0.0000,-0.5000
2026-05-25T20:48:00.687685,1966,0.0000,0.0000,0.0000,-0.5000
2026-05-25T20:48:00.787778,1967,0.0000,0.0000,0.0000,-0.5000
2026-05-25T20:48:00.888323,1968,0.0000,0.0000,0.0000,-0.5000
2026-05-25T20:48:00.988760,1969,0.0000,0.0000,0.0000,-0.5000
2026-05-25T20:48:01.088417,1970,0.0000,0.0000,0.0000,-0.5000
2026-05-25T20:48:01.188824,1971,0.0000,0.0000,0.0000,-0.5000
2026-05-25T20:48:01.289304,1972,0.0000,0.0000,0.0000,-0.5000
2026-05-25T20:48:01.389116,1973,0.0000,0.0000,0.0000,-0.5000
2026-05-25T20:48:01.489205,1974,0.0000,0.0000,0.0000,-0.5000
2026-05-25T20:48:01.589363,1975,0.0000,0.0000,0.0000,-0.5000
2026-05-25T20:48:01.689418,1976,0.0000,0.0000,0.0000,-0.5000
2026-05-25T20:48:01.907467,1977,0.0000,0.0000,0.0000,-0.5000
2026-05-25T20:48:02.007625,1978,0.0000,0.0000,0.0000,-0.5000
2026-05-25T20:48:02.107687,1979,-0.2000,0.0000,0.0000,-0.5000
2026-05-25T20:48:02.207790,1980,-0.2000,0.0000,0.0000,-0.5000
2026-05-25T20:48:02.307890,1981,-0.2000,0.0000,0.0000,-0.5000
2026-05-25T20:48:02.408052,1982,-0.2000,0.0000,0.0000,-0.5000
2026-05-25T20:48:02.508388,1983,-0.2000,0.0000,0.0000,-0.5000
2026-05-25T20:48:02.608282,1984,-0.2000,0.0000,0.0000,-0.5000
2026-05-25T20:48:02.708597,1985,-0.2000,0.0000,0.0000,-0.5000
2026-05-25T20:48:02.808703,1986,-0.2000,0.0000,0.0000,-0.5000
2026-05-25T20:48:02.909239,1987,-0.2000,0.0000,0.0000,-0.5000
2026-05-25T20:48:03.127486,1988,-0.2000,0.0000,0.0000,-0.5000
2026-05-25T20:48:03.227561,1989,-0.2000,0.0000,0.0000,-0.5000
2026-05-25T20:48:03.327749,1990,-0.2000,0.0000,0.0000,-0.5000
2026-05-25T20:48:03.427921,1991,-0.2000,0.0000,0.0000,-0.5000
2026-05-25T20:48:03.528060,1992,-0.2000,0.0000,0.0000,-0.5000
2026-05-25T20:48:03.628495,1993,-0.2000,0.0000,0.0000,-0.5000
2026-05-25T20:48:03.728557,1994,-0.2000,0.0000,0.0000,-0.5000
2026-05-25T20:48:03.828526,1995,-0.2000,0.0000,0.0000,-0.5000
2026-05-25T20:48:03.928710,1996,-0.2000,0.0000,0.0000,-0.5000
2026-05-25T20:48:04.042513,1997,-0.2000,0.0000,0.0000,-0.5000
2026-05-25T20:48:04.142753,1998,-0.2000,0.0000,0.0000,-0.5000
2026-05-25T20:48:04.242797,1999,-0.2000,0.0000,0.0000,-0.5000
2026-05-25T20:48:04.342888,2000,-0.2000,0.0000,0.0000,-0.5000
2026-05-25T20:48:04.448229,2001,-0.2000,0.0000,0.0000,-0.5000
2026-05-25T20:48:04.544590,2002,-0.2000,0.0000,0.0000,-0.5000
2026-05-25T20:48:04.644794,2003,-0.2000,0.0000,0.0000,-0.5000
2026-05-25T20:48:04.744868,2004,-0.2000,0.0000,0.0000,-0.5000
2026-05-25T20:48:04.998208,2005,-0.2000,0.0000,0.0000,-0.5000
2026-05-25T20:48:05.098018,2006,-0.2000,0.0000,0.0000,-0.5000
2026-05-25T20:48:05.198202,2007,-0.2000,0.0000,0.0000,-0.5000
2026-05-25T20:48:05.298299,2008,-0.2000,0.0000,0.0000,-0.5000
2026-05-25T20:48:05.401304,2009,0.0000,0.0000,0.0000,0.5000
2026-05-25T20:48:05.502327,2010,0.0000,0.0000,0.0000,0.5000
2026-05-25T20:48:05.602485,2011,0.0000,0.0000,0.0000,0.5000
2026-05-25T20:48:05.702607,2012,0.0000,0.0000,0.0000,0.5000
2026-05-25T20:48:05.802759,2013,0.0000,0.0000,0.0000,0.5000
2026-05-25T20:48:05.902924,2014,0.0000,0.0000,0.0000,0.5000
2026-05-25T20:48:06.003009,2015,0.0000,0.0000,0.0000,0.5000
2026-05-25T20:48:06.103153,2016,0.0000,0.0000,0.0000,0.5000
2026-05-25T20:48:06.203611,2017,0.0000,0.0000,0.0000,0.5000
2026-05-25T20:48:06.417630,2018,0.0000,0.0000,0.0000,0.5000
2026-05-25T20:48:06.517667,2019,0.0000,0.0000,0.0000,0.5000
2026-05-25T20:48:06.617855,2020,0.0000,0.0000,0.0000,0.5000
2026-05-25T20:48:06.718603,2021,0.0000,0.0000,0.0000,0.5000
2026-05-25T20:48:06.819371,2022,0.0000,0.0000,0.0000,0.5000
2026-05-25T20:48:06.919512,2023,0.0000,0.0000,0.0000,0.5000
2026-05-25T20:48:07.019660,2024,0.0000,0.0000,0.0000,0.5000
2026-05-25T20:48:07.119751,2025,0.0000,0.0000,0.0000,0.5000
2026-05-25T20:48:07.220015,2026,0.0000,0.0000,0.0000,0.5000
2026-05-25T20:48:07.447714,2027,0.0000,0.0000,0.0000,0.5000
2026-05-25T20:48:07.547792,2028,0.0000,0.0000,0.0000,0.5000
2026-05-25T20:48:07.647945,2029,0.0000,0.0000,0.0000,0.5000
2026-05-25T20:48:07.748064,2030,0.0000,0.0000,0.0000,0.5000
2026-05-25T20:48:07.848260,2031,0.0000,0.0000,0.0000,0.5000
2026-05-25T20:48:07.948297,2032,0.0000,0.0000,0.0000,0.5000
2026-05-25T20:48:08.048574,2033,0.0000,0.0000,0.0000,0.5000
2026-05-25T20:48:08.148468,2034,0.0000,0.0000,0.0000,0.5000
2026-05-25T20:48:08.248590,2035,0.0000,0.0000,0.0000,0.5000
2026-05-25T20:48:08.348668,2036,0.0000,0.0000,0.0000,0.5000
2026-05-25T20:48:08.448884,2037,0.0000,0.0000,0.0000,0.5000
2026-05-25T20:48:08.697563,2038,0.0000,0.0000,0.0000,0.5000
2026-05-25T20:48:08.798861,2039,0.3000,0.0000,0.0000,0.0000
2026-05-25T20:48:08.899186,2040,0.3000,0.0000,0.0000,0.0000
2026-05-25T20:48:08.999165,2041,0.3000,0.0000,0.0000,0.0000
2026-05-25T20:48:09.099211,2042,0.3000,0.0000,0.0000,0.0000
2026-05-25T20:48:09.199312,2043,0.3000,0.0000,0.0000,0.0000
2026-05-25T20:48:09.299363,2044,0.3000,0.0000,0.0000,0.0000
2026-05-25T20:48:09.400351,2045,0.3000,0.0000,0.0000,0.0000
2026-05-25T20:48:09.500683,2046,0.3000,0.0000,0.0000,0.0000
2026-05-25T20:48:09.600609,2047,0.3000,0.0000,0.0000,0.0000
2026-05-25T20:48:09.700721,2048,0.3000,0.0000,0.0000,0.0000
2026-05-25T20:48:09.919244,2049,0.3000,0.0000,0.0000,0.0000
2026-05-25T20:48:10.018980,2050,0.3000,0.0000,0.0000,0.0000
2026-05-25T20:48:10.119084,2051,0.3000,0.0000,0.0000,0.0000
2026-05-25T20:48:10.219302,2052,0.3000,0.0000,0.0000,0.0000
2026-05-25T20:48:10.319734,2053,0.3000,0.0000,0.0000,0.0000
2026-05-25T20:48:10.420443,2054,0.3000,0.0000,0.0000,0.0000
2026-05-25T20:48:10.519999,2055,0.3000,0.0000,0.0000,0.0000
2026-05-25T20:48:10.620092,2056,0.3000,0.0000,0.0000,0.0000
2026-05-25T20:48:10.722292,2057,0.3000,0.0000,0.0000,0.0000
2026-05-25T20:48:10.822445,2058,0.3000,0.0000,0.0000,0.0000
2026-05-25T20:48:10.923005,2059,0.3000,0.0000,0.0000,0.0000
2026-05-25T20:48:11.137748,2060,0.3000,0.0000,0.0000,0.0000
2026-05-25T20:48:11.237854,2061,0.3000,0.0000,0.0000,0.0000
2026-05-25T20:48:11.338050,2062,0.3000,0.0000,0.0000,0.0000
2026-05-25T20:48:11.438238,2063,0.3000,0.0000,0.0000,0.0000
2026-05-25T20:48:11.538339,2064,0.3000,0.0000,0.0000,0.0000
2026-05-25T20:48:11.638552,2065,0.3000,0.0000,0.0000,0.0000
2026-05-25T20:48:11.738640,2066,0.3000,0.0000,0.0000,0.0000
2026-05-25T20:48:11.838782,2067,0.3000,0.0000,0.0000,0.0000
2026-05-25T20:48:11.938930,2068,0.3000,0.0000,0.0000,0.0000
2026-05-25T20:48:12.147724,2069,0.0000,0.0000,0.0000,-0.5000
2026-05-25T20:48:12.247826,2070,0.0000,0.0000,0.0000,-0.5000
2026-05-25T20:48:12.348015,2071,0.0000,0.0000,0.0000,-0.5000
2026-05-25T20:48:12.448166,2072,0.0000,0.0000,0.0000,-0.5000
2026-05-25T20:48:12.548313,2073,0.0000,0.0000,0.0000,-0.5000
2026-05-25T20:48:12.648468,2074,0.0000,0.0000,0.0000,-0.5000
2026-05-25T20:48:12.748604,2075,0.0000,0.0000,0.0000,-0.5000
2026-05-25T20:48:12.848662,2076,0.0000,0.0000,0.0000,-0.5000
2026-05-25T20:48:12.949023,2077,0.0000,0.0000,0.0000,-0.5000
2026-05-25T20:48:13.049316,2078,0.0000,0.0000,0.0000,-0.5000
2026-05-25T20:48:13.149346,2079,0.0000,0.0000,0.0000,-0.5000
2026-05-25T20:48:13.368178,2080,0.0000,0.0000,0.0000,-0.5000
2026-05-25T20:48:13.468414,2081,0.0000,0.0000,0.0000,-0.5000
2026-05-25T20:48:13.568349,2082,0.0000,0.0000,0.0000,-0.5000
2026-05-25T20:48:13.668571,2083,0.0000,0.0000,0.0000,-0.5000
2026-05-25T20:48:13.768562,2084,0.0000,0.0000,0.0000,-0.5000
2026-05-25T20:48:13.868754,2085,0.0000,0.0000,0.0000,-0.5000
2026-05-25T20:48:13.968842,2086,0.0000,0.0000,0.0000,-0.5000
2026-05-25T20:48:14.068994,2087,0.0000,0.0000,0.0000,-0.5000
2026-05-25T20:48:14.169956,2088,0.0000,0.0000,0.0000,-0.5000
2026-05-25T20:48:14.282382,2089,0.0000,0.0000,0.0000,-0.5000
2026-05-25T20:48:14.382456,2090,0.0000,0.0000,0.0000,-0.5000
2026-05-25T20:48:14.482579,2091,0.0000,0.0000,0.0000,-0.5000
2026-05-25T20:48:14.582773,2092,0.0000,0.0000,0.0000,-0.5000
2026-05-25T20:48:14.682865,2093,0.0000,0.0000,0.0000,-0.5000
2026-05-25T20:48:14.786621,2094,0.0000,0.0000,0.0000,-0.5000
2026-05-25T20:48:14.884490,2095,0.0000,0.0000,0.0000,-0.5000
2026-05-25T20:48:14.984772,2096,0.0000,0.0000,0.0000,-0.5000
2026-05-25T20:48:15.085503,2097,0.0000,0.0000,0.0000,-0.5000
2026-05-25T20:48:15.185592,2098,0.0000,0.0000,0.0000,-0.5000
2026-05-25T20:48:15.389664,2099,-0.2000,0.0000,0.0000,-0.5000
2026-05-25T20:48:15.488351,2100,-0.2000,0.0000,0.0000,-0.5000
2026-05-25T20:48:15.590498,2101,-0.2000,0.0000,0.0000,-0.5000
2026-05-25T20:48:15.690663,2102,-0.2000,0.0000,0.0000,-0.5000
2026-05-25T20:48:15.793287,2103,-0.2000,0.0000,0.0000,-0.5000
2026-05-25T20:48:15.893970,2104,-0.2000,0.0000,0.0000,-0.5000
2026-05-25T20:48:15.993528,2105,-0.2000,0.0000,0.0000,-0.5000
2026-05-25T20:48:16.095330,2106,-0.2000,0.0000,0.0000,-0.5000
2026-05-25T20:48:16.195911,2107,-0.2000,0.0000,0.0000,-0.5000
2026-05-25T20:48:16.398212,2108,-0.2000,0.0000,0.0000,-0.5000
2026-05-25T20:48:16.498320,2109,-0.2000,0.0000,0.0000,-0.5000
2026-05-25T20:48:16.598554,2110,-0.2000,0.0000,0.0000,-0.5000
2026-05-25T20:48:16.698559,2111,-0.2000,0.0000,0.0000,-0.5000
2026-05-25T20:48:16.798864,2112,-0.2000,0.0000,0.0000,-0.5000
2026-05-25T20:48:16.898888,2113,-0.2000,0.0000,0.0000,-0.5000
2026-05-25T20:48:16.998903,2114,-0.2000,0.0000,0.0000,-0.5000
2026-05-25T20:48:17.099303,2115,-0.2000,0.0000,0.0000,-0.5000
2026-05-25T20:48:17.199440,2116,-0.2000,0.0000,0.0000,-0.5000
2026-05-25T20:48:17.408228,2117,-0.2000,0.0000,0.0000,-0.5000
2026-05-25T20:48:17.508272,2118,-0.2000,0.0000,0.0000,-0.5000
2026-05-25T20:48:17.609509,2119,-0.2000,0.0000,0.0000,-0.5000
2026-05-25T20:48:17.710908,2120,-0.2000,0.0000,0.0000,-0.5000
2026-05-25T20:48:17.812321,2121,-0.2000,0.0000,0.0000,-0.5000
2026-05-25T20:48:17.912453,2122,-0.2000,0.0000,0.0000,-0.5000
2026-05-25T20:48:18.012630,2123,-0.2000,0.0000,0.0000,-0.5000
2026-05-25T20:48:18.112704,2124,-0.2000,0.0000,0.0000,-0.5000
2026-05-25T20:48:18.212869,2125,-0.2000,0.0000,0.0000,-0.5000
2026-05-25T20:48:18.312997,2126,-0.2000,0.0000,0.0000,-0.5000
2026-05-25T20:48:18.413083,2127,-0.2000,0.0000,0.0000,-0.5000
2026-05-25T20:48:18.627802,2128,-0.2000,0.0000,0.0000,-0.5000
2026-05-25T20:48:18.727885,2129,0.0000,0.0000,0.0000,0.5000
2026-05-25T20:48:18.827957,2130,0.0000,0.0000,0.0000,0.5000
2026-05-25T20:48:18.928366,2131,0.0000,0.0000,0.0000,0.5000
2026-05-25T20:48:19.028516,2132,0.0000,0.0000,0.0000,0.5000
2026-05-25T20:48:19.128620,2133,0.0000,0.0000,0.0000,0.5000
2026-05-25T20:48:19.228993,2134,0.0000,0.0000,0.0000,0.5000
2026-05-25T20:48:19.329806,2135,0.0000,0.0000,0.0000,0.5000
2026-05-25T20:48:19.428982,2136,0.0000,0.0000,0.0000,0.5000
2026-05-25T20:48:19.637941,2137,0.0000,0.0000,0.0000,0.5000
2026-05-25T20:48:19.738047,2138,0.0000,0.0000,0.0000,0.5000
2026-05-25T20:48:19.838203,2139,0.0000,0.0000,0.0000,0.5000
2026-05-25T20:48:19.938360,2140,0.0000,0.0000,0.0000,0.5000
2026-05-25T20:48:20.040296,2141,0.0000,0.0000,0.0000,0.5000
2026-05-25T20:48:20.140452,2142,0.0000,0.0000,0.0000,0.5000
2026-05-25T20:48:20.240544,2143,0.0000,0.0000,0.0000,0.5000
2026-05-25T20:48:20.340687,2144,0.0000,0.0000,0.0000,0.5000
2026-05-25T20:48:20.440846,2145,0.0000,0.0000,0.0000,0.5000
2026-05-25T20:48:20.657999,2146,0.0000,0.0000,0.0000,0.5000
2026-05-25T20:48:20.758087,2147,0.0000,0.0000,0.0000,0.5000
2026-05-25T20:48:20.858193,2148,0.0000,0.0000,0.0000,0.5000
2026-05-25T20:48:20.959711,2149,0.0000,0.0000,0.0000,0.5000
2026-05-25T20:48:21.058437,2150,0.0000,0.0000,0.0000,0.5000
2026-05-25T20:48:21.158552,2151,0.0000,0.0000,0.0000,0.5000
2026-05-25T20:48:21.258703,2152,0.0000,0.0000,0.0000,0.5000
2026-05-25T20:48:21.358863,2153,0.0000,0.0000,0.0000,0.5000
2026-05-25T20:48:21.458976,2154,0.0000,0.0000,0.0000,0.5000
2026-05-25T20:48:21.559144,2155,0.0000,0.0000,0.0000,0.5000
2026-05-25T20:48:21.659231,2156,0.0000,0.0000,0.0000,0.5000
2026-05-25T20:48:21.877908,2157,0.0000,0.0000,0.0000,0.5000
2026-05-25T20:48:21.978052,2158,0.0000,0.0000,0.0000,0.5000
2026-05-25T20:48:22.078188,2159,0.3000,0.0000,0.0000,0.0000
2026-05-25T20:48:22.178299,2160,0.3000,0.0000,0.0000,0.0000
2026-05-25T20:48:22.278330,2161,0.3000,0.0000,0.0000,0.0000
2026-05-25T20:48:22.378456,2162,0.3000,0.0000,0.0000,0.0000
2026-05-25T20:48:22.478546,2163,0.3000,0.0000,0.0000,0.0000
2026-05-25T20:48:22.578968,2164,0.3000,0.0000,0.0000,0.0000
2026-05-25T20:48:22.678964,2165,0.3000,0.0000,0.0000,0.0000
2026-05-25T20:48:22.779067,2166,0.3000,0.0000,0.0000,0.0000
2026-05-25T20:48:22.879183,2167,0.3000,0.0000,0.0000,0.0000
2026-05-25T20:48:23.138019,2168,0.3000,0.0000,0.0000,0.0000
2026-05-25T20:48:23.238083,2169,0.3000,0.0000,0.0000,0.0000
2026-05-25T20:48:23.338237,2170,0.3000,0.0000,0.0000,0.0000
2026-05-25T20:48:23.438344,2171,0.3000,0.0000,0.0000,0.0000
2026-05-25T20:48:23.538512,2172,0.3000,0.0000,0.0000,0.0000
2026-05-25T20:48:23.638582,2173,0.3000,0.0000,0.0000,0.0000
2026-05-25T20:48:23.738715,2174,0.3000,0.0000,0.0000,0.0000
2026-05-25T20:48:23.838857,2175,0.3000,0.0000,0.0000,0.0000
2026-05-25T20:48:23.939364,2176,0.3000,0.0000,0.0000,0.0000
2026-05-25T20:48:24.039594,2177,0.3000,0.0000,0.0000,0.0000
2026-05-25T20:48:24.141338,2178,0.3000,0.0000,0.0000,0.0000
2026-05-25T20:48:24.248093,2179,0.3000,0.0000,0.0000,0.0000
2026-05-25T20:48:24.357997,2180,0.3000,0.0000,0.0000,0.0000
2026-05-25T20:48:24.458096,2181,0.3000,0.0000,0.0000,0.0000
2026-05-25T20:48:24.558938,2182,0.3000,0.0000,0.0000,0.0000
2026-05-25T20:48:24.658411,2183,0.3000,0.0000,0.0000,0.0000
2026-05-25T20:48:24.758921,2184,0.3000,0.0000,0.0000,0.0000
2026-05-25T20:48:24.859063,2185,0.3000,0.0000,0.0000,0.0000
2026-05-25T20:48:24.959155,2186,0.3000,0.0000,0.0000,0.0000
2026-05-25T20:48:25.059642,2187,0.3000,0.0000,0.0000,0.0000
2026-05-25T20:48:25.159333,2188,0.3000,0.0000,0.0000,0.0000
2026-05-25T20:48:25.368332,2189,0.0000,0.0000,0.0000,-0.5000
2026-05-25T20:48:25.468336,2190,0.0000,0.0000,0.0000,-0.5000
2026-05-25T20:48:25.568464,2191,0.0000,0.0000,0.0000,-0.5000
2026-05-25T20:48:25.668593,2192,0.0000,0.0000,0.0000,-0.5000
2026-05-25T20:48:25.768720,2193,0.0000,0.0000,0.0000,-0.5000
2026-05-25T20:48:25.869267,2194,0.0000,0.0000,0.0000,-0.5000
2026-05-25T20:48:25.969704,2195,0.0000,0.0000,0.0000,-0.5000
2026-05-25T20:48:26.069974,2196,0.0000,0.0000,0.0000,-0.5000
2026-05-25T20:48:26.169985,2197,0.0000,0.0000,0.0000,-0.5000
2026-05-25T20:48:26.270117,2198,0.0000,0.0000,0.0000,-0.5000
2026-05-25T20:48:26.370223,2199,0.0000,0.0000,0.0000,-0.5000
2026-05-25T20:48:26.579187,2200,0.0000,0.0000,0.0000,-0.5000
2026-05-25T20:48:26.679316,2201,0.0000,0.0000,0.0000,-0.5000
2026-05-25T20:48:26.779413,2202,0.0000,0.0000,0.0000,-0.5000
2026-05-25T20:48:26.879519,2203,0.0000,0.0000,0.0000,-0.5000
2026-05-25T20:48:26.979784,2204,0.0000,0.0000,0.0000,-0.5000
2026-05-25T20:48:27.082789,2205,0.0000,0.0000,0.0000,-0.5000
2026-05-25T20:48:27.180173,2206,0.0000,0.0000,0.0000,-0.5000
2026-05-25T20:48:27.280457,2207,0.0000,0.0000,0.0000,-0.5000
2026-05-25T20:48:27.380665,2208,0.0000,0.0000,0.0000,-0.5000
2026-05-25T20:48:27.558182,2209,0.0000,0.0000,0.0000,-0.5000
2026-05-25T20:48:27.658358,2210,0.0000,0.0000,0.0000,-0.5000
2026-05-25T20:48:27.758396,2211,0.0000,0.0000,0.0000,-0.5000
2026-05-25T20:48:27.858443,2212,0.0000,0.0000,0.0000,-0.5000
2026-05-25T20:48:27.958534,2213,0.0000,0.0000,0.0000,-0.5000
2026-05-25T20:48:28.058625,2214,0.0000,0.0000,0.0000,-0.5000
2026-05-25T20:48:28.158833,2215,0.0000,0.0000,0.0000,-0.5000
2026-05-25T20:48:28.259108,2216,0.0000,0.0000,0.0000,-0.5000
2026-05-25T20:48:28.360347,2217,0.0000,0.0000,0.0000,-0.5000
2026-05-25T20:48:28.588429,2218,0.0000,0.0000,0.0000,-0.5000
2026-05-25T20:48:28.688313,2219,-0.2000,0.0000,0.0000,-0.5000
2026-05-25T20:48:28.788583,2220,-0.2000,0.0000,0.0000,-0.5000
2026-05-25T20:48:28.888672,2221,-0.2000,0.0000,0.0000,-0.5000
2026-05-25T20:48:28.988714,2222,-0.2000,0.0000,0.0000,-0.5000
2026-05-25T20:48:29.089049,2223,-0.2000,0.0000,0.0000,-0.5000
2026-05-25T20:48:29.188985,2224,-0.2000,0.0000,0.0000,-0.5000
2026-05-25T20:48:29.290322,2225,-0.2000,0.0000,0.0000,-0.5000
2026-05-25T20:48:29.390409,2226,-0.2000,0.0000,0.0000,-0.5000
2026-05-25T20:48:29.618695,2227,-0.2000,0.0000,0.0000,-0.5000
2026-05-25T20:48:29.718830,2228,-0.2000,0.0000,0.0000,-0.5000
2026-05-25T20:48:29.819760,2229,-0.2000,0.0000,0.0000,-0.5000
2026-05-25T20:48:29.919066,2230,-0.2000,0.0000,0.0000,-0.5000
2026-05-25T20:48:30.019189,2231,-0.2000,0.0000,0.0000,-0.5000
2026-05-25T20:48:30.121359,2232,-0.2000,0.0000,0.0000,-0.5000
2026-05-25T20:48:30.219974,2233,-0.2000,0.0000,0.0000,-0.5000
2026-05-25T20:48:30.319470,2234,-0.2000,0.0000,0.0000,-0.5000
2026-05-25T20:48:30.419584,2235,-0.2000,0.0000,0.0000,-0.5000
2026-05-25T20:48:30.519901,2236,-0.2000,0.0000,0.0000,-0.5000
2026-05-25T20:48:30.619901,2237,-0.2000,0.0000,0.0000,-0.5000
2026-05-25T20:48:30.838079,2238,-0.2000,0.0000,0.0000,-0.5000
2026-05-25T20:48:30.938393,2239,-0.2000,0.0000,0.0000,-0.5000
2026-05-25T20:48:31.038313,2240,-0.2000,0.0000,0.0000,-0.5000
2026-05-25T20:48:31.138571,2241,-0.2000,0.0000,0.0000,-0.5000
2026-05-25T20:48:31.238457,2242,-0.2000,0.0000,0.0000,-0.5000
2026-05-25T20:48:31.338602,2243,-0.2000,0.0000,0.0000,-0.5000
2026-05-25T20:48:31.438685,2244,-0.2000,0.0000,0.0000,-0.5000
2026-05-25T20:48:31.539446,2245,-0.2000,0.0000,0.0000,-0.5000
2026-05-25T20:48:31.639011,2246,-0.2000,0.0000,0.0000,-0.5000
2026-05-25T20:48:31.847958,2247,-0.2000,0.0000,0.0000,-0.5000
2026-05-25T20:48:31.948332,2248,-0.2000,0.0000,0.0000,-0.5000
2026-05-25T20:48:32.048321,2249,0.0000,0.0000,0.0000,0.5000
2026-05-25T20:48:32.148445,2250,0.0000,0.0000,0.0000,0.5000
2026-05-25T20:48:32.251481,2251,0.0000,0.0000,0.0000,0.5000
2026-05-25T20:48:32.351462,2252,0.0000,0.0000,0.0000,0.5000
2026-05-25T20:48:32.451601,2253,0.0000,0.0000,0.0000,0.5000
2026-05-25T20:48:32.551699,2254,0.0000,0.0000,0.0000,0.5000
2026-05-25T20:48:32.651885,2255,0.0000,0.0000,0.0000,0.5000
2026-05-25T20:48:32.752013,2256,0.0000,0.0000,0.0000,0.5000
2026-05-25T20:48:32.852136,2257,0.0000,0.0000,0.0000,0.5000
2026-05-25T20:48:33.068003,2258,0.0000,0.0000,0.0000,0.5000
2026-05-25T20:48:33.168199,2259,0.0000,0.0000,0.0000,0.5000
2026-05-25T20:48:33.268342,2260,0.0000,0.0000,0.0000,0.5000
2026-05-25T20:48:33.368691,2261,0.0000,0.0000,0.0000,0.5000
2026-05-25T20:48:33.468874,2262,0.0000,0.0000,0.0000,0.5000
2026-05-25T20:48:33.568999,2263,0.0000,0.0000,0.0000,0.5000
2026-05-25T20:48:33.669163,2264,0.0000,0.0000,0.0000,0.5000
2026-05-25T20:48:33.769206,2265,0.0000,0.0000,0.0000,0.5000
2026-05-25T20:48:33.869312,2266,0.0000,0.0000,0.0000,0.5000
2026-05-25T20:48:33.969414,2267,0.0000,0.0000,0.0000,0.5000
2026-05-25T20:48:34.069580,2268,0.0000,0.0000,0.0000,0.5000
2026-05-25T20:48:34.169690,2269,0.0000,0.0000,0.0000,0.5000
2026-05-25T20:48:34.269752,2270,0.0000,0.0000,0.0000,0.5000
2026-05-25T20:48:34.488078,2271,0.0000,0.0000,0.0000,0.5000
2026-05-25T20:48:34.588295,2272,0.0000,0.0000,0.0000,0.5000
2026-05-25T20:48:34.688345,2273,0.0000,0.0000,0.0000,0.5000
2026-05-25T20:48:34.790547,2274,0.0000,0.0000,0.0000,0.5000
2026-05-25T20:48:34.890506,2275,0.0000,0.0000,0.0000,0.5000
2026-05-25T20:48:34.990581,2276,0.0000,0.0000,0.0000,0.5000
2026-05-25T20:48:35.090753,2277,0.0000,0.0000,0.0000,0.5000
2026-05-25T20:48:35.190890,2278,0.0000,0.0000,0.0000,0.5000
2026-05-25T20:48:35.291610,2279,0.3000,0.0000,0.0000,0.0000
2026-05-25T20:48:35.483945,2280,0.3000,0.0000,0.0000,0.0000
2026-05-25T20:48:35.584077,2281,0.3000,0.0000,0.0000,0.0000
2026-05-25T20:48:35.684236,2282,0.3000,0.0000,0.0000,0.0000
2026-05-25T20:48:35.784303,2283,0.3000,0.0000,0.0000,0.0000
2026-05-25T20:48:35.884449,2284,0.3000,0.0000,0.0000,0.0000
2026-05-25T20:48:35.984543,2285,0.3000,0.0000,0.0000,0.0000
2026-05-25T20:48:36.084746,2286,0.3000,0.0000,0.0000,0.0000
2026-05-25T20:48:36.184857,2287,0.3000,0.0000,0.0000,0.0000
2026-05-25T20:48:36.284988,2288,0.3000,0.0000,0.0000,0.0000
2026-05-25T20:48:36.518218,2289,0.3000,0.0000,0.0000,0.0000
2026-05-25T20:48:36.618903,2290,0.3000,0.0000,0.0000,0.0000
2026-05-25T20:48:36.719337,2291,0.3000,0.0000,0.0000,0.0000
2026-05-25T20:48:36.819454,2292,0.3000,0.0000,0.0000,0.0000
2026-05-25T20:48:36.919584,2293,0.3000,0.0000,0.0000,0.0000
2026-05-25T20:48:37.020882,2294,0.3000,0.0000,0.0000,0.0000
2026-05-25T20:48:37.120898,2295,0.3000,0.0000,0.0000,0.0000
2026-05-25T20:48:37.221198,2296,0.3000,0.0000,0.0000,0.0000
2026-05-25T20:48:37.321179,2297,0.3000,0.0000,0.0000,0.0000
2026-05-25T20:48:37.457555,2298,0.3000,0.0000,0.0000,0.0000
2026-05-25T20:48:37.557649,2299,0.3000,0.0000,0.0000,0.0000
2026-05-25T20:48:37.657806,2300,0.3000,0.0000,0.0000,0.0000
2026-05-25T20:48:37.758585,2301,0.3000,0.0000,0.0000,0.0000
2026-05-25T20:48:37.858691,2302,0.3000,0.0000,0.0000,0.0000
2026-05-25T20:48:37.958864,2303,0.3000,0.0000,0.0000,0.0000
2026-05-25T20:48:38.058977,2304,0.3000,0.0000,0.0000,0.0000
2026-05-25T20:48:38.159130,2305,0.3000,0.0000,0.0000,0.0000
2026-05-25T20:48:38.259953,2306,0.3000,0.0000,0.0000,0.0000
2026-05-25T20:48:38.360126,2307,0.3000,0.0000,0.0000,0.0000
2026-05-25T20:48:38.460614,2308,0.3000,0.0000,0.0000,0.0000
2026-05-25T20:48:38.668337,2309,0.0000,0.0000,0.0000,-0.5000
2026-05-25T20:48:38.768589,2310,0.0000,0.0000,0.0000,-0.5000
2026-05-25T20:48:38.868527,2311,0.0000,0.0000,0.0000,-0.5000
2026-05-25T20:48:38.968680,2312,0.0000,0.0000,0.0000,-0.5000
2026-05-25T20:48:39.068757,2313,0.0000,0.0000,0.0000,-0.5000
2026-05-25T20:48:39.169734,2314,0.0000,0.0000,0.0000,-0.5000
2026-05-25T20:48:39.269871,2315,0.0000,0.0000,0.0000,-0.5000
2026-05-25T20:48:39.369970,2316,0.0000,0.0000,0.0000,-0.5000
2026-05-25T20:48:39.470371,2317,0.0000,0.0000,0.0000,-0.5000
2026-05-25T20:48:39.759147,2318,0.0000,0.0000,0.0000,-0.5000
2026-05-25T20:48:39.859353,2319,0.0000,0.0000,0.0000,-0.5000
2026-05-25T20:48:39.959057,2320,0.0000,0.0000,0.0000,-0.5000
2026-05-25T20:48:40.058772,2321,0.0000,0.0000,0.0000,-0.5000
2026-05-25T20:48:40.158915,2322,0.0000,0.0000,0.0000,-0.5000
2026-05-25T20:48:40.259078,2323,0.0000,0.0000,0.0000,-0.5000
2026-05-25T20:48:40.360182,2324,0.0000,0.0000,0.0000,-0.5000
2026-05-25T20:48:40.459419,2325,0.0000,0.0000,0.0000,-0.5000
2026-05-25T20:48:40.559420,2326,0.0000,0.0000,0.0000,-0.5000
2026-05-25T20:48:40.767713,2327,0.0000,0.0000,0.0000,-0.5000
2026-05-25T20:48:40.832310,2328,0.0000,0.0000,0.0000,-0.5000
2026-05-25T20:48:40.932482,2329,0.0000,0.0000,0.0000,-0.5000
2026-05-25T20:48:41.032579,2330,0.0000,0.0000,0.0000,-0.5000
2026-05-25T20:48:41.132710,2331,0.0000,0.0000,0.0000,-0.5000
2026-05-25T20:48:41.232843,2332,0.0000,0.0000,0.0000,-0.5000
2026-05-25T20:48:41.333007,2333,0.0000,0.0000,0.0000,-0.5000
2026-05-25T20:48:41.433101,2334,0.0000,0.0000,0.0000,-0.5000
2026-05-25T20:48:41.533238,2335,0.0000,0.0000,0.0000,-0.5000
2026-05-25T20:48:41.778288,2336,0.0000,0.0000,0.0000,-0.5000
2026-05-25T20:48:41.878318,2337,0.0000,0.0000,0.0000,-0.5000
2026-05-25T20:48:41.978443,2338,0.0000,0.0000,0.0000,-0.5000
2026-05-25T20:48:42.078565,2339,-0.2000,0.0000,0.0000,-0.5000
2026-05-25T20:48:42.178699,2340,-0.2000,0.0000,0.0000,-0.5000
2026-05-25T20:48:42.278758,2341,-0.2000,0.0000,0.0000,-0.5000
2026-05-25T20:48:42.378926,2342,-0.2000,0.0000,0.0000,-0.5000
2026-05-25T20:48:42.479039,2343,-0.2000,0.0000,0.0000,-0.5000
2026-05-25T20:48:42.579149,2344,-0.2000,0.0000,0.0000,-0.5000
2026-05-25T20:48:42.788411,2345,-0.2000,0.0000,0.0000,-0.5000
2026-05-25T20:48:42.888532,2346,-0.2000,0.0000,0.0000,-0.5000
2026-05-25T20:48:42.988621,2347,-0.2000,0.0000,0.0000,-0.5000
2026-05-25T20:48:43.088811,2348,-0.2000,0.0000,0.0000,-0.5000
2026-05-25T20:48:43.188959,2349,-0.2000,0.0000,0.0000,-0.5000
2026-05-25T20:48:43.289003,2350,-0.2000,0.0000,0.0000,-0.5000
2026-05-25T20:48:43.389149,2351,-0.2000,0.0000,0.0000,-0.5000
2026-05-25T20:48:43.489330,2352,-0.2000,0.0000,0.0000,-0.5000
2026-05-25T20:48:43.589317,2353,-0.2000,0.0000,0.0000,-0.5000
2026-05-25T20:48:43.689445,2354,-0.2000,0.0000,0.0000,-0.5000
2026-05-25T20:48:43.790039,2355,-0.2000,0.0000,0.0000,-0.5000
2026-05-25T20:48:43.892364,2356,-0.2000,0.0000,0.0000,-0.5000
2026-05-25T20:48:43.992410,2357,-0.2000,0.0000,0.0000,-0.5000
2026-05-25T20:48:44.218499,2358,-0.2000,0.0000,0.0000,-0.5000
2026-05-25T20:48:44.319307,2359,-0.2000,0.0000,0.0000,-0.5000
2026-05-25T20:48:44.419476,2360,-0.2000,0.0000,0.0000,-0.5000
2026-05-25T20:48:44.519817,2361,-0.2000,0.0000,0.0000,-0.5000
2026-05-25T20:48:44.619737,2362,-0.2000,0.0000,0.0000,-0.5000
2026-05-25T20:48:44.719864,2363,-0.2000,0.0000,0.0000,-0.5000
2026-05-25T20:48:44.819989,2364,-0.2000,0.0000,0.0000,-0.5000
2026-05-25T20:48:44.920102,2365,-0.2000,0.0000,0.0000,-0.5000
2026-05-25T20:48:45.020208,2366,-0.2000,0.0000,0.0000,-0.5000
2026-05-25T20:48:45.121641,2367,-0.2000,0.0000,0.0000,-0.5000
2026-05-25T20:48:45.221357,2368,-0.2000,0.0000,0.0000,-0.5000
2026-05-25T20:48:45.438691,2369,0.0000,0.0000,0.0000,0.5000
2026-05-25T20:48:45.538870,2370,0.0000,0.0000,0.0000,0.5000
2026-05-25T20:48:45.639498,2371,0.0000,0.0000,0.0000,0.5000
2026-05-25T20:48:45.739668,2372,0.0000,0.0000,0.0000,0.5000
2026-05-25T20:48:45.841792,2373,0.0000,0.0000,0.0000,0.5000
2026-05-25T20:48:45.939890,2374,0.0000,0.0000,0.0000,0.5000
2026-05-25T20:48:46.040017,2375,0.0000,0.0000,0.0000,0.5000
2026-05-25T20:48:46.140174,2376,0.0000,0.0000,0.0000,0.5000
2026-05-25T20:48:46.240388,2377,0.0000,0.0000,0.0000,0.5000
2026-05-25T20:48:46.448499,2378,0.0000,0.0000,0.0000,0.5000
2026-05-25T20:48:46.548628,2379,0.0000,0.0000,0.0000,0.5000
2026-05-25T20:48:46.648732,2380,0.0000,0.0000,0.0000,0.5000
2026-05-25T20:48:46.748905,2381,0.0000,0.0000,0.0000,0.5000
2026-05-25T20:48:46.849006,2382,0.0000,0.0000,0.0000,0.5000
2026-05-25T20:48:46.949135,2383,0.0000,0.0000,0.0000,0.5000
2026-05-25T20:48:47.049291,2384,0.0000,0.0000,0.0000,0.5000
2026-05-25T20:48:47.149336,2385,0.0000,0.0000,0.0000,0.5000
2026-05-25T20:48:47.249460,2386,0.0000,0.0000,0.0000,0.5000
2026-05-25T20:48:47.458484,2387,0.0000,0.0000,0.0000,0.5000
2026-05-25T20:48:47.558629,2388,0.0000,0.0000,0.0000,0.5000
2026-05-25T20:48:47.658819,2389,0.0000,0.0000,0.0000,0.5000
2026-05-25T20:48:47.758928,2390,0.0000,0.0000,0.0000,0.5000
2026-05-25T20:48:47.859128,2391,0.0000,0.0000,0.0000,0.5000
2026-05-25T20:48:47.959483,2392,0.0000,0.0000,0.0000,0.5000
2026-05-25T20:48:48.059803,2393,0.0000,0.0000,0.0000,0.5000
2026-05-25T20:48:48.159899,2394,0.0000,0.0000,0.0000,0.5000
2026-05-25T20:48:48.259868,2395,0.0000,0.0000,0.0000,0.5000
2026-05-25T20:48:48.359998,2396,0.0000,0.0000,0.0000,0.5000
2026-05-25T20:48:48.460132,2397,0.0000,0.0000,0.0000,0.5000
2026-05-25T20:48:48.708421,2398,0.0000,0.0000,0.0000,0.5000
2026-05-25T20:48:48.809241,2399,0.3000,0.0000,0.0000,0.0000
2026-05-25T20:48:48.909362,2400,0.3000,0.0000,0.0000,0.0000
2026-05-25T20:48:49.009539,2401,0.3000,0.0000,0.0000,0.0000
2026-05-25T20:48:49.109741,2402,0.3000,0.0000,0.0000,0.0000
2026-05-25T20:48:49.209729,2403,0.3000,0.0000,0.0000,0.0000
2026-05-25T20:48:49.309886,2404,0.3000,0.0000,0.0000,0.0000
2026-05-25T20:48:49.409973,2405,0.3000,0.0000,0.0000,0.0000
2026-05-25T20:48:49.510134,2406,0.3000,0.0000,0.0000,0.0000
2026-05-25T20:48:49.610373,2407,0.3000,0.0000,0.0000,0.0000
2026-05-25T20:48:49.710436,2408,0.3000,0.0000,0.0000,0.0000
2026-05-25T20:48:49.810577,2409,0.3000,0.0000,0.0000,0.0000
2026-05-25T20:48:49.910803,2410,0.3000,0.0000,0.0000,0.0000
2026-05-25T20:48:50.191024,2411,0.3000,0.0000,0.0000,0.0000
2026-05-25T20:48:50.291121,2412,0.3000,0.0000,0.0000,0.0000
2026-05-25T20:48:50.392036,2413,0.3000,0.0000,0.0000,0.0000
2026-05-25T20:48:50.491347,2414,0.3000,0.0000,0.0000,0.0000
2026-05-25T20:48:50.595997,2415,0.3000,0.0000,0.0000,0.0000
2026-05-25T20:48:50.692320,2416,0.3000,0.0000,0.0000,0.0000
2026-05-25T20:48:50.792556,2417,0.3000,0.0000,0.0000,0.0000
2026-05-25T20:48:50.892597,2418,0.3000,0.0000,0.0000,0.0000
2026-05-25T20:48:50.992741,2419,0.3000,0.0000,0.0000,0.0000
2026-05-25T20:48:51.092873,2420,0.3000,0.0000,0.0000,0.0000
2026-05-25T20:48:51.193008,2421,0.3000,0.0000,0.0000,0.0000
2026-05-25T20:48:51.294380,2422,0.3000,0.0000,0.0000,0.0000
2026-05-25T20:48:51.394516,2423,0.3000,0.0000,0.0000,0.0000
2026-05-25T20:48:51.608835,2424,0.3000,0.0000,0.0000,0.0000
2026-05-25T20:48:51.708692,2425,0.3000,0.0000,0.0000,0.0000
2026-05-25T20:48:51.808852,2426,0.3000,0.0000,0.0000,0.0000
2026-05-25T20:48:51.909369,2427,0.3000,0.0000,0.0000,0.0000
2026-05-25T20:48:52.009532,2428,0.3000,0.0000,0.0000,0.0000
2026-05-25T20:48:52.109719,2429,0.0000,0.0000,0.0000,-0.5000
2026-05-25T20:48:52.209729,2430,0.0000,0.0000,0.0000,-0.5000
2026-05-25T20:48:52.309876,2431,0.0000,0.0000,0.0000,-0.5000
2026-05-25T20:48:52.410019,2432,0.0000,0.0000,0.0000,-0.5000
2026-05-25T20:48:52.618834,2433,0.0000,0.0000,0.0000,-0.5000
2026-05-25T20:48:52.718966,2434,0.0000,0.0000,0.0000,-0.5000
2026-05-25T20:48:52.819087,2435,0.0000,0.0000,0.0000,-0.5000
2026-05-25T20:48:52.920117,2436,0.0000,0.0000,0.0000,-0.5000
2026-05-25T20:48:53.020299,2437,0.0000,0.0000,0.0000,-0.5000
2026-05-25T20:48:53.120340,2438,0.0000,0.0000,0.0000,-0.5000
2026-05-25T20:48:53.220448,2439,0.0000,0.0000,0.0000,-0.5000
2026-05-25T20:48:53.320609,2440,0.0000,0.0000,0.0000,-0.5000
2026-05-25T20:48:53.420741,2441,0.0000,0.0000,0.0000,-0.5000
2026-05-25T20:48:53.520897,2442,0.0000,0.0000,0.0000,-0.5000
2026-05-25T20:48:53.621036,2443,0.0000,0.0000,0.0000,-0.5000
2026-05-25T20:48:53.848753,2444,0.0000,0.0000,0.0000,-0.5000
2026-05-25T20:48:53.948851,2445,0.0000,0.0000,0.0000,-0.5000
2026-05-25T20:48:54.048974,2446,0.0000,0.0000,0.0000,-0.5000
2026-05-25T20:48:54.149111,2447,0.0000,0.0000,0.0000,-0.5000
2026-05-25T20:48:54.249274,2448,0.0000,0.0000,0.0000,-0.5000
2026-05-25T20:48:54.349345,2449,0.0000,0.0000,0.0000,-0.5000
2026-05-25T20:48:54.449461,2450,0.0000,0.0000,0.0000,-0.5000
2026-05-25T20:48:54.549604,2451,0.0000,0.0000,0.0000,-0.5000
2026-05-25T20:48:54.649909,2452,0.0000,0.0000,0.0000,-0.5000
2026-05-25T20:48:54.749887,2453,0.0000,0.0000,0.0000,-0.5000
2026-05-25T20:48:54.850023,2454,0.0000,0.0000,0.0000,-0.5000
2026-05-25T20:48:55.068695,2455,0.0000,0.0000,0.0000,-0.5000
2026-05-25T20:48:55.168790,2456,0.0000,0.0000,0.0000,-0.5000
2026-05-25T20:48:55.268907,2457,0.0000,0.0000,0.0000,-0.5000
2026-05-25T20:48:55.369064,2458,0.0000,0.0000,0.0000,-0.5000
2026-05-25T20:48:55.469201,2459,-0.2000,0.0000,0.0000,-0.5000
2026-05-25T20:48:55.569302,2460,-0.2000,0.0000,0.0000,-0.5000
2026-05-25T20:48:55.669360,2461,-0.2000,0.0000,0.0000,-0.5000
2026-05-25T20:48:55.769452,2462,-0.2000,0.0000,0.0000,-0.5000
2026-05-25T20:48:55.869591,2463,-0.2000,0.0000,0.0000,-0.5000
2026-05-25T20:48:55.969711,2464,-0.2000,0.0000,0.0000,-0.5000
2026-05-25T20:48:56.069857,2465,-0.2000,0.0000,0.0000,-0.5000
2026-05-25T20:48:56.288760,2466,-0.2000,0.0000,0.0000,-0.5000
2026-05-25T20:48:56.389332,2467,-0.2000,0.0000,0.0000,-0.5000
2026-05-25T20:48:56.491425,2468,-0.2000,0.0000,0.0000,-0.5000
2026-05-25T20:48:56.591498,2469,-0.2000,0.0000,0.0000,-0.5000
2026-05-25T20:48:56.691618,2470,-0.2000,0.0000,0.0000,-0.5000
2026-05-25T20:48:56.792269,2471,-0.2000,0.0000,0.0000,-0.5000
2026-05-25T20:48:56.891841,2472,-0.2000,0.0000,0.0000,-0.5000
2026-05-25T20:48:56.992157,2473,-0.2000,0.0000,0.0000,-0.5000
2026-05-25T20:48:57.092291,2474,-0.2000,0.0000,0.0000,-0.5000
2026-05-25T20:48:57.192235,2475,-0.2000,0.0000,0.0000,-0.5000
2026-05-25T20:48:57.292516,2476,-0.2000,0.0000,0.0000,-0.5000
2026-05-25T20:48:57.392628,2477,-0.2000,0.0000,0.0000,-0.5000
2026-05-25T20:48:57.492585,2478,-0.2000,0.0000,0.0000,-0.5000
2026-05-25T20:48:57.708821,2479,-0.2000,0.0000,0.0000,-0.5000
2026-05-25T20:48:57.808800,2480,-0.2000,0.0000,0.0000,-0.5000
2026-05-25T20:48:57.908876,2481,-0.2000,0.0000,0.0000,-0.5000
2026-05-25T20:48:58.009180,2482,-0.2000,0.0000,0.0000,-0.5000
2026-05-25T20:48:58.109177,2483,-0.2000,0.0000,0.0000,-0.5000
2026-05-25T20:48:58.209335,2484,-0.2000,0.0000,0.0000,-0.5000
2026-05-25T20:48:58.309460,2485,-0.2000,0.0000,0.0000,-0.5000
2026-05-25T20:48:58.410354,2486,-0.2000,0.0000,0.0000,-0.5000
2026-05-25T20:48:58.510459,2487,-0.2000,0.0000,0.0000,-0.5000
2026-05-25T20:48:58.610732,2488,-0.2000,0.0000,0.0000,-0.5000
2026-05-25T20:48:58.710779,2489,0.0000,0.0000,0.0000,0.5000
2026-05-25T20:48:58.838656,2490,0.0000,0.0000,0.0000,0.5000
2026-05-25T20:48:58.938724,2491,0.0000,0.0000,0.0000,0.5000
2026-05-25T20:48:59.038969,2492,0.0000,0.0000,0.0000,0.5000
2026-05-25T20:48:59.139319,2493,0.0000,0.0000,0.0000,0.5000
2026-05-25T20:48:59.239510,2494,0.0000,0.0000,0.0000,0.5000
2026-05-25T20:48:59.339594,2495,0.0000,0.0000,0.0000,0.5000
2026-05-25T20:48:59.440367,2496,0.0000,0.0000,0.0000,0.5000
2026-05-25T20:48:59.540669,2497,0.0000,0.0000,0.0000,0.5000
2026-05-25T20:48:59.640614,2498,0.0000,0.0000,0.0000,0.5000
2026-05-25T20:48:59.740896,2499,0.0000,0.0000,0.0000,0.5000
2026-05-25T20:48:59.840918,2500,0.0000,0.0000,0.0000,0.5000
2026-05-25T20:48:59.941054,2501,0.0000,0.0000,0.0000,0.5000
2026-05-25T20:49:00.148910,2502,0.0000,0.0000,0.0000,0.5000
2026-05-25T20:49:00.248970,2503,0.0000,0.0000,0.0000,0.5000
2026-05-25T20:49:00.349155,2504,0.0000,0.0000,0.0000,0.5000
2026-05-25T20:49:00.449253,2505,0.0000,0.0000,0.0000,0.5000
2026-05-25T20:49:00.549338,2506,0.0000,0.0000,0.0000,0.5000
2026-05-25T20:49:00.649461,2507,0.0000,0.0000,0.0000,0.5000
2026-05-25T20:49:00.749609,2508,0.0000,0.0000,0.0000,0.5000
2026-05-25T20:49:00.849704,2509,0.0000,0.0000,0.0000,0.5000
2026-05-25T20:49:00.949816,2510,0.0000,0.0000,0.0000,0.5000
2026-05-25T20:49:01.188873,2511,0.0000,0.0000,0.0000,0.5000
2026-05-25T20:49:01.292230,2512,0.0000,0.0000,0.0000,0.5000
2026-05-25T20:49:01.392293,2513,0.0000,0.0000,0.0000,0.5000
2026-05-25T20:49:01.492471,2514,0.0000,0.0000,0.0000,0.5000
2026-05-25T20:49:01.592615,2515,0.0000,0.0000,0.0000,0.5000
2026-05-25T20:49:01.692683,2516,0.0000,0.0000,0.0000,0.5000
2026-05-25T20:49:01.792862,2517,0.0000,0.0000,0.0000,0.5000
2026-05-25T20:49:01.892940,2518,0.0000,0.0000,0.0000,0.5000
2026-05-25T20:49:01.993039,2519,0.3000,0.0000,0.0000,0.0000
2026-05-25T20:49:02.093224,2520,0.3000,0.0000,0.0000,0.0000
2026-05-25T20:49:02.193280,2521,0.3000,0.0000,0.0000,0.0000
2026-05-25T20:49:02.408831,2522,0.3000,0.0000,0.0000,0.0000
2026-05-25T20:49:02.508872,2523,0.3000,0.0000,0.0000,0.0000
2026-05-25T20:49:02.609058,2524,0.3000,0.0000,0.0000,0.0000
2026-05-25T20:49:02.709174,2525,0.3000,0.0000,0.0000,0.0000
2026-05-25T20:49:02.809477,2526,0.3000,0.0000,0.0000,0.0000
2026-05-25T20:49:02.909319,2527,0.3000,0.0000,0.0000,0.0000
2026-05-25T20:49:03.009510,2528,0.3000,0.0000,0.0000,0.0000
2026-05-25T20:49:03.109557,2529,0.3000,0.0000,0.0000,0.0000
2026-05-25T20:49:03.209698,2530,0.3000,0.0000,0.0000,0.0000
2026-05-25T20:49:03.309916,2531,0.3000,0.0000,0.0000,0.0000
2026-05-25T20:49:03.409988,2532,0.3000,0.0000,0.0000,0.0000
2026-05-25T20:49:03.628702,2533,0.3000,0.0000,0.0000,0.0000
2026-05-25T20:49:03.728902,2534,0.3000,0.0000,0.0000,0.0000
2026-05-25T20:49:03.829028,2535,0.3000,0.0000,0.0000,0.0000
2026-05-25T20:49:03.930300,2536,0.3000,0.0000,0.0000,0.0000
2026-05-25T20:49:04.030108,2537,0.3000,0.0000,0.0000,0.0000
2026-05-25T20:49:04.130249,2538,0.3000,0.0000,0.0000,0.0000
2026-05-25T20:49:04.230480,2539,0.3000,0.0000,0.0000,0.0000
2026-05-25T20:49:04.330494,2540,0.3000,0.0000,0.0000,0.0000
2026-05-25T20:49:04.430576,2541,0.3000,0.0000,0.0000,0.0000
2026-05-25T20:49:04.598743,2542,0.3000,0.0000,0.0000,0.0000
2026-05-25T20:49:04.698878,2543,0.3000,0.0000,0.0000,0.0000
2026-05-25T20:49:04.798985,2544,0.3000,0.0000,0.0000,0.0000
2026-05-25T20:49:04.899176,2545,0.3000,0.0000,0.0000,0.0000
2026-05-25T20:49:04.999245,2546,0.3000,0.0000,0.0000,0.0000
2026-05-25T20:49:05.099331,2547,0.3000,0.0000,0.0000,0.0000
2026-05-25T20:49:05.199440,2548,0.3000,0.0000,0.0000,0.0000
2026-05-25T20:49:05.299655,2549,0.0000,0.0000,0.0000,-0.5000
2026-05-25T20:49:05.399742,2550,0.0000,0.0000,0.0000,-0.5000
2026-05-25T20:49:05.648945,2551,0.0000,0.0000,0.0000,-0.5000
2026-05-25T20:49:05.749039,2552,0.0000,0.0000,0.0000,-0.5000
2026-05-25T20:49:05.849167,2553,0.0000,0.0000,0.0000,-0.5000
2026-05-25T20:49:05.949274,2554,0.0000,0.0000,0.0000,-0.5000
2026-05-25T20:49:06.050234,2555,0.0000,0.0000,0.0000,-0.5000
2026-05-25T20:49:06.150356,2556,0.0000,0.0000,0.0000,-0.5000
2026-05-25T20:49:06.250441,2557,0.0000,0.0000,0.0000,-0.5000
2026-05-25T20:49:06.350572,2558,0.0000,0.0000,0.0000,-0.5000
2026-05-25T20:49:06.450695,2559,0.0000,0.0000,0.0000,-0.5000
2026-05-25T20:49:06.550796,2560,0.0000,0.0000,0.0000,-0.5000
2026-05-25T20:49:06.650963,2561,0.0000,0.0000,0.0000,-0.5000
2026-05-25T20:49:06.818468,2562,0.0000,0.0000,0.0000,-0.5000
2026-05-25T20:49:06.918550,2563,0.0000,0.0000,0.0000,-0.5000
2026-05-25T20:49:07.018687,2564,0.0000,0.0000,0.0000,-0.5000
2026-05-25T20:49:07.119307,2565,0.0000,0.0000,0.0000,-0.5000
2026-05-25T20:49:07.219452,2566,0.0000,0.0000,0.0000,-0.5000
2026-05-25T20:49:07.319578,2567,0.0000,0.0000,0.0000,-0.5000
2026-05-25T20:49:07.419679,2568,0.0000,0.0000,0.0000,-0.5000
2026-05-25T20:49:07.519995,2569,0.0000,0.0000,0.0000,-0.5000
2026-05-25T20:49:07.620015,2570,0.0000,0.0000,0.0000,-0.5000
2026-05-25T20:49:07.720079,2571,0.0000,0.0000,0.0000,-0.5000
2026-05-25T20:49:07.820205,2572,0.0000,0.0000,0.0000,-0.5000
2026-05-25T20:49:08.079033,2573,0.0000,0.0000,0.0000,-0.5000
2026-05-25T20:49:08.179162,2574,0.0000,0.0000,0.0000,-0.5000
2026-05-25T20:49:08.279259,2575,0.0000,0.0000,0.0000,-0.5000
2026-05-25T20:49:08.379340,2576,0.0000,0.0000,0.0000,-0.5000
2026-05-25T20:49:08.479454,2577,0.0000,0.0000,0.0000,-0.5000
2026-05-25T20:49:08.579586,2578,0.0000,0.0000,0.0000,-0.5000
2026-05-25T20:49:08.680831,2579,-0.2000,0.0000,0.0000,-0.5000
2026-05-25T20:49:08.779845,2580,-0.2000,0.0000,0.0000,-0.5000
2026-05-25T20:49:08.880098,2581,-0.2000,0.0000,0.0000,-0.5000
2026-05-25T20:49:09.089984,2582,-0.2000,0.0000,0.0000,-0.5000
2026-05-25T20:49:09.189865,2583,-0.2000,0.0000,0.0000,-0.5000
2026-05-25T20:49:09.289403,2584,-0.2000,0.0000,0.0000,-0.5000
2026-05-25T20:49:09.389583,2585,-0.2000,0.0000,0.0000,-0.5000
2026-05-25T20:49:09.489911,2586,-0.2000,0.0000,0.0000,-0.5000
2026-05-25T20:49:09.590084,2587,-0.2000,0.0000,0.0000,-0.5000
2026-05-25T20:49:09.690252,2588,-0.2000,0.0000,0.0000,-0.5000
2026-05-25T20:49:09.790115,2589,-0.2000,0.0000,0.0000,-0.5000
2026-05-25T20:49:09.890275,2590,-0.2000,0.0000,0.0000,-0.5000
2026-05-25T20:49:09.990316,2591,-0.2000,0.0000,0.0000,-0.5000
2026-05-25T20:49:10.090427,2592,-0.2000,0.0000,0.0000,-0.5000
2026-05-25T20:49:10.312449,2593,-0.2000,0.0000,0.0000,-0.5000
2026-05-25T20:49:10.412542,2594,-0.2000,0.0000,0.0000,-0.5000
2026-05-25T20:49:10.512703,2595,-0.2000,0.0000,0.0000,-0.5000
2026-05-25T20:49:10.612866,2596,-0.2000,0.0000,0.0000,-0.5000
2026-05-25T20:49:10.714315,2597,-0.2000,0.0000,0.0000,-0.5000
2026-05-25T20:49:10.814377,2598,-0.2000,0.0000,0.0000,-0.5000
2026-05-25T20:49:10.914499,2599,-0.2000,0.0000,0.0000,-0.5000
2026-05-25T20:49:11.015374,2600,-0.2000,0.0000,0.0000,-0.5000
2026-05-25T20:49:11.114809,2601,-0.2000,0.0000,0.0000,-0.5000
2026-05-25T20:49:11.214940,2602,-0.2000,0.0000,0.0000,-0.5000
2026-05-25T20:49:11.315049,2603,-0.2000,0.0000,0.0000,-0.5000
2026-05-25T20:49:11.529143,2604,-0.2000,0.0000,0.0000,-0.5000
2026-05-25T20:49:11.629331,2605,-0.2000,0.0000,0.0000,-0.5000
2026-05-25T20:49:11.729338,2606,-0.2000,0.0000,0.0000,-0.5000
2026-05-25T20:49:11.829461,2607,-0.2000,0.0000,0.0000,-0.5000
2026-05-25T20:49:11.929613,2608,-0.2000,0.0000,0.0000,-0.5000
2026-05-25T20:49:12.029735,2609,0.0000,0.0000,0.0000,0.5000
2026-05-25T20:49:12.129866,2610,0.0000,0.0000,0.0000,0.5000
2026-05-25T20:49:12.230016,2611,0.0000,0.0000,0.0000,0.5000
2026-05-25T20:49:12.330133,2612,0.0000,0.0000,0.0000,0.5000
2026-05-25T20:49:12.541630,2613,0.0000,0.0000,0.0000,0.5000
2026-05-25T20:49:12.641902,2614,0.0000,0.0000,0.0000,0.5000
2026-05-25T20:49:12.742022,2615,0.0000,0.0000,0.0000,0.5000
2026-05-25T20:49:12.842132,2616,0.0000,0.0000,0.0000,0.5000
2026-05-25T20:49:12.942271,2617,0.0000,0.0000,0.0000,0.5000
2026-05-25T20:49:13.045312,2618,0.0000,0.0000,0.0000,0.5000
2026-05-25T20:49:13.147601,2619,0.0000,0.0000,0.0000,0.5000
2026-05-25T20:49:13.247747,2620,0.0000,0.0000,0.0000,0.5000
2026-05-25T20:49:13.347860,2621,0.0000,0.0000,0.0000,0.5000
2026-05-25T20:49:13.448006,2622,0.0000,0.0000,0.0000,0.5000
2026-05-25T20:49:13.548152,2623,0.0000,0.0000,0.0000,0.5000
2026-05-25T20:49:13.648280,2624,0.0000,0.0000,0.0000,0.5000
2026-05-25T20:49:13.748318,2625,0.0000,0.0000,0.0000,0.5000
2026-05-25T20:49:13.848451,2626,0.0000,0.0000,0.0000,0.5000
2026-05-25T20:49:13.948569,2627,0.0000,0.0000,0.0000,0.5000
2026-05-25T20:49:14.143327,2628,0.0000,0.0000,0.0000,0.5000
2026-05-25T20:49:14.243453,2629,0.0000,0.0000,0.0000,0.5000
2026-05-25T20:49:14.343587,2630,0.0000,0.0000,0.0000,0.5000
2026-05-25T20:49:14.443731,2631,0.0000,0.0000,0.0000,0.5000
2026-05-25T20:49:14.543902,2632,0.0000,0.0000,0.0000,0.5000
2026-05-25T20:49:14.643990,2633,0.0000,0.0000,0.0000,0.5000
2026-05-25T20:49:14.744201,2634,0.0000,0.0000,0.0000,0.5000
2026-05-25T20:49:14.846329,2635,0.0000,0.0000,0.0000,0.5000
2026-05-25T20:49:14.946466,2636,0.0000,0.0000,0.0000,0.5000
2026-05-25T20:49:15.046605,2637,0.0000,0.0000,0.0000,0.5000
2026-05-25T20:49:15.146713,2638,0.0000,0.0000,0.0000,0.5000
2026-05-25T20:49:15.246845,2639,0.3000,0.0000,0.0000,0.0000
2026-05-25T20:49:15.346971,2640,0.3000,0.0000,0.0000,0.0000
2026-05-25T20:49:15.639249,2641,0.3000,0.0000,0.0000,0.0000
2026-05-25T20:49:15.739158,2642,0.3000,0.0000,0.0000,0.0000
2026-05-25T20:49:15.839289,2643,0.3000,0.0000,0.0000,0.0000
2026-05-25T20:49:15.941538,2644,0.3000,0.0000,0.0000,0.0000
2026-05-25T20:49:16.041464,2645,0.3000,0.0000,0.0000,0.0000
2026-05-25T20:49:16.141734,2646,0.3000,0.0000,0.0000,0.0000
2026-05-25T20:49:16.241751,2647,0.3000,0.0000,0.0000,0.0000
2026-05-25T20:49:16.341862,2648,0.3000,0.0000,0.0000,0.0000
2026-05-25T20:49:16.442001,2649,0.3000,0.0000,0.0000,0.0000
2026-05-25T20:49:16.542149,2650,0.3000,0.0000,0.0000,0.0000
2026-05-25T20:49:16.642261,2651,0.3000,0.0000,0.0000,0.0000
2026-05-25T20:49:16.859125,2652,0.3000,0.0000,0.0000,0.0000
2026-05-25T20:49:16.959243,2653,0.3000,0.0000,0.0000,0.0000
2026-05-25T20:49:17.059340,2654,0.3000,0.0000,0.0000,0.0000
2026-05-25T20:49:17.160040,2655,0.3000,0.0000,0.0000,0.0000
2026-05-25T20:49:17.260163,2656,0.3000,0.0000,0.0000,0.0000
2026-05-25T20:49:17.360351,2657,0.3000,0.0000,0.0000,0.0000
2026-05-25T20:49:17.460393,2658,0.3000,0.0000,0.0000,0.0000
2026-05-25T20:49:17.560491,2659,0.3000,0.0000,0.0000,0.0000
2026-05-25T20:49:17.660609,2660,0.3000,0.0000,0.0000,0.0000
2026-05-25T20:49:17.767574,2661,0.3000,0.0000,0.0000,0.0000
2026-05-25T20:49:17.867666,2662,0.3000,0.0000,0.0000,0.0000
2026-05-25T20:49:17.967831,2663,0.3000,0.0000,0.0000,0.0000
2026-05-25T20:49:18.067941,2664,0.3000,0.0000,0.0000,0.0000
2026-05-25T20:49:18.168111,2665,0.3000,0.0000,0.0000,0.0000
2026-05-25T20:49:18.268238,2666,0.3000,0.0000,0.0000,0.0000
2026-05-25T20:49:18.479161,2667,0.3000,0.0000,0.0000,0.0000
2026-05-25T20:49:18.579294,2668,0.3000,0.0000,0.0000,0.0000
2026-05-25T20:49:18.679318,2669,0.0000,0.0000,0.0000,-0.5000
2026-05-25T20:49:18.779512,2670,0.0000,0.0000,0.0000,-0.5000
2026-05-25T20:49:18.879616,2671,0.0000,0.0000,0.0000,-0.5000
2026-05-25T20:49:18.979709,2672,0.0000,0.0000,0.0000,-0.5000
2026-05-25T20:49:19.079896,2673,0.0000,0.0000,0.0000,-0.5000
2026-05-25T20:49:19.180013,2674,0.0000,0.0000,0.0000,-0.5000
2026-05-25T20:49:19.280123,2675,0.0000,0.0000,0.0000,-0.5000
2026-05-25T20:49:19.501332,2676,0.0000,0.0000,0.0000,-0.5000
2026-05-25T20:49:19.601523,2677,0.0000,0.0000,0.0000,-0.5000
2026-05-25T20:49:19.701656,2678,0.0000,0.0000,0.0000,-0.5000
2026-05-25T20:49:19.801790,2679,0.0000,0.0000,0.0000,-0.5000
2026-05-25T20:49:19.901914,2680,0.0000,0.0000,0.0000,-0.5000
2026-05-25T20:49:20.002066,2681,0.0000,0.0000,0.0000,-0.5000
2026-05-25T20:49:20.102228,2682,0.0000,0.0000,0.0000,-0.5000
2026-05-25T20:49:20.202366,2683,0.0000,0.0000,0.0000,-0.5000
2026-05-25T20:49:20.302364,2684,0.0000,0.0000,0.0000,-0.5000
2026-05-25T20:49:20.509201,2685,0.0000,0.0000,0.0000,-0.5000
2026-05-25T20:49:20.609313,2686,0.0000,0.0000,0.0000,-0.5000
2026-05-25T20:49:20.709330,2687,0.0000,0.0000,0.0000,-0.5000
2026-05-25T20:49:20.810482,2688,0.0000,0.0000,0.0000,-0.5000
2026-05-25T20:49:20.910328,2689,0.0000,0.0000,0.0000,-0.5000
2026-05-25T20:49:21.010445,2690,0.0000,0.0000,0.0000,-0.5000
2026-05-25T20:49:21.110550,2691,0.0000,0.0000,0.0000,-0.5000
2026-05-25T20:49:21.210732,2692,0.0000,0.0000,0.0000,-0.5000
2026-05-25T20:49:21.310795,2693,0.0000,0.0000,0.0000,-0.5000
2026-05-25T20:49:21.519183,2694,0.0000,0.0000,0.0000,-0.5000
2026-05-25T20:49:21.619378,2695,0.0000,0.0000,0.0000,-0.5000
2026-05-25T20:49:21.719501,2696,0.0000,0.0000,0.0000,-0.5000
2026-05-25T20:49:21.819596,2697,0.0000,0.0000,0.0000,-0.5000
2026-05-25T20:49:21.919834,2698,0.0000,0.0000,0.0000,-0.5000
2026-05-25T20:49:22.019972,2699,-0.2000,0.0000,0.0000,-0.5000
2026-05-25T20:49:22.120116,2700,-0.2000,0.0000,0.0000,-0.5000
2026-05-25T20:49:22.220149,2701,-0.2000,0.0000,0.0000,-0.5000
2026-05-25T20:49:22.320249,2702,-0.2000,0.0000,0.0000,-0.5000
2026-05-25T20:49:22.420437,2703,-0.2000,0.0000,0.0000,-0.5000
2026-05-25T20:49:22.520493,2704,-0.2000,0.0000,0.0000,-0.5000
2026-05-25T20:49:22.749395,2705,-0.2000,0.0000,0.0000,-0.5000
2026-05-25T20:49:22.849493,2706,-0.2000,0.0000,0.0000,-0.5000
2026-05-25T20:49:22.950478,2707,-0.2000,0.0000,0.0000,-0.5000
2026-05-25T20:49:23.050326,2708,-0.2000,0.0000,0.0000,-0.5000
2026-05-25T20:49:23.150442,2709,-0.2000,0.0000,0.0000,-0.5000
2026-05-25T20:49:23.250561,2710,-0.2000,0.0000,0.0000,-0.5000
2026-05-25T20:49:23.350783,2711,-0.2000,0.0000,0.0000,-0.5000
2026-05-25T20:49:23.450861,2712,-0.2000,0.0000,0.0000,-0.5000
2026-05-25T20:49:23.550974,2713,-0.2000,0.0000,0.0000,-0.5000
2026-05-25T20:49:23.667949,2714,-0.2000,0.0000,0.0000,-0.5000
2026-05-25T20:49:23.768365,2715,-0.2000,0.0000,0.0000,-0.5000
2026-05-25T20:49:23.868367,2716,-0.2000,0.0000,0.0000,-0.5000
2026-05-25T20:49:23.968795,2717,-0.2000,0.0000,0.0000,-0.5000
2026-05-25T20:49:24.068916,2718,-0.2000,0.0000,0.0000,-0.5000
2026-05-25T20:49:24.229404,2719,-0.2000,0.0000,0.0000,-0.5000
2026-05-25T20:49:24.349398,2720,-0.2000,0.0000,0.0000,-0.5000
2026-05-25T20:49:24.449459,2721,-0.2000,0.0000,0.0000,-0.5000
2026-05-25T20:49:24.549646,2722,-0.2000,0.0000,0.0000,-0.5000
2026-05-25T20:49:24.652367,2723,-0.2000,0.0000,0.0000,-0.5000
2026-05-25T20:49:24.752479,2724,-0.2000,0.0000,0.0000,-0.5000
2026-05-25T20:49:24.852604,2725,-0.2000,0.0000,0.0000,-0.5000
2026-05-25T20:49:24.952827,2726,-0.2000,0.0000,0.0000,-0.5000
2026-05-25T20:49:25.052916,2727,-0.2000,0.0000,0.0000,-0.5000
2026-05-25T20:49:25.153035,2728,-0.2000,0.0000,0.0000,-0.5000
2026-05-25T20:49:25.379952,2729,0.0000,0.0000,0.0000,0.5000
2026-05-25T20:49:25.480005,2730,0.0000,0.0000,0.0000,0.5000
2026-05-25T20:49:25.579973,2731,0.0000,0.0000,0.0000,0.5000
2026-05-25T20:49:25.680046,2732,0.0000,0.0000,0.0000,0.5000
2026-05-25T20:49:25.780213,2733,0.0000,0.0000,0.0000,0.5000
2026-05-25T20:49:25.880142,2734,0.0000,0.0000,0.0000,0.5000
2026-05-25T20:49:25.980355,2735,0.0000,0.0000,0.0000,0.5000
2026-05-25T20:49:26.080280,2736,0.0000,0.0000,0.0000,0.5000
2026-05-25T20:49:26.180420,2737,0.0000,0.0000,0.0000,0.5000
2026-05-25T20:49:26.399334,2738,0.0000,0.0000,0.0000,0.5000
2026-05-25T20:49:26.499500,2739,0.0000,0.0000,0.0000,0.5000
2026-05-25T20:49:26.599677,2740,0.0000,0.0000,0.0000,0.5000
2026-05-25T20:49:26.700204,2741,0.0000,0.0000,0.0000,0.5000
2026-05-25T20:49:26.799953,2742,0.0000,0.0000,0.0000,0.5000
2026-05-25T20:49:26.899974,2743,0.0000,0.0000,0.0000,0.5000
2026-05-25T20:49:27.000219,2744,0.0000,0.0000,0.0000,0.5000
2026-05-25T20:49:27.101433,2745,0.0000,0.0000,0.0000,0.5000
2026-05-25T20:49:27.201586,2746,0.0000,0.0000,0.0000,0.5000
2026-05-25T20:49:27.301820,2747,0.0000,0.0000,0.0000,0.5000
2026-05-25T20:49:27.402553,2748,0.0000,0.0000,0.0000,0.5000
2026-05-25T20:49:27.502670,2749,0.0000,0.0000,0.0000,0.5000
2026-05-25T20:49:27.602810,2750,0.0000,0.0000,0.0000,0.5000
2026-05-25T20:49:27.719526,2751,0.0000,0.0000,0.0000,0.5000
2026-05-25T20:49:27.819611,2752,0.0000,0.0000,0.0000,0.5000
2026-05-25T20:49:27.920346,2753,0.0000,0.0000,0.0000,0.5000
2026-05-25T20:49:28.020465,2754,0.0000,0.0000,0.0000,0.5000
2026-05-25T20:49:28.122366,2755,0.0000,0.0000,0.0000,0.5000
2026-05-25T20:49:28.222473,2756,0.0000,0.0000,0.0000,0.5000
2026-05-25T20:49:28.322619,2757,0.0000,0.0000,0.0000,0.5000
2026-05-25T20:49:28.422706,2758,0.0000,0.0000,0.0000,0.5000
2026-05-25T20:49:28.523041,2759,0.3000,0.0000,0.0000,0.0000
2026-05-25T20:49:28.622999,2760,0.3000,0.0000,0.0000,0.0000
2026-05-25T20:49:28.733492,2761,0.3000,0.0000,0.0000,0.0000
2026-05-25T20:49:28.833537,2762,0.3000,0.0000,0.0000,0.0000
2026-05-25T20:49:28.933870,2763,0.3000,0.0000,0.0000,0.0000
2026-05-25T20:49:29.033828,2764,0.3000,0.0000,0.0000,0.0000
2026-05-25T20:49:29.134004,2765,0.3000,0.0000,0.0000,0.0000
2026-05-25T20:49:29.234141,2766,0.3000,0.0000,0.0000,0.0000
2026-05-25T20:49:29.334238,2767,0.3000,0.0000,0.0000,0.0000
2026-05-25T20:49:29.434377,2768,0.3000,0.0000,0.0000,0.0000
2026-05-25T20:49:29.639514,2769,0.3000,0.0000,0.0000,0.0000
2026-05-25T20:49:29.739618,2770,0.3000,0.0000,0.0000,0.0000
2026-05-25T20:49:29.839776,2771,0.3000,0.0000,0.0000,0.0000
2026-05-25T20:49:29.941339,2772,0.3000,0.0000,0.0000,0.0000
2026-05-25T20:49:30.041469,2773,0.3000,0.0000,0.0000,0.0000
2026-05-25T20:49:30.141619,2774,0.3000,0.0000,0.0000,0.0000
2026-05-25T20:49:30.241712,2775,0.3000,0.0000,0.0000,0.0000
2026-05-25T20:49:30.341844,2776,0.3000,0.0000,0.0000,0.0000
2026-05-25T20:49:30.442064,2777,0.3000,0.0000,0.0000,0.0000
2026-05-25T20:49:30.542130,2778,0.3000,0.0000,0.0000,0.0000
2026-05-25T20:49:30.642213,2779,0.3000,0.0000,0.0000,0.0000
2026-05-25T20:49:30.859960,2780,0.3000,0.0000,0.0000,0.0000
2026-05-25T20:49:30.960340,2781,0.3000,0.0000,0.0000,0.0000
2026-05-25T20:49:31.060467,2782,0.3000,0.0000,0.0000,0.0000
2026-05-25T20:49:31.160595,2783,0.3000,0.0000,0.0000,0.0000
2026-05-25T20:49:31.260726,2784,0.3000,0.0000,0.0000,0.0000
2026-05-25T20:49:31.361084,2785,0.3000,0.0000,0.0000,0.0000
2026-05-25T20:49:31.461008,2786,0.3000,0.0000,0.0000,0.0000
2026-05-25T20:49:31.561438,2787,0.3000,0.0000,0.0000,0.0000
2026-05-25T20:49:31.661277,2788,0.3000,0.0000,0.0000,0.0000
2026-05-25T20:49:31.879521,2789,0.0000,0.0000,0.0000,-0.5000
2026-05-25T20:49:31.979596,2790,0.0000,0.0000,0.0000,-0.5000
2026-05-25T20:49:32.080331,2791,0.0000,0.0000,0.0000,-0.5000
2026-05-25T20:49:32.180459,2792,0.0000,0.0000,0.0000,-0.5000
2026-05-25T20:49:32.280621,2793,0.0000,0.0000,0.0000,-0.5000
2026-05-25T20:49:32.380730,2794,0.0000,0.0000,0.0000,-0.5000
2026-05-25T20:49:32.480879,2795,0.0000,0.0000,0.0000,-0.5000
2026-05-25T20:49:32.581016,2796,0.0000,0.0000,0.0000,-0.5000
2026-05-25T20:49:32.681163,2797,0.0000,0.0000,0.0000,-0.5000
2026-05-25T20:49:32.781287,2798,0.0000,0.0000,0.0000,-0.5000
2026-05-25T20:49:32.881328,2799,0.0000,0.0000,0.0000,-0.5000
2026-05-25T20:49:33.099506,2800,0.0000,0.0000,0.0000,-0.5000
2026-05-25T20:49:33.199746,2801,0.0000,0.0000,0.0000,-0.5000
2026-05-25T20:49:33.299809,2802,0.0000,0.0000,0.0000,-0.5000
2026-05-25T20:49:33.399887,2803,0.0000,0.0000,0.0000,-0.5000
2026-05-25T20:49:33.500051,2804,0.0000,0.0000,0.0000,-0.5000
2026-05-25T20:49:33.600166,2805,0.0000,0.0000,0.0000,-0.5000
2026-05-25T20:49:33.700235,2806,0.0000,0.0000,0.0000,-0.5000
2026-05-25T20:49:33.800372,2807,0.0000,0.0000,0.0000,-0.5000
2026-05-25T20:49:33.900520,2808,0.0000,0.0000,0.0000,-0.5000
2026-05-25T20:49:34.000579,2809,0.0000,0.0000,0.0000,-0.5000
2026-05-25T20:49:34.100730,2810,0.0000,0.0000,0.0000,-0.5000
2026-05-25T20:49:34.339566,2811,0.0000,0.0000,0.0000,-0.5000
2026-05-25T20:49:34.439639,2812,0.0000,0.0000,0.0000,-0.5000
2026-05-25T20:49:34.539750,2813,0.0000,0.0000,0.0000,-0.5000
2026-05-25T20:49:34.639897,2814,0.0000,0.0000,0.0000,-0.5000
2026-05-25T20:49:34.740034,2815,0.0000,0.0000,0.0000,-0.5000
2026-05-25T20:49:34.840282,2816,0.0000,0.0000,0.0000,-0.5000
2026-05-25T20:49:34.940379,2817,0.0000,0.0000,0.0000,-0.5000
2026-05-25T20:49:35.040327,2818,0.0000,0.0000,0.0000,-0.5000
2026-05-25T20:49:35.140405,2819,-0.2000,0.0000,0.0000,-0.5000
2026-05-25T20:49:35.349491,2820,-0.2000,0.0000,0.0000,-0.5000
2026-05-25T20:49:35.449630,2821,-0.2000,0.0000,0.0000,-0.5000
2026-05-25T20:49:35.551336,2822,-0.2000,0.0000,0.0000,-0.5000
2026-05-25T20:49:35.651475,2823,-0.2000,0.0000,0.0000,-0.5000
2026-05-25T20:49:35.751620,2824,-0.2000,0.0000,0.0000,-0.5000
2026-05-25T20:49:35.852496,2825,-0.2000,0.0000,0.0000,-0.5000
2026-05-25T20:49:35.951906,2826,-0.2000,0.0000,0.0000,-0.5000
2026-05-25T20:49:36.051996,2827,-0.2000,0.0000,0.0000,-0.5000
2026-05-25T20:49:36.152153,2828,-0.2000,0.0000,0.0000,-0.5000
2026-05-25T20:49:36.379566,2829,-0.2000,0.0000,0.0000,-0.5000
2026-05-25T20:49:36.479622,2830,-0.2000,0.0000,0.0000,-0.5000
2026-05-25T20:49:36.579754,2831,-0.2000,0.0000,0.0000,-0.5000
2026-05-25T20:49:36.679917,2832,-0.2000,0.0000,0.0000,-0.5000
2026-05-25T20:49:36.780687,2833,-0.2000,0.0000,0.0000,-0.5000
2026-05-25T20:49:36.880583,2834,-0.2000,0.0000,0.0000,-0.5000
2026-05-25T20:49:36.980445,2835,-0.2000,0.0000,0.0000,-0.5000
2026-05-25T20:49:37.080324,2836,-0.2000,0.0000,0.0000,-0.5000
2026-05-25T20:49:37.180460,2837,-0.2000,0.0000,0.0000,-0.5000
2026-05-25T20:49:37.280594,2838,-0.2000,0.0000,0.0000,-0.5000
2026-05-25T20:49:37.381472,2839,-0.2000,0.0000,0.0000,-0.5000
2026-05-25T20:49:37.599604,2840,-0.2000,0.0000,0.0000,-0.5000
2026-05-25T20:49:37.699652,2841,-0.2000,0.0000,0.0000,-0.5000
2026-05-25T20:49:37.799857,2842,-0.2000,0.0000,0.0000,-0.5000
2026-05-25T20:49:37.900165,2843,-0.2000,0.0000,0.0000,-0.5000
2026-05-25T20:49:38.002425,2844,-0.2000,0.0000,0.0000,-0.5000
2026-05-25T20:49:38.100348,2845,-0.2000,0.0000,0.0000,-0.5000
2026-05-25T20:49:38.200458,2846,-0.2000,0.0000,0.0000,-0.5000
2026-05-25T20:49:38.300576,2847,-0.2000,0.0000,0.0000,-0.5000
2026-05-25T20:49:38.400732,2848,-0.2000,0.0000,0.0000,-0.5000
2026-05-25T20:49:38.501362,2849,0.0000,0.0000,0.0000,0.5000
2026-05-25T20:49:38.601475,2850,0.0000,0.0000,0.0000,0.5000
2026-05-25T20:49:38.819585,2851,0.0000,0.0000,0.0000,0.5000
2026-05-25T20:49:38.919682,2852,0.0000,0.0000,0.0000,0.5000
2026-05-25T20:49:39.019839,2853,0.0000,0.0000,0.0000,0.5000
2026-05-25T20:49:39.119949,2854,0.0000,0.0000,0.0000,0.5000
2026-05-25T20:49:39.220369,2855,0.0000,0.0000,0.0000,0.5000
2026-05-25T20:49:39.320463,2856,0.0000,0.0000,0.0000,0.5000
2026-05-25T20:49:39.420594,2857,0.0000,0.0000,0.0000,0.5000
2026-05-25T20:49:39.521716,2858,0.0000,0.0000,0.0000,0.5000
2026-05-25T20:49:39.622076,2859,0.0000,0.0000,0.0000,0.5000
2026-05-25T20:49:39.829754,2860,0.0000,0.0000,0.0000,0.5000
2026-05-25T20:49:39.929889,2861,0.0000,0.0000,0.0000,0.5000
2026-05-25T20:49:40.030013,2862,0.0000,0.0000,0.0000,0.5000
2026-05-25T20:49:40.130116,2863,0.0000,0.0000,0.0000,0.5000
2026-05-25T20:49:40.230268,2864,0.0000,0.0000,0.0000,0.5000
2026-05-25T20:49:40.330354,2865,0.0000,0.0000,0.0000,0.5000
2026-05-25T20:49:40.430401,2866,0.0000,0.0000,0.0000,0.5000
2026-05-25T20:49:40.530472,2867,0.0000,0.0000,0.0000,0.5000
2026-05-25T20:49:40.630519,2868,0.0000,0.0000,0.0000,0.5000
2026-05-25T20:49:40.839662,2869,0.0000,0.0000,0.0000,0.5000
2026-05-25T20:49:40.939793,2870,0.0000,0.0000,0.0000,0.5000
2026-05-25T20:49:41.039897,2871,0.0000,0.0000,0.0000,0.5000
2026-05-25T20:49:41.140370,2872,0.0000,0.0000,0.0000,0.5000
2026-05-25T20:49:41.240142,2873,0.0000,0.0000,0.0000,0.5000
2026-05-25T20:49:41.340263,2874,0.0000,0.0000,0.0000,0.5000
2026-05-25T20:49:41.440800,2875,0.0000,0.0000,0.0000,0.5000
2026-05-25T20:49:41.540941,2876,0.0000,0.0000,0.0000,0.5000
2026-05-25T20:49:41.641055,2877,0.0000,0.0000,0.0000,0.5000
2026-05-25T20:49:41.741215,2878,0.0000,0.0000,0.0000,0.5000
2026-05-25T20:49:41.842656,2879,0.3000,0.0000,0.0000,0.0000
2026-05-25T20:49:42.119756,2880,0.3000,0.0000,0.0000,0.0000
2026-05-25T20:49:42.219849,2881,0.3000,0.0000,0.0000,0.0000
2026-05-25T20:49:42.319952,2882,0.3000,0.0000,0.0000,0.0000
2026-05-25T20:49:42.420165,2883,0.3000,0.0000,0.0000,0.0000
2026-05-25T20:49:42.521513,2884,0.3000,0.0000,0.0000,0.0000
2026-05-25T20:49:42.621425,2885,0.3000,0.0000,0.0000,0.0000
2026-05-25T20:49:42.721572,2886,0.3000,0.0000,0.0000,0.0000
2026-05-25T20:49:42.821719,2887,0.3000,0.0000,0.0000,0.0000
2026-05-25T20:49:42.921887,2888,0.3000,0.0000,0.0000,0.0000
2026-05-25T20:49:43.022053,2889,0.3000,0.0000,0.0000,0.0000
2026-05-25T20:49:43.122125,2890,0.3000,0.0000,0.0000,0.0000
2026-05-25T20:49:43.222282,2891,0.3000,0.0000,0.0000,0.0000
2026-05-25T20:49:43.322345,2892,0.3000,0.0000,0.0000,0.0000
2026-05-25T20:49:43.541386,2893,0.3000,0.0000,0.0000,0.0000
2026-05-25T20:49:43.641496,2894,0.3000,0.0000,0.0000,0.0000
2026-05-25T20:49:43.741587,2895,0.3000,0.0000,0.0000,0.0000
2026-05-25T20:49:43.841710,2896,0.3000,0.0000,0.0000,0.0000
2026-05-25T20:49:43.942037,2897,0.3000,0.0000,0.0000,0.0000
2026-05-25T20:49:44.042069,2898,0.3000,0.0000,0.0000,0.0000
2026-05-25T20:49:44.142114,2899,0.3000,0.0000,0.0000,0.0000
2026-05-25T20:49:44.242282,2900,0.3000,0.0000,0.0000,0.0000
2026-05-25T20:49:44.342298,2901,0.3000,0.0000,0.0000,0.0000
2026-05-25T20:49:44.549844,2902,0.3000,0.0000,0.0000,0.0000
2026-05-25T20:49:44.649936,2903,0.3000,0.0000,0.0000,0.0000
2026-05-25T20:49:44.750070,2904,0.3000,0.0000,0.0000,0.0000
2026-05-25T20:49:44.850209,2905,0.3000,0.0000,0.0000,0.0000
2026-05-25T20:49:44.950330,2906,0.3000,0.0000,0.0000,0.0000
2026-05-25T20:49:45.050348,2907,0.3000,0.0000,0.0000,0.0000
2026-05-25T20:49:45.150488,2908,0.3000,0.0000,0.0000,0.0000
2026-05-25T20:49:45.250612,2909,0.0000,0.0000,0.0000,-0.5000
2026-05-25T20:49:45.350826,2910,0.0000,0.0000,0.0000,-0.5000
2026-05-25T20:49:45.508269,2911,0.0000,0.0000,0.0000,-0.5000
2026-05-25T20:49:45.608359,2912,0.0000,0.0000,0.0000,-0.5000
2026-05-25T20:49:45.708443,2913,0.0000,0.0000,0.0000,-0.5000
2026-05-25T20:49:45.808662,2914,0.0000,0.0000,0.0000,-0.5000
2026-05-25T20:49:45.909917,2915,0.0000,0.0000,0.0000,-0.5000
2026-05-25T20:49:46.009937,2916,0.0000,0.0000,0.0000,-0.5000
2026-05-25T20:49:46.110155,2917,0.0000,0.0000,0.0000,-0.5000
2026-05-25T20:49:46.210105,2918,0.0000,0.0000,0.0000,-0.5000
2026-05-25T20:49:46.310283,2919,0.0000,0.0000,0.0000,-0.5000
2026-05-25T20:49:46.441213,2920,0.0000,0.0000,0.0000,-0.5000
2026-05-25T20:49:46.569971,2921,0.0000,0.0000,0.0000,-0.5000
2026-05-25T20:49:46.670015,2922,0.0000,0.0000,0.0000,-0.5000
2026-05-25T20:49:46.772341,2923,0.0000,0.0000,0.0000,-0.5000
2026-05-25T20:49:46.872474,2924,0.0000,0.0000,0.0000,-0.5000
2026-05-25T20:49:46.972917,2925,0.0000,0.0000,0.0000,-0.5000
2026-05-25T20:49:47.073052,2926,0.0000,0.0000,0.0000,-0.5000
2026-05-25T20:49:47.173136,2927,0.0000,0.0000,0.0000,-0.5000
2026-05-25T20:49:47.273260,2928,0.0000,0.0000,0.0000,-0.5000
2026-05-25T20:49:47.373407,2929,0.0000,0.0000,0.0000,-0.5000
2026-05-25T20:49:47.579744,2930,0.0000,0.0000,0.0000,-0.5000
2026-05-25T20:49:47.680058,2931,0.0000,0.0000,0.0000,-0.5000
2026-05-25T20:49:47.780230,2932,0.0000,0.0000,0.0000,-0.5000
2026-05-25T20:49:47.880386,2933,0.0000,0.0000,0.0000,-0.5000
2026-05-25T20:49:47.980483,2934,0.0000,0.0000,0.0000,-0.5000
2026-05-25T20:49:48.080617,2935,0.0000,0.0000,0.0000,-0.5000
2026-05-25T20:49:48.180782,2936,0.0000,0.0000,0.0000,-0.5000
2026-05-25T20:49:48.280882,2937,0.0000,0.0000,0.0000,-0.5000
2026-05-25T20:49:48.381041,2938,0.0000,0.0000,0.0000,-0.5000
2026-05-25T20:49:48.481126,2939,-0.2000,0.0000,0.0000,-0.5000
2026-05-25T20:49:48.581293,2940,-0.2000,0.0000,0.0000,-0.5000
2026-05-25T20:49:48.810185,2941,-0.2000,0.0000,0.0000,-0.5000
2026-05-25T20:49:48.910062,2942,-0.2000,0.0000,0.0000,-0.5000
2026-05-25T20:49:49.010093,2943,-0.2000,0.0000,0.0000,-0.5000
2026-05-25T20:49:49.110234,2944,-0.2000,0.0000,0.0000,-0.5000
2026-05-25T20:49:49.210370,2945,-0.2000,0.0000,0.0000,-0.5000
2026-05-25T20:49:49.311177,2946,-0.2000,0.0000,0.0000,-0.5000
2026-05-25T20:49:49.410596,2947,-0.2000,0.0000,0.0000,-0.5000
2026-05-25T20:49:49.510898,2948,-0.2000,0.0000,0.0000,-0.5000
2026-05-25T20:49:49.610922,2949,-0.2000,0.0000,0.0000,-0.5000
2026-05-25T20:49:49.711085,2950,-0.2000,0.0000,0.0000,-0.5000
2026-05-25T20:49:49.811346,2951,-0.2000,0.0000,0.0000,-0.5000
2026-05-25T20:49:50.030067,2952,-0.2000,0.0000,0.0000,-0.5000
2026-05-25T20:49:50.130152,2953,-0.2000,0.0000,0.0000,-0.5000
2026-05-25T20:49:50.230370,2954,-0.2000,0.0000,0.0000,-0.5000
2026-05-25T20:49:50.330362,2955,-0.2000,0.0000,0.0000,-0.5000
2026-05-25T20:49:50.430492,2956,-0.2000,0.0000,0.0000,-0.5000
2026-05-25T20:49:50.530620,2957,-0.2000,0.0000,0.0000,-0.5000
2026-05-25T20:49:50.630744,2958,-0.2000,0.0000,0.0000,-0.5000
2026-05-25T20:49:50.730853,2959,-0.2000,0.0000,0.0000,-0.5000
2026-05-25T20:49:50.830984,2960,-0.2000,0.0000,0.0000,-0.5000
2026-05-25T20:49:51.039890,2961,-0.2000,0.0000,0.0000,-0.5000
2026-05-25T20:49:51.139967,2962,-0.2000,0.0000,0.0000,-0.5000
2026-05-25T20:49:51.240106,2963,-0.2000,0.0000,0.0000,-0.5000
2026-05-25T20:49:51.340254,2964,-0.2000,0.0000,0.0000,-0.5000
2026-05-25T20:49:51.440377,2965,-0.2000,0.0000,0.0000,-0.5000
2026-05-25T20:49:51.541077,2966,-0.2000,0.0000,0.0000,-0.5000
2026-05-25T20:49:51.640645,2967,-0.2000,0.0000,0.0000,-0.5000
2026-05-25T20:49:51.740811,2968,-0.2000,0.0000,0.0000,-0.5000
2026-05-25T20:49:51.840912,2969,0.0000,0.0000,0.0000,0.5000
2026-05-25T20:49:52.019943,2970,0.0000,0.0000,0.0000,0.5000
2026-05-25T20:49:52.120030,2971,0.0000,0.0000,0.0000,0.5000
2026-05-25T20:49:52.220180,2972,0.0000,0.0000,0.0000,0.5000
2026-05-25T20:49:52.320817,2973,0.0000,0.0000,0.0000,0.5000
2026-05-25T20:49:52.420934,2974,0.0000,0.0000,0.0000,0.5000
2026-05-25T20:49:52.521109,2975,0.0000,0.0000,0.0000,0.5000
2026-05-25T20:49:52.621223,2976,0.0000,0.0000,0.0000,0.5000
2026-05-25T20:49:52.721359,2977,0.0000,0.0000,0.0000,0.5000
2026-05-25T20:49:52.821474,2978,0.0000,0.0000,0.0000,0.5000
2026-05-25T20:49:53.100043,2979,0.0000,0.0000,0.0000,0.5000
2026-05-25T20:49:53.200468,2980,0.0000,0.0000,0.0000,0.5000
2026-05-25T20:49:53.300517,2981,0.0000,0.0000,0.0000,0.5000
2026-05-25T20:49:53.401306,2982,0.0000,0.0000,0.0000,0.5000
2026-05-25T20:49:53.501384,2983,0.0000,0.0000,0.0000,0.5000
2026-05-25T20:49:53.601501,2984,0.0000,0.0000,0.0000,0.5000
2026-05-25T20:49:53.701566,2985,0.0000,0.0000,0.0000,0.5000
2026-05-25T20:49:53.801708,2986,0.0000,0.0000,0.0000,0.5000
2026-05-25T20:49:53.901747,2987,0.0000,0.0000,0.0000,0.5000
2026-05-25T20:49:54.001946,2988,0.0000,0.0000,0.0000,0.5000
2026-05-25T20:49:54.102031,2989,0.0000,0.0000,0.0000,0.5000
2026-05-25T20:49:54.229939,2990,0.0000,0.0000,0.0000,0.5000
2026-05-25T20:49:54.330064,2991,0.0000,0.0000,0.0000,0.5000
2026-05-25T20:49:54.430191,2992,0.0000,0.0000,0.0000,0.5000
2026-05-25T20:49:54.530334,2993,0.0000,0.0000,0.0000,0.5000
2026-05-25T20:49:54.630461,2994,0.0000,0.0000,0.0000,0.5000
2026-05-25T20:49:54.829984,2995,0.0000,0.0000,0.0000,0.5000
2026-05-25T20:49:54.930115,2996,0.0000,0.0000,0.0000,0.5000
2026-05-25T20:49:55.030186,2997,0.0000,0.0000,0.0000,0.5000
2026-05-25T20:49:55.130368,2998,0.0000,0.0000,0.0000,0.5000
2026-05-25T20:49:55.230442,2999,0.3000,0.0000,0.0000,0.0000
2026-05-25T20:49:55.530048,3000,0.3000,0.0000,0.0000,0.0000
2026-05-25T20:49:55.630175,3001,0.3000,0.0000,0.0000,0.0000
2026-05-25T20:49:55.730335,3002,0.3000,0.0000,0.0000,0.0000
2026-05-25T20:49:55.830333,3003,0.3000,0.0000,0.0000,0.0000
2026-05-25T20:49:55.931406,3004,0.3000,0.0000,0.0000,0.0000
2026-05-25T20:49:56.031516,3005,0.3000,0.0000,0.0000,0.0000
2026-05-25T20:49:56.131797,3006,0.3000,0.0000,0.0000,0.0000
2026-05-25T20:49:56.231960,3007,0.3000,0.0000,0.0000,0.0000
2026-05-25T20:49:56.332126,3008,0.3000,0.0000,0.0000,0.0000
2026-05-25T20:49:56.540218,3009,0.3000,0.0000,0.0000,0.0000
2026-05-25T20:49:56.640186,3010,0.3000,0.0000,0.0000,0.0000
2026-05-25T20:49:56.740304,3011,0.3000,0.0000,0.0000,0.0000
2026-05-25T20:49:56.840576,3012,0.3000,0.0000,0.0000,0.0000
2026-05-25T20:49:56.940570,3013,0.3000,0.0000,0.0000,0.0000
2026-05-25T20:49:57.040635,3014,0.3000,0.0000,0.0000,0.0000
2026-05-25T20:49:57.140762,3015,0.3000,0.0000,0.0000,0.0000
2026-05-25T20:49:57.240955,3016,0.3000,0.0000,0.0000,0.0000
2026-05-25T20:49:57.341101,3017,0.3000,0.0000,0.0000,0.0000
2026-05-25T20:49:57.551219,3018,0.3000,0.0000,0.0000,0.0000
2026-05-25T20:49:57.651297,3019,0.3000,0.0000,0.0000,0.0000
2026-05-25T20:49:57.751446,3020,0.3000,0.0000,0.0000,0.0000
2026-05-25T20:49:57.851599,3021,0.3000,0.0000,0.0000,0.0000
2026-05-25T20:49:57.951692,3022,0.3000,0.0000,0.0000,0.0000
2026-05-25T20:49:58.051814,3023,0.3000,0.0000,0.0000,0.0000
2026-05-25T20:49:58.151972,3024,0.3000,0.0000,0.0000,0.0000
2026-05-25T20:49:58.252076,3025,0.3000,0.0000,0.0000,0.0000
2026-05-25T20:49:58.352238,3026,0.3000,0.0000,0.0000,0.0000
2026-05-25T20:49:58.490537,3027,0.3000,0.0000,0.0000,0.0000
2026-05-25T20:49:58.590684,3028,0.3000,0.0000,0.0000,0.0000
2026-05-25T20:49:58.691812,3029,0.0000,0.0000,0.0000,-0.5000
2026-05-25T20:49:58.791919,3030,0.0000,0.0000,0.0000,-0.5000
2026-05-25T20:49:58.892037,3031,0.0000,0.0000,0.0000,-0.5000
2026-05-25T20:49:58.992161,3032,0.0000,0.0000,0.0000,-0.5000
2026-05-25T20:49:59.092319,3033,0.0000,0.0000,0.0000,-0.5000
2026-05-25T20:49:59.270242,3034,0.0000,0.0000,0.0000,-0.5000
2026-05-25T20:49:59.370225,3035,0.0000,0.0000,0.0000,-0.5000
2026-05-25T20:49:59.470333,3036,0.0000,0.0000,0.0000,-0.5000
2026-05-25T20:49:59.570471,3037,0.0000,0.0000,0.0000,-0.5000
2026-05-25T20:49:59.670699,3038,0.0000,0.0000,0.0000,-0.5000
2026-05-25T20:49:59.771021,3039,0.0000,0.0000,0.0000,-0.5000
2026-05-25T20:49:59.870930,3040,0.0000,0.0000,0.0000,-0.5000
2026-05-25T20:49:59.971027,3041,0.0000,0.0000,0.0000,-0.5000
2026-05-25T20:50:00.071208,3042,0.0000,0.0000,0.0000,-0.5000
2026-05-25T20:50:00.171300,3043,0.0000,0.0000,0.0000,-0.5000
2026-05-25T20:50:00.400196,3044,0.0000,0.0000,0.0000,-0.5000
2026-05-25T20:50:00.500308,3045,0.0000,0.0000,0.0000,-0.5000
2026-05-25T20:50:00.600344,3046,0.0000,0.0000,0.0000,-0.5000
2026-05-25T20:50:00.700489,3047,0.0000,0.0000,0.0000,-0.5000
2026-05-25T20:50:00.800610,3048,0.0000,0.0000,0.0000,-0.5000
2026-05-25T20:50:00.900755,3049,0.0000,0.0000,0.0000,-0.5000
2026-05-25T20:50:01.000871,3050,0.0000,0.0000,0.0000,-0.5000
2026-05-25T20:50:01.101044,3051,0.0000,0.0000,0.0000,-0.5000
2026-05-25T20:50:01.201307,3052,0.0000,0.0000,0.0000,-0.5000
2026-05-25T20:50:01.410202,3053,0.0000,0.0000,0.0000,-0.5000
2026-05-25T20:50:01.510325,3054,0.0000,0.0000,0.0000,-0.5000
2026-05-25T20:50:01.610637,3055,0.0000,0.0000,0.0000,-0.5000
2026-05-25T20:50:01.710618,3056,0.0000,0.0000,0.0000,-0.5000
2026-05-25T20:50:01.810599,3057,0.0000,0.0000,0.0000,-0.5000
2026-05-25T20:50:01.910742,3058,0.0000,0.0000,0.0000,-0.5000
2026-05-25T20:50:02.010884,3059,-0.2000,0.0000,0.0000,-0.5000
2026-05-25T20:50:02.111001,3060,-0.2000,0.0000,0.0000,-0.5000
2026-05-25T20:50:02.212254,3061,-0.2000,0.0000,0.0000,-0.5000
2026-05-25T20:50:02.311321,3062,-0.2000,0.0000,0.0000,-0.5000
2026-05-25T20:50:02.411343,3063,-0.2000,0.0000,0.0000,-0.5000
2026-05-25T20:50:02.511472,3064,-0.2000,0.0000,0.0000,-0.5000
2026-05-25T20:50:02.611621,3065,-0.2000,0.0000,0.0000,-0.5000
2026-05-25T20:50:02.830284,3066,-0.2000,0.0000,0.0000,-0.5000
2026-05-25T20:50:02.930351,3067,-0.2000,0.0000,0.0000,-0.5000
2026-05-25T20:50:03.030461,3068,-0.2000,0.0000,0.0000,-0.5000
2026-05-25T20:50:03.130592,3069,-0.2000,0.0000,0.0000,-0.5000
2026-05-25T20:50:03.230754,3070,-0.2000,0.0000,0.0000,-0.5000
2026-05-25T20:50:03.330902,3071,-0.2000,0.0000,0.0000,-0.5000
2026-05-25T20:50:03.431030,3072,-0.2000,0.0000,0.0000,-0.5000
2026-05-25T20:50:03.531161,3073,-0.2000,0.0000,0.0000,-0.5000
2026-05-25T20:50:03.631283,3074,-0.2000,0.0000,0.0000,-0.5000
2026-05-25T20:50:03.880526,3075,-0.2000,0.0000,0.0000,-0.5000
2026-05-25T20:50:03.980633,3076,-0.2000,0.0000,0.0000,-0.5000
2026-05-25T20:50:04.080838,3077,-0.2000,0.0000,0.0000,-0.5000
2026-05-25T20:50:04.180916,3078,-0.2000,0.0000,0.0000,-0.5000
2026-05-25T20:50:04.281042,3079,-0.2000,0.0000,0.0000,-0.5000
2026-05-25T20:50:04.381144,3080,-0.2000,0.0000,0.0000,-0.5000
2026-05-25T20:50:04.481298,3081,-0.2000,0.0000,0.0000,-0.5000
2026-05-25T20:50:04.581352,3082,-0.2000,0.0000,0.0000,-0.5000
2026-05-25T20:50:04.681451,3083,-0.2000,0.0000,0.0000,-0.5000
2026-05-25T20:50:04.781590,3084,-0.2000,0.0000,0.0000,-0.5000
2026-05-25T20:50:04.881733,3085,-0.2000,0.0000,0.0000,-0.5000
2026-05-25T20:50:04.982006,3086,-0.2000,0.0000,0.0000,-0.5000
2026-05-25T20:50:05.081964,3087,-0.2000,0.0000,0.0000,-0.5000
2026-05-25T20:50:05.300108,3088,-0.2000,0.0000,0.0000,-0.5000
2026-05-25T20:50:05.400302,3089,0.0000,0.0000,0.0000,0.5000
2026-05-25T20:50:05.501777,3090,0.0000,0.0000,0.0000,0.5000
2026-05-25T20:50:05.600426,3091,0.0000,0.0000,0.0000,0.5000
2026-05-25T20:50:05.700617,3092,0.0000,0.0000,0.0000,0.5000
2026-05-25T20:50:05.800728,3093,0.0000,0.0000,0.0000,0.5000
2026-05-25T20:50:05.900845,3094,0.0000,0.0000,0.0000,0.5000
2026-05-25T20:50:06.000996,3095,0.0000,0.0000,0.0000,0.5000
2026-05-25T20:50:06.101136,3096,0.0000,0.0000,0.0000,0.5000
2026-05-25T20:50:06.310261,3097,0.0000,0.0000,0.0000,0.5000
2026-05-25T20:50:06.410345,3098,0.0000,0.0000,0.0000,0.5000
2026-05-25T20:50:06.510494,3099,0.0000,0.0000,0.0000,0.5000
2026-05-25T20:50:06.610620,3100,0.0000,0.0000,0.0000,0.5000
2026-05-25T20:50:06.711334,3101,0.0000,0.0000,0.0000,0.5000
2026-05-25T20:50:06.811441,3102,0.0000,0.0000,0.0000,0.5000
2026-05-25T20:50:06.911599,3103,0.0000,0.0000,0.0000,0.5000
2026-05-25T20:50:07.011736,3104,0.0000,0.0000,0.0000,0.5000
2026-05-25T20:50:07.111881,3105,0.0000,0.0000,0.0000,0.5000
2026-05-25T20:50:07.320698,3106,0.0000,0.0000,0.0000,0.5000
2026-05-25T20:50:07.420339,3107,0.0000,0.0000,0.0000,0.5000
2026-05-25T20:50:07.520477,3108,0.0000,0.0000,0.0000,0.5000
2026-05-25T20:50:07.620580,3109,0.0000,0.0000,0.0000,0.5000
2026-05-25T20:50:07.720794,3110,0.0000,0.0000,0.0000,0.5000
2026-05-25T20:50:07.820856,3111,0.0000,0.0000,0.0000,0.5000
2026-05-25T20:50:07.921050,3112,0.0000,0.0000,0.0000,0.5000
2026-05-25T20:50:08.021169,3113,0.0000,0.0000,0.0000,0.5000
2026-05-25T20:50:08.121339,3114,0.0000,0.0000,0.0000,0.5000
2026-05-25T20:50:08.221379,3115,0.0000,0.0000,0.0000,0.5000
2026-05-25T20:50:08.321502,3116,0.0000,0.0000,0.0000,0.5000
2026-05-25T20:50:08.430318,3117,0.0000,0.0000,0.0000,0.5000
2026-05-25T20:50:08.580309,3118,0.0000,0.0000,0.0000,0.5000
2026-05-25T20:50:08.680398,3119,0.3000,0.0000,0.0000,0.0000
2026-05-25T20:50:08.780522,3120,0.3000,0.0000,0.0000,0.0000
2026-05-25T20:50:08.880637,3121,0.3000,0.0000,0.0000,0.0000
2026-05-25T20:50:08.980748,3122,0.3000,0.0000,0.0000,0.0000
2026-05-25T20:50:09.080891,3123,0.3000,0.0000,0.0000,0.0000
2026-05-25T20:50:09.181042,3124,0.3000,0.0000,0.0000,0.0000
2026-05-25T20:50:09.281082,3125,0.3000,0.0000,0.0000,0.0000
2026-05-25T20:50:09.381200,3126,0.3000,0.0000,0.0000,0.0000
2026-05-25T20:50:09.482326,3127,0.3000,0.0000,0.0000,0.0000
2026-05-25T20:50:09.582382,3128,0.3000,0.0000,0.0000,0.0000
2026-05-25T20:50:09.682616,3129,0.3000,0.0000,0.0000,0.0000
2026-05-25T20:50:10.000341,3130,0.3000,0.0000,0.0000,0.0000
2026-05-25T20:50:10.100442,3131,0.3000,0.0000,0.0000,0.0000
2026-05-25T20:50:10.200553,3132,0.3000,0.0000,0.0000,0.0000
2026-05-25T20:50:10.300857,3133,0.3000,0.0000,0.0000,0.0000
2026-05-25T20:50:10.400823,3134,0.3000,0.0000,0.0000,0.0000
2026-05-25T20:50:10.500955,3135,0.3000,0.0000,0.0000,0.0000
2026-05-25T20:50:10.601098,3136,0.3000,0.0000,0.0000,0.0000
2026-05-25T20:50:10.701188,3137,0.3000,0.0000,0.0000,0.0000
2026-05-25T20:50:10.801292,3138,0.3000,0.0000,0.0000,0.0000
2026-05-25T20:50:10.901443,3139,0.3000,0.0000,0.0000,0.0000
2026-05-25T20:50:11.001597,3140,0.3000,0.0000,0.0000,0.0000
2026-05-25T20:50:11.220577,3141,0.3000,0.0000,0.0000,0.0000
2026-05-25T20:50:11.320447,3142,0.3000,0.0000,0.0000,0.0000
2026-05-25T20:50:11.420520,3143,0.3000,0.0000,0.0000,0.0000
2026-05-25T20:50:11.522226,3144,0.3000,0.0000,0.0000,0.0000
2026-05-25T20:50:11.622344,3145,0.3000,0.0000,0.0000,0.0000
2026-05-25T20:50:11.722458,3146,0.3000,0.0000,0.0000,0.0000
2026-05-25T20:50:11.822556,3147,0.3000,0.0000,0.0000,0.0000
2026-05-25T20:50:11.922801,3148,0.3000,0.0000,0.0000,0.0000
2026-05-25T20:50:12.022862,3149,0.0000,0.0000,0.0000,-0.5000
2026-05-25T20:50:12.201263,3150,0.0000,0.0000,0.0000,-0.5000
2026-05-25T20:50:12.301336,3151,0.0000,0.0000,0.0000,-0.5000
2026-05-25T20:50:12.402095,3152,0.0000,0.0000,0.0000,-0.5000
2026-05-25T20:50:12.502115,3153,0.0000,0.0000,0.0000,-0.5000
2026-05-25T20:50:12.602258,3154,0.0000,0.0000,0.0000,-0.5000
2026-05-25T20:50:12.702319,3155,0.0000,0.0000,0.0000,-0.5000
2026-05-25T20:50:12.803324,3156,0.0000,0.0000,0.0000,-0.5000
2026-05-25T20:50:12.903433,3157,0.0000,0.0000,0.0000,-0.5000
2026-05-25T20:50:13.003580,3158,0.0000,0.0000,0.0000,-0.5000
2026-05-25T20:50:13.240630,3159,0.0000,0.0000,0.0000,-0.5000
2026-05-25T20:50:13.340730,3160,0.0000,0.0000,0.0000,-0.5000
2026-05-25T20:50:13.440874,3161,0.0000,0.0000,0.0000,-0.5000
2026-05-25T20:50:13.540977,3162,0.0000,0.0000,0.0000,-0.5000
2026-05-25T20:50:13.641058,3163,0.0000,0.0000,0.0000,-0.5000
2026-05-25T20:50:13.741159,3164,0.0000,0.0000,0.0000,-0.5000
2026-05-25T20:50:13.841281,3165,0.0000,0.0000,0.0000,-0.5000
2026-05-25T20:50:13.941636,3166,0.0000,0.0000,0.0000,-0.5000
2026-05-25T20:50:14.041740,3167,0.0000,0.0000,0.0000,-0.5000
2026-05-25T20:50:14.260636,3168,0.0000,0.0000,0.0000,-0.5000
2026-05-25T20:50:14.361371,3169,0.0000,0.0000,0.0000,-0.5000
2026-05-25T20:50:14.461546,3170,0.0000,0.0000,0.0000,-0.5000
2026-05-25T20:50:14.561666,3171,0.0000,0.0000,0.0000,-0.5000
2026-05-25T20:50:14.661846,3172,0.0000,0.0000,0.0000,-0.5000
2026-05-25T20:50:14.762034,3173,0.0000,0.0000,0.0000,-0.5000
2026-05-25T20:50:14.862178,3174,0.0000,0.0000,0.0000,-0.5000
2026-05-25T20:50:14.962309,3175,0.0000,0.0000,0.0000,-0.5000
2026-05-25T20:50:15.062593,3176,0.0000,0.0000,0.0000,-0.5000
2026-05-25T20:50:15.162545,3177,0.0000,0.0000,0.0000,-0.5000
2026-05-25T20:50:15.262681,3178,0.0000,0.0000,0.0000,-0.5000
2026-05-25T20:50:15.480418,3179,-0.2000,0.0000,0.0000,-0.5000
2026-05-25T20:50:15.580563,3180,-0.2000,0.0000,0.0000,-0.5000
2026-05-25T20:50:15.680698,3181,-0.2000,0.0000,0.0000,-0.5000
2026-05-25T20:50:15.780903,3182,-0.2000,0.0000,0.0000,-0.5000
2026-05-25T20:50:15.883118,3183,-0.2000,0.0000,0.0000,-0.5000
2026-05-25T20:50:15.982324,3184,-0.2000,0.0000,0.0000,-0.5000
2026-05-25T20:50:16.082467,3185,-0.2000,0.0000,0.0000,-0.5000
2026-05-25T20:50:16.182584,3186,-0.2000,0.0000,0.0000,-0.5000
2026-05-25T20:50:16.282734,3187,-0.2000,0.0000,0.0000,-0.5000
2026-05-25T20:50:16.382910,3188,-0.2000,0.0000,0.0000,-0.5000
2026-05-25T20:50:16.484292,3189,-0.2000,0.0000,0.0000,-0.5000
2026-05-25T20:50:16.700484,3190,-0.2000,0.0000,0.0000,-0.5000
2026-05-25T20:50:16.800604,3191,-0.2000,0.0000,0.0000,-0.5000
2026-05-25T20:50:16.900736,3192,-0.2000,0.0000,0.0000,-0.5000
2026-05-25T20:50:17.000933,3193,-0.2000,0.0000,0.0000,-0.5000
2026-05-25T20:50:17.101070,3194,-0.2000,0.0000,0.0000,-0.5000
2026-05-25T20:50:17.201278,3195,-0.2000,0.0000,0.0000,-0.5000
2026-05-25T20:50:17.301384,3196,-0.2000,0.0000,0.0000,-0.5000
2026-05-25T20:50:17.401499,3197,-0.2000,0.0000,0.0000,-0.5000
2026-05-25T20:50:17.501727,3198,-0.2000,0.0000,0.0000,-0.5000
2026-05-25T20:50:17.601820,3199,-0.2000,0.0000,0.0000,-0.5000
2026-05-25T20:50:17.702011,3200,-0.2000,0.0000,0.0000,-0.5000
2026-05-25T20:50:17.960557,3201,-0.2000,0.0000,0.0000,-0.5000
2026-05-25T20:50:18.060633,3202,-0.2000,0.0000,0.0000,-0.5000
2026-05-25T20:50:18.160896,3203,-0.2000,0.0000,0.0000,-0.5000
2026-05-25T20:50:18.261523,3204,-0.2000,0.0000,0.0000,-0.5000
2026-05-25T20:50:18.361562,3205,-0.2000,0.0000,0.0000,-0.5000
2026-05-25T20:50:18.461697,3206,-0.2000,0.0000,0.0000,-0.5000
2026-05-25T20:50:18.561803,3207,-0.2000,0.0000,0.0000,-0.5000
2026-05-25T20:50:18.661901,3208,-0.2000,0.0000,0.0000,-0.5000
2026-05-25T20:50:18.762043,3209,0.0000,0.0000,0.0000,0.5000
2026-05-25T20:50:18.970693,3210,0.0000,0.0000,0.0000,0.5000
2026-05-25T20:50:19.070702,3211,0.0000,0.0000,0.0000,0.5000
2026-05-25T20:50:19.170861,3212,0.0000,0.0000,0.0000,0.5000
2026-05-25T20:50:19.271023,3213,0.0000,0.0000,0.0000,0.5000
2026-05-25T20:50:19.371150,3214,0.0000,0.0000,0.0000,0.5000
2026-05-25T20:50:19.471217,3215,0.0000,0.0000,0.0000,0.5000
2026-05-25T20:50:19.571411,3216,0.0000,0.0000,0.0000,0.5000
2026-05-25T20:50:19.673399,3217,0.0000,0.0000,0.0000,0.5000
2026-05-25T20:50:19.773478,3218,0.0000,0.0000,0.0000,0.5000
2026-05-25T20:50:19.980655,3219,0.0000,0.0000,0.0000,0.5000
2026-05-25T20:50:20.080761,3220,0.0000,0.0000,0.0000,0.5000
2026-05-25T20:50:20.180929,3221,0.0000,0.0000,0.0000,0.5000
2026-05-25T20:50:20.281026,3222,0.0000,0.0000,0.0000,0.5000
2026-05-25T20:50:20.381364,3223,0.0000,0.0000,0.0000,0.5000
2026-05-25T20:50:20.484357,3224,0.0000,0.0000,0.0000,0.5000
2026-05-25T20:50:20.584447,3225,0.0000,0.0000,0.0000,0.5000
2026-05-25T20:50:20.684633,3226,0.0000,0.0000,0.0000,0.5000
2026-05-25T20:50:20.784727,3227,0.0000,0.0000,0.0000,0.5000
2026-05-25T20:50:20.960712,3228,0.0000,0.0000,0.0000,0.5000
2026-05-25T20:50:21.060726,3229,0.0000,0.0000,0.0000,0.5000
2026-05-25T20:50:21.161079,3230,0.0000,0.0000,0.0000,0.5000
2026-05-25T20:50:21.261048,3231,0.0000,0.0000,0.0000,0.5000
2026-05-25T20:50:21.361160,3232,0.0000,0.0000,0.0000,0.5000
2026-05-25T20:50:21.461306,3233,0.0000,0.0000,0.0000,0.5000
2026-05-25T20:50:21.561365,3234,0.0000,0.0000,0.0000,0.5000
2026-05-25T20:50:21.661436,3235,0.0000,0.0000,0.0000,0.5000
2026-05-25T20:50:21.761641,3236,0.0000,0.0000,0.0000,0.5000
2026-05-25T20:50:22.000756,3237,0.0000,0.0000,0.0000,0.5000
2026-05-25T20:50:22.100859,3238,0.0000,0.0000,0.0000,0.5000
2026-05-25T20:50:22.201355,3239,0.3000,0.0000,0.0000,0.0000
2026-05-25T20:50:22.301183,3240,0.3000,0.0000,0.0000,0.0000
2026-05-25T20:50:22.401313,3241,0.3000,0.0000,0.0000,0.0000
2026-05-25T20:50:22.501295,3242,0.3000,0.0000,0.0000,0.0000
2026-05-25T20:50:22.601475,3243,0.3000,0.0000,0.0000,0.0000
2026-05-25T20:50:22.701638,3244,0.3000,0.0000,0.0000,0.0000
2026-05-25T20:50:22.801788,3245,0.3000,0.0000,0.0000,0.0000
2026-05-25T20:50:23.040714,3246,0.3000,0.0000,0.0000,0.0000
2026-05-25T20:50:23.140879,3247,0.3000,0.0000,0.0000,0.0000
2026-05-25T20:50:23.240995,3248,0.3000,0.0000,0.0000,0.0000
2026-05-25T20:50:23.341083,3249,0.3000,0.0000,0.0000,0.0000
2026-05-25T20:50:23.441289,3250,0.3000,0.0000,0.0000,0.0000
2026-05-25T20:50:23.541372,3251,0.3000,0.0000,0.0000,0.0000
2026-05-25T20:50:23.641509,3252,0.3000,0.0000,0.0000,0.0000
2026-05-25T20:50:23.741673,3253,0.3000,0.0000,0.0000,0.0000
2026-05-25T20:50:23.841829,3254,0.3000,0.0000,0.0000,0.0000
2026-05-25T20:50:23.941928,3255,0.3000,0.0000,0.0000,0.0000
2026-05-25T20:50:24.042052,3256,0.3000,0.0000,0.0000,0.0000
2026-05-25T20:50:24.261389,3257,0.3000,0.0000,0.0000,0.0000
2026-05-25T20:50:24.360859,3258,0.3000,0.0000,0.0000,0.0000
2026-05-25T20:50:24.460967,3259,0.3000,0.0000,0.0000,0.0000
2026-05-25T20:50:24.562349,3260,0.3000,0.0000,0.0000,0.0000
2026-05-25T20:50:24.662432,3261,0.3000,0.0000,0.0000,0.0000
2026-05-25T20:50:24.762589,3262,0.3000,0.0000,0.0000,0.0000
2026-05-25T20:50:24.862689,3263,0.3000,0.0000,0.0000,0.0000
2026-05-25T20:50:24.962858,3264,0.3000,0.0000,0.0000,0.0000
2026-05-25T20:50:25.063023,3265,0.3000,0.0000,0.0000,0.0000
2026-05-25T20:50:25.163128,3266,0.3000,0.0000,0.0000,0.0000
2026-05-25T20:50:25.263253,3267,0.3000,0.0000,0.0000,0.0000
2026-05-25T20:50:25.480630,3268,0.3000,0.0000,0.0000,0.0000
2026-05-25T20:50:25.580722,3269,0.0000,0.0000,0.0000,-0.5000
2026-05-25T20:50:25.680860,3270,0.0000,0.0000,0.0000,-0.5000
2026-05-25T20:50:25.780984,3271,0.0000,0.0000,0.0000,-0.5000
2026-05-25T20:50:25.881272,3272,0.0000,0.0000,0.0000,-0.5000
2026-05-25T20:50:25.981605,3273,0.0000,0.0000,0.0000,-0.5000
2026-05-25T20:50:26.081717,3274,0.0000,0.0000,0.0000,-0.5000
2026-05-25T20:50:26.182108,3275,0.0000,0.0000,0.0000,-0.5000
2026-05-25T20:50:26.282353,3276,0.0000,0.0000,0.0000,-0.5000
2026-05-25T20:50:26.382232,3277,0.0000,0.0000,0.0000,-0.5000
2026-05-25T20:50:26.482337,3278,0.0000,0.0000,0.0000,-0.5000
2026-05-25T20:50:26.750713,3279,0.0000,0.0000,0.0000,-0.5000
2026-05-25T20:50:26.850832,3280,0.0000,0.0000,0.0000,-0.5000
2026-05-25T20:50:26.950996,3281,0.0000,0.0000,0.0000,-0.5000
2026-05-25T20:50:27.051078,3282,0.0000,0.0000,0.0000,-0.5000
2026-05-25T20:50:27.151230,3283,0.0000,0.0000,0.0000,-0.5000
2026-05-25T20:50:27.251352,3284,0.0000,0.0000,0.0000,-0.5000
2026-05-25T20:50:27.351477,3285,0.0000,0.0000,0.0000,-0.5000
2026-05-25T20:50:27.451609,3286,0.0000,0.0000,0.0000,-0.5000
2026-05-25T20:50:27.551749,3287,0.0000,0.0000,0.0000,-0.5000
2026-05-25T20:50:27.760675,3288,0.0000,0.0000,0.0000,-0.5000
2026-05-25T20:50:27.860743,3289,0.0000,0.0000,0.0000,-0.5000
2026-05-25T20:50:27.960863,3290,0.0000,0.0000,0.0000,-0.5000
2026-05-25T20:50:28.061076,3291,0.0000,0.0000,0.0000,-0.5000
2026-05-25T20:50:28.161165,3292,0.0000,0.0000,0.0000,-0.5000
2026-05-25T20:50:28.261315,3293,0.0000,0.0000,0.0000,-0.5000
2026-05-25T20:50:28.361358,3294,0.0000,0.0000,0.0000,-0.5000
2026-05-25T20:50:28.461487,3295,0.0000,0.0000,0.0000,-0.5000
2026-05-25T20:50:28.561591,3296,0.0000,0.0000,0.0000,-0.5000
2026-05-25T20:50:28.771561,3297,0.0000,0.0000,0.0000,-0.5000
2026-05-25T20:50:28.870818,3298,0.0000,0.0000,0.0000,-0.5000
2026-05-25T20:50:28.970939,3299,-0.2000,0.0000,0.0000,-0.5000
2026-05-25T20:50:29.071056,3300,-0.2000,0.0000,0.0000,-0.5000
2026-05-25T20:50:29.171209,3301,-0.2000,0.0000,0.0000,-0.5000
2026-05-25T20:50:29.271341,3302,-0.2000,0.0000,0.0000,-0.5000
2026-05-25T20:50:29.371481,3303,-0.2000,0.0000,0.0000,-0.5000
2026-05-25T20:50:29.471577,3304,-0.2000,0.0000,0.0000,-0.5000
2026-05-25T20:50:29.571743,3305,-0.2000,0.0000,0.0000,-0.5000
2026-05-25T20:50:29.671896,3306,-0.2000,0.0000,0.0000,-0.5000
2026-05-25T20:50:29.772005,3307,-0.2000,0.0000,0.0000,-0.5000
2026-05-25T20:50:29.872155,3308,-0.2000,0.0000,0.0000,-0.5000
2026-05-25T20:50:29.972367,3309,-0.2000,0.0000,0.0000,-0.5000
2026-05-25T20:50:30.072534,3310,-0.2000,0.0000,0.0000,-0.5000
2026-05-25T20:50:30.172494,3311,-0.2000,0.0000,0.0000,-0.5000
2026-05-25T20:50:30.395155,3312,-0.2000,0.0000,0.0000,-0.5000
2026-05-25T20:50:30.495250,3313,-0.2000,0.0000,0.0000,-0.5000
2026-05-25T20:50:30.595351,3314,-0.2000,0.0000,0.0000,-0.5000
2026-05-25T20:50:30.695450,3315,-0.2000,0.0000,0.0000,-0.5000
2026-05-25T20:50:30.795607,3316,-0.2000,0.0000,0.0000,-0.5000
2026-05-25T20:50:30.895706,3317,-0.2000,0.0000,0.0000,-0.5000
2026-05-25T20:50:30.995854,3318,-0.2000,0.0000,0.0000,-0.5000
2026-05-25T20:50:31.096005,3319,-0.2000,0.0000,0.0000,-0.5000
2026-05-25T20:50:31.196140,3320,-0.2000,0.0000,0.0000,-0.5000
2026-05-25T20:50:31.410794,3321,-0.2000,0.0000,0.0000,-0.5000
2026-05-25T20:50:31.510910,3322,-0.2000,0.0000,0.0000,-0.5000
2026-05-25T20:50:31.611527,3323,-0.2000,0.0000,0.0000,-0.5000
2026-05-25T20:50:31.711237,3324,-0.2000,0.0000,0.0000,-0.5000
2026-05-25T20:50:31.811324,3325,-0.2000,0.0000,0.0000,-0.5000
2026-05-25T20:50:31.911371,3326,-0.2000,0.0000,0.0000,-0.5000
2026-05-25T20:50:32.011492,3327,-0.2000,0.0000,0.0000,-0.5000
2026-05-25T20:50:32.111608,3328,-0.2000,0.0000,0.0000,-0.5000
2026-05-25T20:50:32.211776,3329,0.0000,0.0000,0.0000,0.5000
2026-05-25T20:50:32.430855,3330,0.0000,0.0000,0.0000,0.5000
2026-05-25T20:50:32.531014,3331,0.0000,0.0000,0.0000,0.5000
2026-05-25T20:50:32.631152,3332,0.0000,0.0000,0.0000,0.5000
2026-05-25T20:50:32.731359,3333,0.0000,0.0000,0.0000,0.5000
2026-05-25T20:50:32.831325,3334,0.0000,0.0000,0.0000,0.5000
2026-05-25T20:50:32.931492,3335,0.0000,0.0000,0.0000,0.5000
2026-05-25T20:50:33.031608,3336,0.0000,0.0000,0.0000,0.5000
2026-05-25T20:50:33.131860,3337,0.0000,0.0000,0.0000,0.5000
2026-05-25T20:50:33.232017,3338,0.0000,0.0000,0.0000,0.5000
2026-05-25T20:50:33.332136,3339,0.0000,0.0000,0.0000,0.5000
2026-05-25T20:50:33.432778,3340,0.0000,0.0000,0.0000,0.5000
2026-05-25T20:50:33.651032,3341,0.0000,0.0000,0.0000,0.5000
2026-05-25T20:50:33.751863,3342,0.0000,0.0000,0.0000,0.5000
2026-05-25T20:50:33.852097,3343,0.0000,0.0000,0.0000,0.5000
2026-05-25T20:50:33.952773,3344,0.0000,0.0000,0.0000,0.5000
2026-05-25T20:50:34.052162,3345,0.0000,0.0000,0.0000,0.5000
2026-05-25T20:50:34.152314,3346,0.0000,0.0000,0.0000,0.5000
2026-05-25T20:50:34.252413,3347,0.0000,0.0000,0.0000,0.5000
2026-05-25T20:50:34.352526,3348,0.0000,0.0000,0.0000,0.5000
2026-05-25T20:50:34.452596,3349,0.0000,0.0000,0.0000,0.5000
2026-05-25T20:50:34.671115,3350,0.0000,0.0000,0.0000,0.5000
2026-05-25T20:50:34.771136,3351,0.0000,0.0000,0.0000,0.5000
2026-05-25T20:50:34.871192,3352,0.0000,0.0000,0.0000,0.5000
2026-05-25T20:50:34.971488,3353,0.0000,0.0000,0.0000,0.5000
2026-05-25T20:50:35.071325,3354,0.0000,0.0000,0.0000,0.5000
2026-05-25T20:50:35.171443,3355,0.0000,0.0000,0.0000,0.5000
2026-05-25T20:50:35.271629,3356,0.0000,0.0000,0.0000,0.5000
2026-05-25T20:50:35.371760,3357,0.0000,0.0000,0.0000,0.5000
2026-05-25T20:50:35.472016,3358,0.0000,0.0000,0.0000,0.5000
2026-05-25T20:50:35.572189,3359,0.3000,0.0000,0.0000,0.0000
2026-05-25T20:50:35.672815,3360,0.3000,0.0000,0.0000,0.0000
2026-05-25T20:50:35.891370,3361,0.3000,0.0000,0.0000,0.0000
2026-05-25T20:50:35.991333,3362,0.3000,0.0000,0.0000,0.0000
2026-05-25T20:50:36.091443,3363,0.3000,0.0000,0.0000,0.0000
2026-05-25T20:50:36.191709,3364,0.3000,0.0000,0.0000,0.0000
2026-05-25T20:50:36.291727,3365,0.3000,0.0000,0.0000,0.0000
2026-05-25T20:50:36.391871,3366,0.3000,0.0000,0.0000,0.0000
2026-05-25T20:50:36.492005,3367,0.3000,0.0000,0.0000,0.0000
2026-05-25T20:50:36.592350,3368,0.3000,0.0000,0.0000,0.0000
2026-05-25T20:50:36.692336,3369,0.3000,0.0000,0.0000,0.0000
2026-05-25T20:50:36.911069,3370,0.3000,0.0000,0.0000,0.0000
2026-05-25T20:50:37.011198,3371,0.3000,0.0000,0.0000,0.0000
2026-05-25T20:50:37.111184,3372,0.3000,0.0000,0.0000,0.0000
2026-05-25T20:50:37.213165,3373,0.3000,0.0000,0.0000,0.0000
2026-05-25T20:50:37.313300,3374,0.3000,0.0000,0.0000,0.0000
2026-05-25T20:50:37.413521,3375,0.3000,0.0000,0.0000,0.0000
2026-05-25T20:50:37.513424,3376,0.3000,0.0000,0.0000,0.0000
2026-05-25T20:50:37.613542,3377,0.3000,0.0000,0.0000,0.0000
2026-05-25T20:50:37.713696,3378,0.3000,0.0000,0.0000,0.0000
2026-05-25T20:50:37.895110,3379,0.3000,0.0000,0.0000,0.0000
2026-05-25T20:50:37.994693,3380,0.3000,0.0000,0.0000,0.0000
2026-05-25T20:50:38.094838,3381,0.3000,0.0000,0.0000,0.0000
2026-05-25T20:50:38.195044,3382,0.3000,0.0000,0.0000,0.0000
2026-05-25T20:50:38.295168,3383,0.3000,0.0000,0.0000,0.0000
2026-05-25T20:50:38.395166,3384,0.3000,0.0000,0.0000,0.0000
2026-05-25T20:50:38.495380,3385,0.3000,0.0000,0.0000,0.0000
2026-05-25T20:50:38.595536,3386,0.3000,0.0000,0.0000,0.0000
2026-05-25T20:50:38.695551,3387,0.3000,0.0000,0.0000,0.0000
2026-05-25T20:50:38.798614,3388,0.3000,0.0000,0.0000,0.0000
2026-05-25T20:50:38.931186,3389,0.0000,0.0000,0.0000,-0.5000
2026-05-25T20:50:39.031283,3390,0.0000,0.0000,0.0000,-0.5000
2026-05-25T20:50:39.131475,3391,0.0000,0.0000,0.0000,-0.5000
2026-05-25T20:50:39.232492,3392,0.0000,0.0000,0.0000,-0.5000
2026-05-25T20:50:39.332075,3393,0.0000,0.0000,0.0000,-0.5000
2026-05-25T20:50:39.433384,3394,0.0000,0.0000,0.0000,-0.5000
2026-05-25T20:50:39.533432,3395,0.0000,0.0000,0.0000,-0.5000
2026-05-25T20:50:39.633653,3396,0.0000,0.0000,0.0000,-0.5000
2026-05-25T20:50:39.733839,3397,0.0000,0.0000,0.0000,-0.5000
2026-05-25T20:50:39.833883,3398,0.0000,0.0000,0.0000,-0.5000
2026-05-25T20:50:39.934419,3399,0.0000,0.0000,0.0000,-0.5000
2026-05-25T20:50:40.151254,3400,0.0000,0.0000,0.0000,-0.5000
2026-05-25T20:50:40.251373,3401,0.0000,0.0000,0.0000,-0.5000
2026-05-25T20:50:40.351506,3402,0.0000,0.0000,0.0000,-0.5000
2026-05-25T20:50:40.453266,3403,0.0000,0.0000,0.0000,-0.5000
2026-05-25T20:50:40.553441,3404,0.0000,0.0000,0.0000,-0.5000
2026-05-25T20:50:40.653627,3405,0.0000,0.0000,0.0000,-0.5000
2026-05-25T20:50:40.753639,3406,0.0000,0.0000,0.0000,-0.5000
2026-05-25T20:50:40.853827,3407,0.0000,0.0000,0.0000,-0.5000
2026-05-25T20:50:40.953933,3408,0.0000,0.0000,0.0000,-0.5000
2026-05-25T20:50:41.201209,3409,0.0000,0.0000,0.0000,-0.5000
2026-05-25T20:50:41.301407,3410,0.0000,0.0000,0.0000,-0.5000
2026-05-25T20:50:41.402073,3411,0.0000,0.0000,0.0000,-0.5000
2026-05-25T20:50:41.502307,3412,0.0000,0.0000,0.0000,-0.5000
2026-05-25T20:50:41.602466,3413,0.0000,0.0000,0.0000,-0.5000
2026-05-25T20:50:41.702607,3414,0.0000,0.0000,0.0000,-0.5000
2026-05-25T20:50:41.802730,3415,0.0000,0.0000,0.0000,-0.5000
2026-05-25T20:50:41.902780,3416,0.0000,0.0000,0.0000,-0.5000
2026-05-25T20:50:42.002970,3417,0.0000,0.0000,0.0000,-0.5000
2026-05-25T20:50:42.103374,3418,0.0000,0.0000,0.0000,-0.5000
2026-05-25T20:50:42.203220,3419,-0.2000,0.0000,0.0000,-0.5000
2026-05-25T20:50:42.303350,3420,-0.2000,0.0000,0.0000,-0.5000
2026-05-25T20:50:42.404458,3421,-0.2000,0.0000,0.0000,-0.5000
2026-05-25T20:50:42.620956,3422,-0.2000,0.0000,0.0000,-0.5000
2026-05-25T20:50:42.721149,3423,-0.2000,0.0000,0.0000,-0.5000
2026-05-25T20:50:42.821644,3424,-0.2000,0.0000,0.0000,-0.5000
2026-05-25T20:50:42.921278,3425,-0.2000,0.0000,0.0000,-0.5000
2026-05-25T20:50:43.021395,3426,-0.2000,0.0000,0.0000,-0.5000
2026-05-25T20:50:43.121563,3427,-0.2000,0.0000,0.0000,-0.5000
2026-05-25T20:50:43.222287,3428,-0.2000,0.0000,0.0000,-0.5000
2026-05-25T20:50:43.323297,3429,-0.2000,0.0000,0.0000,-0.5000
2026-05-25T20:50:43.423466,3430,-0.2000,0.0000,0.0000,-0.5000
2026-05-25T20:50:43.631128,3431,-0.2000,0.0000,0.0000,-0.5000
2026-05-25T20:50:43.731075,3432,-0.2000,0.0000,0.0000,-0.5000
2026-05-25T20:50:43.831277,3433,-0.2000,0.0000,0.0000,-0.5000
2026-05-25T20:50:43.933679,3434,-0.2000,0.0000,0.0000,-0.5000
2026-05-25T20:50:44.033827,3435,-0.2000,0.0000,0.0000,-0.5000
2026-05-25T20:50:44.137278,3436,-0.2000,0.0000,0.0000,-0.5000
2026-05-25T20:50:44.237360,3437,-0.2000,0.0000,0.0000,-0.5000
2026-05-25T20:50:44.337462,3438,-0.2000,0.0000,0.0000,-0.5000
2026-05-25T20:50:44.437630,3439,-0.2000,0.0000,0.0000,-0.5000
2026-05-25T20:50:44.650902,3440,-0.2000,0.0000,0.0000,-0.5000
2026-05-25T20:50:44.751189,3441,-0.2000,0.0000,0.0000,-0.5000
2026-05-25T20:50:44.851325,3442,-0.2000,0.0000,0.0000,-0.5000
2026-05-25T20:50:44.951622,3443,-0.2000,0.0000,0.0000,-0.5000
2026-05-25T20:50:45.051457,3444,-0.2000,0.0000,0.0000,-0.5000
2026-05-25T20:50:45.151624,3445,-0.2000,0.0000,0.0000,-0.5000
2026-05-25T20:50:45.253082,3446,-0.2000,0.0000,0.0000,-0.5000
2026-05-25T20:50:45.353072,3447,-0.2000,0.0000,0.0000,-0.5000
2026-05-25T20:50:45.453451,3448,-0.2000,0.0000,0.0000,-0.5000
2026-05-25T20:50:45.553587,3449,0.0000,0.0000,0.0000,0.5000
2026-05-25T20:50:45.653703,3450,0.0000,0.0000,0.0000,0.5000
2026-05-25T20:50:45.861070,3451,0.0000,0.0000,0.0000,0.5000
2026-05-25T20:50:45.961200,3452,0.0000,0.0000,0.0000,0.5000
2026-05-25T20:50:46.061524,3453,0.0000,0.0000,0.0000,0.5000
2026-05-25T20:50:46.161456,3454,0.0000,0.0000,0.0000,0.5000
2026-05-25T20:50:46.261547,3455,0.0000,0.0000,0.0000,0.5000
2026-05-25T20:50:46.362379,3456,0.0000,0.0000,0.0000,0.5000
2026-05-25T20:50:46.462529,3457,0.0000,0.0000,0.0000,0.5000
2026-05-25T20:50:46.563448,3458,0.0000,0.0000,0.0000,0.5000
2026-05-25T20:50:46.663641,3459,0.0000,0.0000,0.0000,0.5000
2026-05-25T20:50:46.763741,3460,0.0000,0.0000,0.0000,0.5000
2026-05-25T20:50:46.863893,3461,0.0000,0.0000,0.0000,0.5000
2026-05-25T20:50:47.081277,3462,0.0000,0.0000,0.0000,0.5000
2026-05-25T20:50:47.181345,3463,0.0000,0.0000,0.0000,0.5000
2026-05-25T20:50:47.281332,3464,0.0000,0.0000,0.0000,0.5000
2026-05-25T20:50:47.381480,3465,0.0000,0.0000,0.0000,0.5000
2026-05-25T20:50:47.481554,3466,0.0000,0.0000,0.0000,0.5000
2026-05-25T20:50:47.581704,3467,0.0000,0.0000,0.0000,0.5000
2026-05-25T20:50:47.681907,3468,0.0000,0.0000,0.0000,0.5000
2026-05-25T20:50:47.782150,3469,0.0000,0.0000,0.0000,0.5000
2026-05-25T20:50:47.882100,3470,0.0000,0.0000,0.0000,0.5000
2026-05-25T20:50:48.121242,3471,0.0000,0.0000,0.0000,0.5000
2026-05-25T20:50:48.221321,3472,0.0000,0.0000,0.0000,0.5000
2026-05-25T20:50:48.321355,3473,0.0000,0.0000,0.0000,0.5000
2026-05-25T20:50:48.421499,3474,0.0000,0.0000,0.0000,0.5000
2026-05-25T20:50:48.521806,3475,0.0000,0.0000,0.0000,0.5000
2026-05-25T20:50:48.621956,3476,0.0000,0.0000,0.0000,0.5000
2026-05-25T20:50:48.722057,3477,0.0000,0.0000,0.0000,0.5000
2026-05-25T20:50:48.822192,3478,0.0000,0.0000,0.0000,0.5000
2026-05-25T20:50:48.922310,3479,0.3000,0.0000,0.0000,0.0000
2026-05-25T20:50:49.022350,3480,0.3000,0.0000,0.0000,0.0000
2026-05-25T20:50:49.122462,3481,0.3000,0.0000,0.0000,0.0000
2026-05-25T20:50:49.331428,3482,0.3000,0.0000,0.0000,0.0000
2026-05-25T20:50:49.432373,3483,0.3000,0.0000,0.0000,0.0000
2026-05-25T20:50:49.532546,3484,0.3000,0.0000,0.0000,0.0000
2026-05-25T20:50:49.633265,3485,0.3000,0.0000,0.0000,0.0000
2026-05-25T20:50:49.732747,3486,0.3000,0.0000,0.0000,0.0000
2026-05-25T20:50:49.832893,3487,0.3000,0.0000,0.0000,0.0000
2026-05-25T20:50:49.933054,3488,0.3000,0.0000,0.0000,0.0000
2026-05-25T20:50:50.033164,3489,0.3000,0.0000,0.0000,0.0000
2026-05-25T20:50:50.133269,3490,0.3000,0.0000,0.0000,0.0000
2026-05-25T20:50:50.233353,3491,0.3000,0.0000,0.0000,0.0000
2026-05-25T20:50:50.333482,3492,0.3000,0.0000,0.0000,0.0000
2026-05-25T20:50:50.551176,3493,0.3000,0.0000,0.0000,0.0000
2026-05-25T20:50:50.651287,3494,0.3000,0.0000,0.0000,0.0000
2026-05-25T20:50:50.751371,3495,0.3000,0.0000,0.0000,0.0000
2026-05-25T20:50:50.851472,3496,0.3000,0.0000,0.0000,0.0000
2026-05-25T20:50:50.951644,3497,0.3000,0.0000,0.0000,0.0000
2026-05-25T20:50:51.051789,3498,0.3000,0.0000,0.0000,0.0000
2026-05-25T20:50:51.151892,3499,0.3000,0.0000,0.0000,0.0000
2026-05-25T20:50:51.252034,3500,0.3000,0.0000,0.0000,0.0000
2026-05-25T20:50:51.352241,3501,0.3000,0.0000,0.0000,0.0000
2026-05-25T20:50:51.452296,3502,0.3000,0.0000,0.0000,0.0000
2026-05-25T20:50:51.552328,3503,0.3000,0.0000,0.0000,0.0000
2026-05-25T20:50:51.771320,3504,0.3000,0.0000,0.0000,0.0000
2026-05-25T20:50:51.871706,3505,0.3000,0.0000,0.0000,0.0000
2026-05-25T20:50:51.971886,3506,0.3000,0.0000,0.0000,0.0000
2026-05-25T20:50:52.071940,3507,0.3000,0.0000,0.0000,0.0000
2026-05-25T20:50:52.171975,3508,0.3000,0.0000,0.0000,0.0000
2026-05-25T20:50:52.272953,3509,0.0000,0.0000,0.0000,-0.5000
2026-05-25T20:50:52.371927,3510,0.0000,0.0000,0.0000,-0.5000
2026-05-25T20:50:52.472085,3511,0.0000,0.0000,0.0000,-0.5000
2026-05-25T20:50:52.572152,3512,0.0000,0.0000,0.0000,-0.5000
2026-05-25T20:50:52.700445,3513,0.0000,0.0000,0.0000,-0.5000
2026-05-25T20:50:52.800496,3514,0.0000,0.0000,0.0000,-0.5000
2026-05-25T20:50:52.901447,3515,0.0000,0.0000,0.0000,-0.5000
2026-05-25T20:50:53.001747,3516,0.0000,0.0000,0.0000,-0.5000
2026-05-25T20:50:53.101611,3517,0.0000,0.0000,0.0000,-0.5000
2026-05-25T20:50:53.202365,3518,0.0000,0.0000,0.0000,-0.5000
2026-05-25T20:50:53.302370,3519,0.0000,0.0000,0.0000,-0.5000
2026-05-25T20:50:53.591745,3520,0.0000,0.0000,0.0000,-0.5000
2026-05-25T20:50:53.692396,3521,0.0000,0.0000,0.0000,-0.5000
2026-05-25T20:50:53.792525,3522,0.0000,0.0000,0.0000,-0.5000
2026-05-25T20:50:53.892839,3523,0.0000,0.0000,0.0000,-0.5000
2026-05-25T20:50:53.992973,3524,0.0000,0.0000,0.0000,-0.5000
2026-05-25T20:50:54.093064,3525,0.0000,0.0000,0.0000,-0.5000
2026-05-25T20:50:54.193258,3526,0.0000,0.0000,0.0000,-0.5000
2026-05-25T20:50:54.293369,3527,0.0000,0.0000,0.0000,-0.5000
2026-05-25T20:50:54.393383,3528,0.0000,0.0000,0.0000,-0.5000
2026-05-25T20:50:54.611235,3529,0.0000,0.0000,0.0000,-0.5000
2026-05-25T20:50:54.711403,3530,0.0000,0.0000,0.0000,-0.5000
2026-05-25T20:50:54.811431,3531,0.0000,0.0000,0.0000,-0.5000
2026-05-25T20:50:54.911776,3532,0.0000,0.0000,0.0000,-0.5000
2026-05-25T20:50:55.011746,3533,0.0000,0.0000,0.0000,-0.5000
2026-05-25T20:50:55.111846,3534,0.0000,0.0000,0.0000,-0.5000
2026-05-25T20:50:55.212375,3535,0.0000,0.0000,0.0000,-0.5000
2026-05-25T20:50:55.313032,3536,0.0000,0.0000,0.0000,-0.5000
2026-05-25T20:50:55.413094,3537,0.0000,0.0000,0.0000,-0.5000
2026-05-25T20:50:55.513287,3538,0.0000,0.0000,0.0000,-0.5000
2026-05-25T20:50:55.613476,3539,-0.2000,0.0000,0.0000,-0.5000
2026-05-25T20:50:55.781315,3540,-0.2000,0.0000,0.0000,-0.5000
2026-05-25T20:50:55.881359,3541,-0.2000,0.0000,0.0000,-0.5000
2026-05-25T20:50:55.982180,3542,-0.2000,0.0000,0.0000,-0.5000
2026-05-25T20:50:56.082233,3543,-0.2000,0.0000,0.0000,-0.5000
2026-05-25T20:50:56.182332,3544,-0.2000,0.0000,0.0000,-0.5000
2026-05-25T20:50:56.282695,3545,-0.2000,0.0000,0.0000,-0.5000
2026-05-25T20:50:56.382610,3546,-0.2000,0.0000,0.0000,-0.5000
2026-05-25T20:50:56.483182,3547,-0.2000,0.0000,0.0000,-0.5000
2026-05-25T20:50:56.583430,3548,-0.2000,0.0000,0.0000,-0.5000
2026-05-25T20:50:56.831489,3549,-0.2000,0.0000,0.0000,-0.5000
2026-05-25T20:50:56.931330,3550,-0.2000,0.0000,0.0000,-0.5000
2026-05-25T20:50:57.031525,3551,-0.2000,0.0000,0.0000,-0.5000
2026-05-25T20:50:57.131624,3552,-0.2000,0.0000,0.0000,-0.5000
2026-05-25T20:50:57.231783,3553,-0.2000,0.0000,0.0000,-0.5000
2026-05-25T20:50:57.331919,3554,-0.2000,0.0000,0.0000,-0.5000
2026-05-25T20:50:57.432071,3555,-0.2000,0.0000,0.0000,-0.5000
2026-05-25T20:50:57.532263,3556,-0.2000,0.0000,0.0000,-0.5000
2026-05-25T20:50:57.632323,3557,-0.2000,0.0000,0.0000,-0.5000
2026-05-25T20:50:57.851465,3558,-0.2000,0.0000,0.0000,-0.5000
2026-05-25T20:50:57.951534,3559,-0.2000,0.0000,0.0000,-0.5000
2026-05-25T20:50:58.051677,3560,-0.2000,0.0000,0.0000,-0.5000
2026-05-25T20:50:58.152038,3561,-0.2000,0.0000,0.0000,-0.5000
2026-05-25T20:50:58.252056,3562,-0.2000,0.0000,0.0000,-0.5000
2026-05-25T20:50:58.352166,3563,-0.2000,0.0000,0.0000,-0.5000
2026-05-25T20:50:58.452356,3564,-0.2000,0.0000,0.0000,-0.5000
2026-05-25T20:50:58.552418,3565,-0.2000,0.0000,0.0000,-0.5000
2026-05-25T20:50:58.652789,3566,-0.2000,0.0000,0.0000,-0.5000
2026-05-25T20:50:58.752660,3567,-0.2000,0.0000,0.0000,-0.5000
2026-05-25T20:50:58.852790,3568,-0.2000,0.0000,0.0000,-0.5000
2026-05-25T20:50:59.071541,3569,0.0000,0.0000,0.0000,0.5000
2026-05-25T20:50:59.171716,3570,0.0000,0.0000,0.0000,0.5000
2026-05-25T20:50:59.271988,3571,0.0000,0.0000,0.0000,0.5000
2026-05-25T20:50:59.372443,3572,0.0000,0.0000,0.0000,0.5000
2026-05-25T20:50:59.472307,3573,0.0000,0.0000,0.0000,0.5000
2026-05-25T20:50:59.572420,3574,0.0000,0.0000,0.0000,0.5000
2026-05-25T20:50:59.672594,3575,0.0000,0.0000,0.0000,0.5000
2026-05-25T20:50:59.772734,3576,0.0000,0.0000,0.0000,0.5000
2026-05-25T20:50:59.872838,3577,0.0000,0.0000,0.0000,0.5000
2026-05-25T20:51:00.092191,3578,0.0000,0.0000,0.0000,0.5000
2026-05-25T20:51:00.191635,3579,0.0000,0.0000,0.0000,0.5000
2026-05-25T20:51:00.291735,3580,0.0000,0.0000,0.0000,0.5000
2026-05-25T20:51:00.392859,3581,0.0000,0.0000,0.0000,0.5000
2026-05-25T20:51:00.492914,3582,0.0000,0.0000,0.0000,0.5000
2026-05-25T20:51:00.593143,3583,0.0000,0.0000,0.0000,0.5000
2026-05-25T20:51:00.693220,3584,0.0000,0.0000,0.0000,0.5000
2026-05-25T20:51:00.793310,3585,0.0000,0.0000,0.0000,0.5000
2026-05-25T20:51:00.893367,3586,0.0000,0.0000,0.0000,0.5000
2026-05-25T20:51:00.993555,3587,0.0000,0.0000,0.0000,0.5000
2026-05-25T20:51:01.093629,3588,0.0000,0.0000,0.0000,0.5000
2026-05-25T20:51:01.311385,3589,0.0000,0.0000,0.0000,0.5000
2026-05-25T20:51:01.411442,3590,0.0000,0.0000,0.0000,0.5000
2026-05-25T20:51:01.511587,3591,0.0000,0.0000,0.0000,0.5000
2026-05-25T20:51:01.615324,3592,0.0000,0.0000,0.0000,0.5000
2026-05-25T20:51:01.715416,3593,0.0000,0.0000,0.0000,0.5000
2026-05-25T20:51:01.815494,3594,0.0000,0.0000,0.0000,0.5000
2026-05-25T20:51:01.915588,3595,0.0000,0.0000,0.0000,0.5000
2026-05-25T20:51:02.015778,3596,0.0000,0.0000,0.0000,0.5000
2026-05-25T20:51:02.115935,3597,0.0000,0.0000,0.0000,0.5000
2026-05-25T20:51:02.216044,3598,0.0000,0.0000,0.0000,0.5000
2026-05-25T20:51:02.316201,3599,0.3000,0.0000,0.0000,0.0000
2026-05-25T20:51:02.531456,3600,0.3000,0.0000,0.0000,0.0000
2026-05-25T20:51:02.631634,3601,0.3000,0.0000,0.0000,0.0000
2026-05-25T20:51:02.731722,3602,0.3000,0.0000,0.0000,0.0000
2026-05-25T20:51:02.832534,3603,0.3000,0.0000,0.0000,0.0000
2026-05-25T20:51:02.931975,3604,0.3000,0.0000,0.0000,0.0000
2026-05-25T20:51:03.032927,3605,0.3000,0.0000,0.0000,0.0000
2026-05-25T20:51:03.132212,3606,0.3000,0.0000,0.0000,0.0000
2026-05-25T20:51:03.232290,3607,0.3000,0.0000,0.0000,0.0000
2026-05-25T20:51:03.332416,3608,0.3000,0.0000,0.0000,0.0000
2026-05-25T20:51:03.561488,3609,0.3000,0.0000,0.0000,0.0000
2026-05-25T20:51:03.661570,3610,0.3000,0.0000,0.0000,0.0000
2026-05-25T20:51:03.761634,3611,0.3000,0.0000,0.0000,0.0000
2026-05-25T20:51:03.861777,3612,0.3000,0.0000,0.0000,0.0000
2026-05-25T20:51:03.961962,3613,0.3000,0.0000,0.0000,0.0000
2026-05-25T20:51:04.062041,3614,0.3000,0.0000,0.0000,0.0000
2026-05-25T20:51:04.162233,3615,0.3000,0.0000,0.0000,0.0000
2026-05-25T20:51:04.262385,3616,0.3000,0.0000,0.0000,0.0000
2026-05-25T20:51:04.362463,3617,0.3000,0.0000,0.0000,0.0000
2026-05-25T20:51:04.462583,3618,0.3000,0.0000,0.0000,0.0000
2026-05-25T20:51:04.562744,3619,0.3000,0.0000,0.0000,0.0000
2026-05-25T20:51:04.771630,3620,0.3000,0.0000,0.0000,0.0000
2026-05-25T20:51:04.871731,3621,0.3000,0.0000,0.0000,0.0000
2026-05-25T20:51:04.972360,3622,0.3000,0.0000,0.0000,0.0000
2026-05-25T20:51:05.072508,3623,0.3000,0.0000,0.0000,0.0000
2026-05-25T20:51:05.172554,3624,0.3000,0.0000,0.0000,0.0000
2026-05-25T20:51:05.272670,3625,0.3000,0.0000,0.0000,0.0000
2026-05-25T20:51:05.372854,3626,0.3000,0.0000,0.0000,0.0000
2026-05-25T20:51:05.472954,3627,0.3000,0.0000,0.0000,0.0000
2026-05-25T20:51:05.573187,3628,0.3000,0.0000,0.0000,0.0000
2026-05-25T20:51:05.781922,3629,0.0000,0.0000,0.0000,-0.5000
2026-05-25T20:51:05.882029,3630,0.0000,0.0000,0.0000,-0.5000
2026-05-25T20:51:05.982192,3631,0.0000,0.0000,0.0000,-0.5000
2026-05-25T20:51:06.082269,3632,0.0000,0.0000,0.0000,-0.5000
2026-05-25T20:51:06.182366,3633,0.0000,0.0000,0.0000,-0.5000
2026-05-25T20:51:06.282497,3634,0.0000,0.0000,0.0000,-0.5000
2026-05-25T20:51:06.382566,3635,0.0000,0.0000,0.0000,-0.5000
2026-05-25T20:51:06.482745,3636,0.0000,0.0000,0.0000,-0.5000
2026-05-25T20:51:06.582860,3637,0.0000,0.0000,0.0000,-0.5000
2026-05-25T20:51:06.684284,3638,0.0000,0.0000,0.0000,-0.5000
2026-05-25T20:51:06.784993,3639,0.0000,0.0000,0.0000,-0.5000
2026-05-25T20:51:07.001520,3640,0.0000,0.0000,0.0000,-0.5000
2026-05-25T20:51:07.101575,3641,0.0000,0.0000,0.0000,-0.5000
2026-05-25T20:51:07.201816,3642,0.0000,0.0000,0.0000,-0.5000
2026-05-25T20:51:07.301946,3643,0.0000,0.0000,0.0000,-0.5000
2026-05-25T20:51:07.402345,3644,0.0000,0.0000,0.0000,-0.5000
2026-05-25T20:51:07.502430,3645,0.0000,0.0000,0.0000,-0.5000
2026-05-25T20:51:07.602585,3646,0.0000,0.0000,0.0000,-0.5000
2026-05-25T20:51:07.702726,3647,0.0000,0.0000,0.0000,-0.5000
2026-05-25T20:51:07.802867,3648,0.0000,0.0000,0.0000,-0.5000
2026-05-25T20:51:07.903603,3649,0.0000,0.0000,0.0000,-0.5000
2026-05-25T20:51:08.003069,3650,0.0000,0.0000,0.0000,-0.5000
2026-05-25T20:51:08.221553,3651,0.0000,0.0000,0.0000,-0.5000
2026-05-25T20:51:08.322607,3652,0.0000,0.0000,0.0000,-0.5000
2026-05-25T20:51:08.422771,3653,0.0000,0.0000,0.0000,-0.5000
2026-05-25T20:51:08.522895,3654,0.0000,0.0000,0.0000,-0.5000
2026-05-25T20:51:08.623050,3655,0.0000,0.0000,0.0000,-0.5000
2026-05-25T20:51:08.723183,3656,0.0000,0.0000,0.0000,-0.5000
2026-05-25T20:51:08.823328,3657,0.0000,0.0000,0.0000,-0.5000
2026-05-25T20:51:08.923382,3658,0.0000,0.0000,0.0000,-0.5000
2026-05-25T20:51:09.023466,3659,-0.2000,0.0000,0.0000,-0.5000
2026-05-25T20:51:09.231541,3660,-0.2000,0.0000,0.0000,-0.5000
2026-05-25T20:51:09.331668,3661,-0.2000,0.0000,0.0000,-0.5000
2026-05-25T20:51:09.431919,3662,-0.2000,0.0000,0.0000,-0.5000
2026-05-25T20:51:09.531845,3663,-0.2000,0.0000,0.0000,-0.5000
2026-05-25T20:51:09.632008,3664,-0.2000,0.0000,0.0000,-0.5000
2026-05-25T20:51:09.732162,3665,-0.2000,0.0000,0.0000,-0.5000
2026-05-25T20:51:09.832296,3666,-0.2000,0.0000,0.0000,-0.5000
2026-05-25T20:51:09.932359,3667,-0.2000,0.0000,0.0000,-0.5000
2026-05-25T20:51:10.032926,3668,-0.2000,0.0000,0.0000,-0.5000
2026-05-25T20:51:10.132609,3669,-0.2000,0.0000,0.0000,-0.5000
2026-05-25T20:51:10.232717,3670,-0.2000,0.0000,0.0000,-0.5000
2026-05-25T20:51:10.451677,3671,-0.2000,0.0000,0.0000,-0.5000
2026-05-25T20:51:10.551811,3672,-0.2000,0.0000,0.0000,-0.5000
2026-05-25T20:51:10.651884,3673,-0.2000,0.0000,0.0000,-0.5000
2026-05-25T20:51:10.752070,3674,-0.2000,0.0000,0.0000,-0.5000
2026-05-25T20:51:10.852177,3675,-0.2000,0.0000,0.0000,-0.5000
2026-05-25T20:51:10.952283,3676,-0.2000,0.0000,0.0000,-0.5000
2026-05-25T20:51:11.052315,3677,-0.2000,0.0000,0.0000,-0.5000
2026-05-25T20:51:11.152481,3678,-0.2000,0.0000,0.0000,-0.5000
2026-05-25T20:51:11.252609,3679,-0.2000,0.0000,0.0000,-0.5000
2026-05-25T20:51:11.461719,3680,-0.2000,0.0000,0.0000,-0.5000
2026-05-25T20:51:11.561881,3681,-0.2000,0.0000,0.0000,-0.5000
2026-05-25T20:51:11.662135,3682,-0.2000,0.0000,0.0000,-0.5000
2026-05-25T20:51:11.762113,3683,-0.2000,0.0000,0.0000,-0.5000
2026-05-25T20:51:11.862238,3684,-0.2000,0.0000,0.0000,-0.5000
2026-05-25T20:51:11.962587,3685,-0.2000,0.0000,0.0000,-0.5000
2026-05-25T20:51:12.063490,3686,-0.2000,0.0000,0.0000,-0.5000
2026-05-25T20:51:12.162648,3687,-0.2000,0.0000,0.0000,-0.5000
2026-05-25T20:51:12.263347,3688,-0.2000,0.0000,0.0000,-0.5000
2026-05-25T20:51:12.364177,3689,0.0000,0.0000,0.0000,0.5000
2026-05-25T20:51:12.464282,3690,0.0000,0.0000,0.0000,0.5000
2026-05-25T20:51:12.681572,3691,0.0000,0.0000,0.0000,0.5000
2026-05-25T20:51:12.781735,3692,0.0000,0.0000,0.0000,0.5000
2026-05-25T20:51:12.881869,3693,0.0000,0.0000,0.0000,0.5000
2026-05-25T20:51:12.982007,3694,0.0000,0.0000,0.0000,0.5000
2026-05-25T20:51:13.082715,3695,0.0000,0.0000,0.0000,0.5000
2026-05-25T20:51:13.183250,3696,0.0000,0.0000,0.0000,0.5000
2026-05-25T20:51:13.283315,3697,0.0000,0.0000,0.0000,0.5000
2026-05-25T20:51:13.383517,3698,0.0000,0.0000,0.0000,0.5000
2026-05-25T20:51:13.483624,3699,0.0000,0.0000,0.0000,0.5000
2026-05-25T20:51:13.692228,3700,0.0000,0.0000,0.0000,0.5000
2026-05-25T20:51:13.791729,3701,0.0000,0.0000,0.0000,0.5000
2026-05-25T20:51:13.891919,3702,0.0000,0.0000,0.0000,0.5000
2026-05-25T20:51:13.992081,3703,0.0000,0.0000,0.0000,0.5000
2026-05-25T20:51:14.092186,3704,0.0000,0.0000,0.0000,0.5000
2026-05-25T20:51:14.192311,3705,0.0000,0.0000,0.0000,0.5000
2026-05-25T20:51:14.292351,3706,0.0000,0.0000,0.0000,0.5000
2026-05-25T20:51:14.392455,3707,0.0000,0.0000,0.0000,0.5000
2026-05-25T20:51:14.492627,3708,0.0000,0.0000,0.0000,0.5000
2026-05-25T20:51:14.592741,3709,0.0000,0.0000,0.0000,0.5000
2026-05-25T20:51:14.692876,3710,0.0000,0.0000,0.0000,0.5000
2026-05-25T20:51:14.901645,3711,0.0000,0.0000,0.0000,0.5000
2026-05-25T20:51:15.001912,3712,0.0000,0.0000,0.0000,0.5000
2026-05-25T20:51:15.101972,3713,0.0000,0.0000,0.0000,0.5000
2026-05-25T20:51:15.202115,3714,0.0000,0.0000,0.0000,0.5000
2026-05-25T20:51:15.302215,3715,0.0000,0.0000,0.0000,0.5000
2026-05-25T20:51:15.402397,3716,0.0000,0.0000,0.0000,0.5000
2026-05-25T20:51:15.502459,3717,0.0000,0.0000,0.0000,0.5000
2026-05-25T20:51:15.602603,3718,0.0000,0.0000,0.0000,0.5000
2026-05-25T20:51:15.702821,3719,0.3000,0.0000,0.0000,0.0000
2026-05-25T20:51:15.922460,3720,0.3000,0.0000,0.0000,0.0000
2026-05-25T20:51:16.023050,3721,0.3000,0.0000,0.0000,0.0000
2026-05-25T20:51:16.123209,3722,0.3000,0.0000,0.0000,0.0000
2026-05-25T20:51:16.223311,3723,0.3000,0.0000,0.0000,0.0000
2026-05-25T20:51:16.323380,3724,0.3000,0.0000,0.0000,0.0000
2026-05-25T20:51:16.423524,3725,0.3000,0.0000,0.0000,0.0000
2026-05-25T20:51:16.523818,3726,0.3000,0.0000,0.0000,0.0000
2026-05-25T20:51:16.623809,3727,0.3000,0.0000,0.0000,0.0000
2026-05-25T20:51:16.723905,3728,0.3000,0.0000,0.0000,0.0000
2026-05-25T20:51:16.824106,3729,0.3000,0.0000,0.0000,0.0000
2026-05-25T20:51:16.924164,3730,0.3000,0.0000,0.0000,0.0000
2026-05-25T20:51:17.142185,3731,0.3000,0.0000,0.0000,0.0000
2026-05-25T20:51:17.242306,3732,0.3000,0.0000,0.0000,0.0000
2026-05-25T20:51:17.342265,3733,0.3000,0.0000,0.0000,0.0000
2026-05-25T20:51:17.442393,3734,0.3000,0.0000,0.0000,0.0000
2026-05-25T20:51:17.542596,3735,0.3000,0.0000,0.0000,0.0000
2026-05-25T20:51:17.643120,3736,0.3000,0.0000,0.0000,0.0000
2026-05-25T20:51:17.743181,3737,0.3000,0.0000,0.0000,0.0000
2026-05-25T20:51:17.843330,3738,0.3000,0.0000,0.0000,0.0000
2026-05-25T20:51:17.943287,3739,0.3000,0.0000,0.0000,0.0000
2026-05-25T20:51:18.043490,3740,0.3000,0.0000,0.0000,0.0000
2026-05-25T20:51:18.143567,3741,0.3000,0.0000,0.0000,0.0000
2026-05-25T20:51:18.361861,3742,0.3000,0.0000,0.0000,0.0000
2026-05-25T20:51:18.461987,3743,0.3000,0.0000,0.0000,0.0000
2026-05-25T20:51:18.562012,3744,0.3000,0.0000,0.0000,0.0000
2026-05-25T20:51:18.662242,3745,0.3000,0.0000,0.0000,0.0000
2026-05-25T20:51:18.762256,3746,0.3000,0.0000,0.0000,0.0000
2026-05-25T20:51:18.862347,3747,0.3000,0.0000,0.0000,0.0000
2026-05-25T20:51:18.962530,3748,0.3000,0.0000,0.0000,0.0000
2026-05-25T20:51:19.062622,3749,0.0000,0.0000,0.0000,-0.5000
2026-05-25T20:51:19.162944,3750,0.0000,0.0000,0.0000,-0.5000
2026-05-25T20:51:19.263181,3751,0.0000,0.0000,0.0000,-0.5000
2026-05-25T20:51:19.364182,3752,0.0000,0.0000,0.0000,-0.5000
2026-05-25T20:51:19.481821,3753,0.0000,0.0000,0.0000,-0.5000
2026-05-25T20:51:19.581936,3754,0.0000,0.0000,0.0000,-0.5000
2026-05-25T20:51:19.682027,3755,0.0000,0.0000,0.0000,-0.5000
2026-05-25T20:51:19.782269,3756,0.0000,0.0000,0.0000,-0.5000
2026-05-25T20:51:19.882334,3757,0.0000,0.0000,0.0000,-0.5000
2026-05-25T20:51:19.982691,3758,0.0000,0.0000,0.0000,-0.5000
2026-05-25T20:51:20.082540,3759,0.0000,0.0000,0.0000,-0.5000
2026-05-25T20:51:20.182947,3760,0.0000,0.0000,0.0000,-0.5000
2026-05-25T20:51:20.283136,3761,0.0000,0.0000,0.0000,-0.5000
2026-05-25T20:51:20.383241,3762,0.0000,0.0000,0.0000,-0.5000
2026-05-25T20:51:20.483591,3763,0.0000,0.0000,0.0000,-0.5000
2026-05-25T20:51:20.583632,3764,0.0000,0.0000,0.0000,-0.5000
2026-05-25T20:51:20.801982,3765,0.0000,0.0000,0.0000,-0.5000
2026-05-25T20:51:20.902064,3766,0.0000,0.0000,0.0000,-0.5000
2026-05-25T20:51:21.003323,3767,0.0000,0.0000,0.0000,-0.5000
2026-05-25T20:51:21.103477,3768,0.0000,0.0000,0.0000,-0.5000
2026-05-25T20:51:21.203708,3769,0.0000,0.0000,0.0000,-0.5000
2026-05-25T20:51:21.303757,3770,0.0000,0.0000,0.0000,-0.5000
2026-05-25T20:51:21.403897,3771,0.0000,0.0000,0.0000,-0.5000
2026-05-25T20:51:21.504039,3772,0.0000,0.0000,0.0000,-0.5000
2026-05-25T20:51:21.604207,3773,0.0000,0.0000,0.0000,-0.5000
2026-05-25T20:51:21.704286,3774,0.0000,0.0000,0.0000,-0.5000
2026-05-25T20:51:21.804327,3775,0.0000,0.0000,0.0000,-0.5000
2026-05-25T20:51:22.022068,3776,0.0000,0.0000,0.0000,-0.5000
2026-05-25T20:51:22.122136,3777,0.0000,0.0000,0.0000,-0.5000
2026-05-25T20:51:22.222574,3778,0.0000,0.0000,0.0000,-0.5000
2026-05-25T20:51:22.322344,3779,-0.2000,0.0000,0.0000,-0.5000
2026-05-25T20:51:22.423075,3780,-0.2000,0.0000,0.0000,-0.5000
2026-05-25T20:51:22.522515,3781,-0.2000,0.0000,0.0000,-0.5000
2026-05-25T20:51:22.622869,3782,-0.2000,0.0000,0.0000,-0.5000
2026-05-25T20:51:22.722928,3783,-0.2000,0.0000,0.0000,-0.5000
2026-05-25T20:51:22.823295,3784,-0.2000,0.0000,0.0000,-0.5000
2026-05-25T20:51:22.925356,3785,-0.2000,0.0000,0.0000,-0.5000
2026-05-25T20:51:23.025392,3786,-0.2000,0.0000,0.0000,-0.5000
2026-05-25T20:51:23.125485,3787,-0.2000,0.0000,0.0000,-0.5000
2026-05-25T20:51:23.225712,3788,-0.2000,0.0000,0.0000,-0.5000
2026-05-25T20:51:23.441941,3789,-0.2000,0.0000,0.0000,-0.5000
2026-05-25T20:51:23.542081,3790,-0.2000,0.0000,0.0000,-0.5000
2026-05-25T20:51:23.642360,3791,-0.2000,0.0000,0.0000,-0.5000
2026-05-25T20:51:23.742371,3792,-0.2000,0.0000,0.0000,-0.5000
2026-05-25T20:51:23.843676,3793,-0.2000,0.0000,0.0000,-0.5000
2026-05-25T20:51:23.945223,3794,-0.2000,0.0000,0.0000,-0.5000
2026-05-25T20:51:24.045193,3795,-0.2000,0.0000,0.0000,-0.5000
2026-05-25T20:51:24.145231,3796,-0.2000,0.0000,0.0000,-0.5000
2026-05-25T20:51:24.245432,3797,-0.2000,0.0000,0.0000,-0.5000
2026-05-25T20:51:24.345532,3798,-0.2000,0.0000,0.0000,-0.5000
2026-05-25T20:51:24.445904,3799,-0.2000,0.0000,0.0000,-0.5000
2026-05-25T20:51:24.702599,3800,-0.2000,0.0000,0.0000,-0.5000
2026-05-25T20:51:24.802671,3801,-0.2000,0.0000,0.0000,-0.5000
2026-05-25T20:51:24.903724,3802,-0.2000,0.0000,0.0000,-0.5000
2026-05-25T20:51:25.003916,3803,-0.2000,0.0000,0.0000,-0.5000
2026-05-25T20:51:25.104050,3804,-0.2000,0.0000,0.0000,-0.5000
2026-05-25T20:51:25.205233,3805,-0.2000,0.0000,0.0000,-0.5000
2026-05-25T20:51:25.305439,3806,-0.2000,0.0000,0.0000,-0.5000
2026-05-25T20:51:25.405448,3807,-0.2000,0.0000,0.0000,-0.5000
2026-05-25T20:51:25.505733,3808,-0.2000,0.0000,0.0000,-0.5000
2026-05-25T20:51:25.605750,3809,0.0000,0.0000,0.0000,0.5000
2026-05-25T20:51:25.705931,3810,0.0000,0.0000,0.0000,0.5000
2026-05-25T20:51:25.806155,3811,0.0000,0.0000,0.0000,0.5000
2026-05-25T20:51:25.906217,3812,0.0000,0.0000,0.0000,0.5000
2026-05-25T20:51:26.152002,3813,0.0000,0.0000,0.0000,0.5000
2026-05-25T20:51:26.252264,3814,0.0000,0.0000,0.0000,0.5000
2026-05-25T20:51:26.352310,3815,0.0000,0.0000,0.0000,0.5000
2026-05-25T20:51:26.452247,3816,0.0000,0.0000,0.0000,0.5000
2026-05-25T20:51:26.552385,3817,0.0000,0.0000,0.0000,0.5000
2026-05-25T20:51:26.652744,3818,0.0000,0.0000,0.0000,0.5000
2026-05-25T20:51:26.752632,3819,0.0000,0.0000,0.0000,0.5000
2026-05-25T20:51:26.852736,3820,0.0000,0.0000,0.0000,0.5000
2026-05-25T20:51:26.953153,3821,0.0000,0.0000,0.0000,0.5000
2026-05-25T20:51:27.053953,3822,0.0000,0.0000,0.0000,0.5000
2026-05-25T20:51:27.153377,3823,0.0000,0.0000,0.0000,0.5000
2026-05-25T20:51:27.412043,3824,0.0000,0.0000,0.0000,0.5000
2026-05-25T20:51:27.512052,3825,0.0000,0.0000,0.0000,0.5000
2026-05-25T20:51:27.612222,3826,0.0000,0.0000,0.0000,0.5000
2026-05-25T20:51:27.713257,3827,0.0000,0.0000,0.0000,0.5000
2026-05-25T20:51:27.813277,3828,0.0000,0.0000,0.0000,0.5000
2026-05-25T20:51:27.913407,3829,0.0000,0.0000,0.0000,0.5000
2026-05-25T20:51:28.013692,3830,0.0000,0.0000,0.0000,0.5000
2026-05-25T20:51:28.113724,3831,0.0000,0.0000,0.0000,0.5000
2026-05-25T20:51:28.213900,3832,0.0000,0.0000,0.0000,0.5000
2026-05-25T20:51:28.314072,3833,0.0000,0.0000,0.0000,0.5000
2026-05-25T20:51:28.414637,3834,0.0000,0.0000,0.0000,0.5000
2026-05-25T20:51:28.515347,3835,0.0000,0.0000,0.0000,0.5000
2026-05-25T20:51:28.615468,3836,0.0000,0.0000,0.0000,0.5000
2026-05-25T20:51:28.832004,3837,0.0000,0.0000,0.0000,0.5000
2026-05-25T20:51:28.932526,3838,0.0000,0.0000,0.0000,0.5000
2026-05-25T20:51:29.032347,3839,0.3000,0.0000,0.0000,0.0000
2026-05-25T20:51:29.132828,3840,0.3000,0.0000,0.0000,0.0000
2026-05-25T20:51:29.232551,3841,0.3000,0.0000,0.0000,0.0000
2026-05-25T20:51:29.332711,3842,0.3000,0.0000,0.0000,0.0000
2026-05-25T20:51:29.433337,3843,0.3000,0.0000,0.0000,0.0000
2026-05-25T20:51:29.533480,3844,0.3000,0.0000,0.0000,0.0000
2026-05-25T20:51:29.634368,3845,0.3000,0.0000,0.0000,0.0000
2026-05-25T20:51:29.762000,3846,0.3000,0.0000,0.0000,0.0000
2026-05-25T20:51:29.862062,3847,0.3000,0.0000,0.0000,0.0000
2026-05-25T20:51:29.962172,3848,0.3000,0.0000,0.0000,0.0000
2026-05-25T20:51:30.062393,3849,0.3000,0.0000,0.0000,0.0000
2026-05-25T20:51:30.162505,3850,0.3000,0.0000,0.0000,0.0000
2026-05-25T20:51:30.262753,3851,0.3000,0.0000,0.0000,0.0000
2026-05-25T20:51:30.362828,3852,0.3000,0.0000,0.0000,0.0000
2026-05-25T20:51:30.462873,3853,0.3000,0.0000,0.0000,0.0000
2026-05-25T20:51:30.566088,3854,0.3000,0.0000,0.0000,0.0000
2026-05-25T20:51:30.867343,3855,0.3000,0.0000,0.0000,0.0000
2026-05-25T20:51:30.967395,3856,0.3000,0.0000,0.0000,0.0000
2026-05-25T20:51:31.068292,3857,0.3000,0.0000,0.0000,0.0000
2026-05-25T20:51:31.168478,3858,0.3000,0.0000,0.0000,0.0000
2026-05-25T20:51:31.268663,3859,0.3000,0.0000,0.0000,0.0000
2026-05-25T20:51:31.368798,3860,0.3000,0.0000,0.0000,0.0000
2026-05-25T20:51:31.468918,3861,0.3000,0.0000,0.0000,0.0000
2026-05-25T20:51:31.569012,3862,0.3000,0.0000,0.0000,0.0000
2026-05-25T20:51:31.669199,3863,0.3000,0.0000,0.0000,0.0000
2026-05-25T20:51:31.770188,3864,0.3000,0.0000,0.0000,0.0000
2026-05-25T20:51:31.870469,3865,0.3000,0.0000,0.0000,0.0000
2026-05-25T20:51:32.082968,3866,0.3000,0.0000,0.0000,0.0000
2026-05-25T20:51:32.182232,3867,0.3000,0.0000,0.0000,0.0000
2026-05-25T20:51:32.282211,3868,0.3000,0.0000,0.0000,0.0000
2026-05-25T20:51:32.382358,3869,0.0000,0.0000,0.0000,-0.5000
2026-05-25T20:51:32.482538,3870,0.0000,0.0000,0.0000,-0.5000
2026-05-25T20:51:32.582545,3871,0.0000,0.0000,0.0000,-0.5000
2026-05-25T20:51:32.682782,3872,0.0000,0.0000,0.0000,-0.5000
2026-05-25T20:51:32.782843,3873,0.0000,0.0000,0.0000,-0.5000
2026-05-25T20:51:32.882965,3874,0.0000,0.0000,0.0000,-0.5000
2026-05-25T20:51:33.102132,3875,0.0000,0.0000,0.0000,-0.5000
2026-05-25T20:51:33.202173,3876,0.0000,0.0000,0.0000,-0.5000
2026-05-25T20:51:33.302304,3877,0.0000,0.0000,0.0000,-0.5000
2026-05-25T20:51:33.402335,3878,0.0000,0.0000,0.0000,-0.5000
2026-05-25T20:51:33.502486,3879,0.0000,0.0000,0.0000,-0.5000
2026-05-25T20:51:33.602820,3880,0.0000,0.0000,0.0000,-0.5000
2026-05-25T20:51:33.702663,3881,0.0000,0.0000,0.0000,-0.5000
2026-05-25T20:51:33.802875,3882,0.0000,0.0000,0.0000,-0.5000
2026-05-25T20:51:33.902946,3883,0.0000,0.0000,0.0000,-0.5000
2026-05-25T20:51:34.003065,3884,0.0000,0.0000,0.0000,-0.5000
2026-05-25T20:51:34.103260,3885,0.0000,0.0000,0.0000,-0.5000
2026-05-25T20:51:34.282090,3886,0.0000,0.0000,0.0000,-0.5000
2026-05-25T20:51:34.382832,3887,0.0000,0.0000,0.0000,-0.5000
2026-05-25T20:51:34.482360,3888,0.0000,0.0000,0.0000,-0.5000
2026-05-25T20:51:34.582506,3889,0.0000,0.0000,0.0000,-0.5000
2026-05-25T20:51:34.682591,3890,0.0000,0.0000,0.0000,-0.5000
2026-05-25T20:51:34.782739,3891,0.0000,0.0000,0.0000,-0.5000
2026-05-25T20:51:34.882903,3892,0.0000,0.0000,0.0000,-0.5000
2026-05-25T20:51:34.984425,3893,0.0000,0.0000,0.0000,-0.5000
2026-05-25T20:51:35.084478,3894,0.0000,0.0000,0.0000,-0.5000
2026-05-25T20:51:35.184548,3895,0.0000,0.0000,0.0000,-0.5000
2026-05-25T20:51:35.284732,3896,0.0000,0.0000,0.0000,-0.5000
2026-05-25T20:51:35.384844,3897,0.0000,0.0000,0.0000,-0.5000
2026-05-25T20:51:35.486370,3898,0.0000,0.0000,0.0000,-0.5000
2026-05-25T20:51:35.802445,3899,-0.2000,0.0000,0.0000,-0.5000
2026-05-25T20:51:35.902372,3900,-0.2000,0.0000,0.0000,-0.5000
2026-05-25T20:51:36.002430,3901,-0.2000,0.0000,0.0000,-0.5000
2026-05-25T20:51:36.102588,3902,-0.2000,0.0000,0.0000,-0.5000
2026-05-25T20:51:36.202637,3903,-0.2000,0.0000,0.0000,-0.5000
2026-05-25T20:51:36.302790,3904,-0.2000,0.0000,0.0000,-0.5000
2026-05-25T20:51:36.403051,3905,-0.2000,0.0000,0.0000,-0.5000
2026-05-25T20:51:36.503003,3906,-0.2000,0.0000,0.0000,-0.5000
2026-05-25T20:51:36.603205,3907,-0.2000,0.0000,0.0000,-0.5000
2026-05-25T20:51:36.703283,3908,-0.2000,0.0000,0.0000,-0.5000
2026-05-25T20:51:36.803320,3909,-0.2000,0.0000,0.0000,-0.5000
2026-05-25T20:51:36.903483,3910,-0.2000,0.0000,0.0000,-0.5000
2026-05-25T20:51:37.003546,3911,-0.2000,0.0000,0.0000,-0.5000
2026-05-25T20:51:37.242569,3912,-0.2000,0.0000,0.0000,-0.5000
2026-05-25T20:51:37.342303,3913,-0.2000,0.0000,0.0000,-0.5000
2026-05-25T20:51:37.442513,3914,-0.2000,0.0000,0.0000,-0.5000
2026-05-25T20:51:37.542581,3915,-0.2000,0.0000,0.0000,-0.5000
2026-05-25T20:51:37.643126,3916,-0.2000,0.0000,0.0000,-0.5000
2026-05-25T20:51:37.743448,3917,-0.2000,0.0000,0.0000,-0.5000
2026-05-25T20:51:37.842946,3918,-0.2000,0.0000,0.0000,-0.5000
2026-05-25T20:51:37.943181,3919,-0.2000,0.0000,0.0000,-0.5000
2026-05-25T20:51:38.043241,3920,-0.2000,0.0000,0.0000,-0.5000
2026-05-25T20:51:38.143336,3921,-0.2000,0.0000,0.0000,-0.5000
2026-05-25T20:51:38.243480,3922,-0.2000,0.0000,0.0000,-0.5000
2026-05-25T20:51:38.462251,3923,-0.2000,0.0000,0.0000,-0.5000
2026-05-25T20:51:38.562482,3924,-0.2000,0.0000,0.0000,-0.5000
2026-05-25T20:51:38.662484,3925,-0.2000,0.0000,0.0000,-0.5000
2026-05-25T20:51:38.762615,3926,-0.2000,0.0000,0.0000,-0.5000
2026-05-25T20:51:38.862632,3927,-0.2000,0.0000,0.0000,-0.5000
2026-05-25T20:51:38.962786,3928,-0.2000,0.0000,0.0000,-0.5000
2026-05-25T20:51:39.062967,3929,0.0000,0.0000,0.0000,0.5000
2026-05-25T20:51:39.163088,3930,0.0000,0.0000,0.0000,0.5000
2026-05-25T20:51:39.263241,3931,0.0000,0.0000,0.0000,0.5000
2026-05-25T20:51:39.363331,3932,0.0000,0.0000,0.0000,0.5000
2026-05-25T20:51:39.463610,3933,0.0000,0.0000,0.0000,0.5000
2026-05-25T20:51:39.682329,3934,0.0000,0.0000,0.0000,0.5000
2026-05-25T20:51:39.783339,3935,0.0000,0.0000,0.0000,0.5000
2026-05-25T20:51:39.883509,3936,0.0000,0.0000,0.0000,0.5000
2026-05-25T20:51:39.983601,3937,0.0000,0.0000,0.0000,0.5000
2026-05-25T20:51:40.083752,3938,0.0000,0.0000,0.0000,0.5000
2026-05-25T20:51:40.183880,3939,0.0000,0.0000,0.0000,0.5000
2026-05-25T20:51:40.284025,3940,0.0000,0.0000,0.0000,0.5000
2026-05-25T20:51:40.384200,3941,0.0000,0.0000,0.0000,0.5000
2026-05-25T20:51:40.484310,3942,0.0000,0.0000,0.0000,0.5000
2026-05-25T20:51:40.702470,3943,0.0000,0.0000,0.0000,0.5000
2026-05-25T20:51:40.802463,3944,0.0000,0.0000,0.0000,0.5000
2026-05-25T20:51:40.902583,3945,0.0000,0.0000,0.0000,0.5000
2026-05-25T20:51:41.002735,3946,0.0000,0.0000,0.0000,0.5000
2026-05-25T20:51:41.102848,3947,0.0000,0.0000,0.0000,0.5000
2026-05-25T20:51:41.203296,3948,0.0000,0.0000,0.0000,0.5000
2026-05-25T20:51:41.303156,3949,0.0000,0.0000,0.0000,0.5000
2026-05-25T20:51:41.403287,3950,0.0000,0.0000,0.0000,0.5000
2026-05-25T20:51:41.505295,3951,0.0000,0.0000,0.0000,0.5000
2026-05-25T20:51:41.605440,3952,0.0000,0.0000,0.0000,0.5000
2026-05-25T20:51:41.705568,3953,0.0000,0.0000,0.0000,0.5000
2026-05-25T20:51:41.952625,3954,0.0000,0.0000,0.0000,0.5000
2026-05-25T20:51:42.052776,3955,0.0000,0.0000,0.0000,0.5000
2026-05-25T20:51:42.152881,3956,0.0000,0.0000,0.0000,0.5000
2026-05-25T20:51:42.254150,3957,0.0000,0.0000,0.0000,0.5000
2026-05-25T20:51:42.353222,3958,0.0000,0.0000,0.0000,0.5000
2026-05-25T20:51:42.453256,3959,0.3000,0.0000,0.0000,0.0000
2026-05-25T20:51:42.553274,3960,0.3000,0.0000,0.0000,0.0000
2026-05-25T20:51:42.653469,3961,0.3000,0.0000,0.0000,0.0000
2026-05-25T20:51:42.753601,3962,0.3000,0.0000,0.0000,0.0000
2026-05-25T20:51:42.854368,3963,0.3000,0.0000,0.0000,0.0000
2026-05-25T20:51:42.953934,3964,0.3000,0.0000,0.0000,0.0000
2026-05-25T20:51:43.202572,3965,0.3000,0.0000,0.0000,0.0000
2026-05-25T20:51:43.302725,3966,0.3000,0.0000,0.0000,0.0000
2026-05-25T20:51:43.404489,3967,0.3000,0.0000,0.0000,0.0000
2026-05-25T20:51:43.504633,3968,0.3000,0.0000,0.0000,0.0000
2026-05-25T20:51:43.604637,3969,0.3000,0.0000,0.0000,0.0000
2026-05-25T20:51:43.704742,3970,0.3000,0.0000,0.0000,0.0000
2026-05-25T20:51:43.804812,3971,0.3000,0.0000,0.0000,0.0000
2026-05-25T20:51:43.905013,3972,0.3000,0.0000,0.0000,0.0000
2026-05-25T20:51:44.005112,3973,0.3000,0.0000,0.0000,0.0000
2026-05-25T20:51:44.105207,3974,0.3000,0.0000,0.0000,0.0000
2026-05-25T20:51:44.205339,3975,0.3000,0.0000,0.0000,0.0000
2026-05-25T20:51:44.422384,3976,0.3000,0.0000,0.0000,0.0000
2026-05-25T20:51:44.522481,3977,0.3000,0.0000,0.0000,0.0000
2026-05-25T20:51:44.622593,3978,0.3000,0.0000,0.0000,0.0000
2026-05-25T20:51:44.722720,3979,0.3000,0.0000,0.0000,0.0000
2026-05-25T20:51:44.822869,3980,0.3000,0.0000,0.0000,0.0000
2026-05-25T20:51:44.923002,3981,0.3000,0.0000,0.0000,0.0000
2026-05-25T20:51:45.023131,3982,0.3000,0.0000,0.0000,0.0000
2026-05-25T20:51:45.123265,3983,0.3000,0.0000,0.0000,0.0000
2026-05-25T20:51:45.223311,3984,0.3000,0.0000,0.0000,0.0000
2026-05-25T20:51:45.432384,3985,0.3000,0.0000,0.0000,0.0000
2026-05-25T20:51:45.532515,3986,0.3000,0.0000,0.0000,0.0000
2026-05-25T20:51:45.632651,3987,0.3000,0.0000,0.0000,0.0000
2026-05-25T20:51:45.732794,3988,0.3000,0.0000,0.0000,0.0000
2026-05-25T20:51:45.832931,3989,0.0000,0.0000,0.0000,-0.5000
2026-05-25T20:51:45.933087,3990,0.0000,0.0000,0.0000,-0.5000
2026-05-25T20:51:46.033558,3991,0.0000,0.0000,0.0000,-0.5000
2026-05-25T20:51:46.133702,3992,0.0000,0.0000,0.0000,-0.5000
2026-05-25T20:51:46.233841,3993,0.0000,0.0000,0.0000,-0.5000
2026-05-25T20:51:46.333992,3994,0.0000,0.0000,0.0000,-0.5000
2026-05-25T20:51:46.434086,3995,0.0000,0.0000,0.0000,-0.5000
2026-05-25T20:51:46.652530,3996,0.0000,0.0000,0.0000,-0.5000
2026-05-25T20:51:46.755310,3997,0.0000,0.0000,0.0000,-0.5000
2026-05-25T20:51:46.855536,3998,0.0000,0.0000,0.0000,-0.5000
2026-05-25T20:51:46.955585,3999,0.0000,0.0000,0.0000,-0.5000
2026-05-25T20:51:47.055720,4000,0.0000,0.0000,0.0000,-0.5000
2026-05-25T20:51:47.156270,4001,0.0000,0.0000,0.0000,-0.5000
2026-05-25T20:51:47.257581,4002,0.0000,0.0000,0.0000,-0.5000
2026-05-25T20:51:47.357490,4003,0.0000,0.0000,0.0000,-0.5000
2026-05-25T20:51:47.457573,4004,0.0000,0.0000,0.0000,-0.5000
2026-05-25T20:51:47.558250,4005,0.0000,0.0000,0.0000,-0.5000
2026-05-25T20:51:47.657884,4006,0.0000,0.0000,0.0000,-0.5000
2026-05-25T20:51:47.872583,4007,0.0000,0.0000,0.0000,-0.5000
2026-05-25T20:51:47.973104,4008,0.0000,0.0000,0.0000,-0.5000
2026-05-25T20:51:48.073394,4009,0.0000,0.0000,0.0000,-0.5000
2026-05-25T20:51:48.173797,4010,0.0000,0.0000,0.0000,-0.5000
2026-05-25T20:51:48.273732,4011,0.0000,0.0000,0.0000,-0.5000
2026-05-25T20:51:48.373954,4012,0.0000,0.0000,0.0000,-0.5000
2026-05-25T20:51:48.474036,4013,0.0000,0.0000,0.0000,-0.5000
2026-05-25T20:51:48.574195,4014,0.0000,0.0000,0.0000,-0.5000
2026-05-25T20:51:48.674571,4015,0.0000,0.0000,0.0000,-0.5000
2026-05-25T20:51:48.884362,4016,0.0000,0.0000,0.0000,-0.5000
2026-05-25T20:51:48.984431,4017,0.0000,0.0000,0.0000,-0.5000
2026-05-25T20:51:49.084562,4018,0.0000,0.0000,0.0000,-0.5000
2026-05-25T20:51:49.184903,4019,-0.2000,0.0000,0.0000,-0.5000
2026-05-25T20:51:49.285084,4020,-0.2000,0.0000,0.0000,-0.5000
2026-05-25T20:51:49.385151,4021,-0.2000,0.0000,0.0000,-0.5000
2026-05-25T20:51:49.485275,4022,-0.2000,0.0000,0.0000,-0.5000
2026-05-25T20:51:49.585343,4023,-0.2000,0.0000,0.0000,-0.5000
2026-05-25T20:51:49.685460,4024,-0.2000,0.0000,0.0000,-0.5000
2026-05-25T20:51:49.902449,4025,-0.2000,0.0000,0.0000,-0.5000
2026-05-25T20:51:50.002517,4026,-0.2000,0.0000,0.0000,-0.5000
2026-05-25T20:51:50.102690,4027,-0.2000,0.0000,0.0000,-0.5000
2026-05-25T20:51:50.203051,4028,-0.2000,0.0000,0.0000,-0.5000
2026-05-25T20:51:50.302933,4029,-0.2000,0.0000,0.0000,-0.5000
2026-05-25T20:51:50.403075,4030,-0.2000,0.0000,0.0000,-0.5000
2026-05-25T20:51:50.503215,4031,-0.2000,0.0000,0.0000,-0.5000
2026-05-25T20:51:50.603314,4032,-0.2000,0.0000,0.0000,-0.5000
2026-05-25T20:51:50.703468,4033,-0.2000,0.0000,0.0000,-0.5000
2026-05-25T20:51:50.803721,4034,-0.2000,0.0000,0.0000,-0.5000
2026-05-25T20:51:50.903697,4035,-0.2000,0.0000,0.0000,-0.5000
2026-05-25T20:51:51.112561,4036,-0.2000,0.0000,0.0000,-0.5000
2026-05-25T20:51:51.212746,4037,-0.2000,0.0000,0.0000,-0.5000
2026-05-25T20:51:51.312923,4038,-0.2000,0.0000,0.0000,-0.5000
2026-05-25T20:51:51.413006,4039,-0.2000,0.0000,0.0000,-0.5000
2026-05-25T20:51:51.513169,4040,-0.2000,0.0000,0.0000,-0.5000
2026-05-25T20:51:51.613296,4041,-0.2000,0.0000,0.0000,-0.5000
2026-05-25T20:51:51.713351,4042,-0.2000,0.0000,0.0000,-0.5000
2026-05-25T20:51:51.813482,4043,-0.2000,0.0000,0.0000,-0.5000
2026-05-25T20:51:51.913573,4044,-0.2000,0.0000,0.0000,-0.5000
2026-05-25T20:51:52.132528,4045,-0.2000,0.0000,0.0000,-0.5000
2026-05-25T20:51:52.232993,4046,-0.2000,0.0000,0.0000,-0.5000
2026-05-25T20:51:52.333196,4047,-0.2000,0.0000,0.0000,-0.5000
2026-05-25T20:51:52.433501,4048,-0.2000,0.0000,0.0000,-0.5000
2026-05-25T20:51:52.533445,4049,0.0000,0.0000,0.0000,0.5000
2026-05-25T20:51:52.633565,4050,0.0000,0.0000,0.0000,0.5000
2026-05-25T20:51:52.733712,4051,0.0000,0.0000,0.0000,0.5000
2026-05-25T20:51:52.833798,4052,0.0000,0.0000,0.0000,0.5000
2026-05-25T20:51:52.933942,4053,0.0000,0.0000,0.0000,0.5000
2026-05-25T20:51:53.034847,4054,0.0000,0.0000,0.0000,0.5000
2026-05-25T20:51:53.135531,4055,0.0000,0.0000,0.0000,0.5000
2026-05-25T20:51:53.235316,4056,0.0000,0.0000,0.0000,0.5000
2026-05-25T20:51:53.335307,4057,0.0000,0.0000,0.0000,0.5000
2026-05-25T20:51:53.582621,4058,0.0000,0.0000,0.0000,0.5000
2026-05-25T20:51:53.682721,4059,0.0000,0.0000,0.0000,0.5000
2026-05-25T20:51:53.784115,4060,0.0000,0.0000,0.0000,0.5000
2026-05-25T20:51:53.883341,4061,0.0000,0.0000,0.0000,0.5000
2026-05-25T20:51:53.983331,4062,0.0000,0.0000,0.0000,0.5000
2026-05-25T20:51:54.084342,4063,0.0000,0.0000,0.0000,0.5000
2026-05-25T20:51:54.184493,4064,0.0000,0.0000,0.0000,0.5000
2026-05-25T20:51:54.284683,4065,0.0000,0.0000,0.0000,0.5000
2026-05-25T20:51:54.384757,4066,0.0000,0.0000,0.0000,0.5000
2026-05-25T20:51:54.484920,4067,0.0000,0.0000,0.0000,0.5000
2026-05-25T20:51:54.585037,4068,0.0000,0.0000,0.0000,0.5000
2026-05-25T20:51:54.803072,4069,0.0000,0.0000,0.0000,0.5000
2026-05-25T20:51:54.903221,4070,0.0000,0.0000,0.0000,0.5000
2026-05-25T20:51:55.003267,4071,0.0000,0.0000,0.0000,0.5000
2026-05-25T20:51:55.103350,4072,0.0000,0.0000,0.0000,0.5000
2026-05-25T20:51:55.203449,4073,0.0000,0.0000,0.0000,0.5000
2026-05-25T20:51:55.303571,4074,0.0000,0.0000,0.0000,0.5000
2026-05-25T20:51:55.403721,4075,0.0000,0.0000,0.0000,0.5000
2026-05-25T20:51:55.503888,4076,0.0000,0.0000,0.0000,0.5000
2026-05-25T20:51:55.603997,4077,0.0000,0.0000,0.0000,0.5000
2026-05-25T20:51:55.832638,4078,0.0000,0.0000,0.0000,0.5000
2026-05-25T20:51:55.932838,4079,0.3000,0.0000,0.0000,0.0000
2026-05-25T20:51:56.032898,4080,0.3000,0.0000,0.0000,0.0000
2026-05-25T20:51:56.133034,4081,0.3000,0.0000,0.0000,0.0000
2026-05-25T20:51:56.233183,4082,0.3000,0.0000,0.0000,0.0000
2026-05-25T20:51:56.333325,4083,0.3000,0.0000,0.0000,0.0000
2026-05-25T20:51:56.433412,4084,0.3000,0.0000,0.0000,0.0000
2026-05-25T20:51:56.533520,4085,0.3000,0.0000,0.0000,0.0000
2026-05-25T20:51:56.633662,4086,0.3000,0.0000,0.0000,0.0000
2026-05-25T20:51:56.733797,4087,0.3000,0.0000,0.0000,0.0000
2026-05-25T20:51:56.833906,4088,0.3000,0.0000,0.0000,0.0000
2026-05-25T20:51:57.052650,4089,0.3000,0.0000,0.0000,0.0000
2026-05-25T20:51:57.153403,4090,0.3000,0.0000,0.0000,0.0000
2026-05-25T20:51:57.253487,4091,0.3000,0.0000,0.0000,0.0000
2026-05-25T20:51:57.353667,4092,0.3000,0.0000,0.0000,0.0000
2026-05-25T20:51:57.453825,4093,0.3000,0.0000,0.0000,0.0000
2026-05-25T20:51:57.554455,4094,0.3000,0.0000,0.0000,0.0000
2026-05-25T20:51:57.654608,4095,0.3000,0.0000,0.0000,0.0000
2026-05-25T20:51:57.754748,4096,0.3000,0.0000,0.0000,0.0000
2026-05-25T20:51:57.854826,4097,0.3000,0.0000,0.0000,0.0000
2026-05-25T20:51:58.062661,4098,0.3000,0.0000,0.0000,0.0000
2026-05-25T20:51:58.162889,4099,0.3000,0.0000,0.0000,0.0000
2026-05-25T20:51:58.263022,4100,0.3000,0.0000,0.0000,0.0000
2026-05-25T20:51:58.363129,4101,0.3000,0.0000,0.0000,0.0000
2026-05-25T20:51:58.463390,4102,0.3000,0.0000,0.0000,0.0000
2026-05-25T20:51:58.563357,4103,0.3000,0.0000,0.0000,0.0000
2026-05-25T20:51:58.663465,4104,0.3000,0.0000,0.0000,0.0000
2026-05-25T20:51:58.763604,4105,0.3000,0.0000,0.0000,0.0000
2026-05-25T20:51:58.863731,4106,0.3000,0.0000,0.0000,0.0000
2026-05-25T20:51:58.964012,4107,0.3000,0.0000,0.0000,0.0000
2026-05-25T20:51:59.063979,4108,0.3000,0.0000,0.0000,0.0000
2026-05-25T20:51:59.282796,4109,0.0000,0.0000,0.0000,-0.5000
2026-05-25T20:51:59.382870,4110,0.0000,0.0000,0.0000,-0.5000
2026-05-25T20:51:59.483067,4111,0.0000,0.0000,0.0000,-0.5000
2026-05-25T20:51:59.583123,4112,0.0000,0.0000,0.0000,-0.5000
2026-05-25T20:51:59.683270,4113,0.0000,0.0000,0.0000,-0.5000
2026-05-25T20:51:59.783387,4114,0.0000,0.0000,0.0000,-0.5000
2026-05-25T20:51:59.883461,4115,0.0000,0.0000,0.0000,-0.5000
2026-05-25T20:51:59.983805,4116,0.0000,0.0000,0.0000,-0.5000
2026-05-25T20:52:00.083747,4117,0.0000,0.0000,0.0000,-0.5000
2026-05-25T20:52:00.183887,4118,0.0000,0.0000,0.0000,-0.5000
2026-05-25T20:52:00.284263,4119,0.0000,0.0000,0.0000,-0.5000
2026-05-25T20:52:00.503745,4120,0.0000,0.0000,0.0000,-0.5000
2026-05-25T20:52:00.602948,4121,0.0000,0.0000,0.0000,-0.5000
2026-05-25T20:52:00.703058,4122,0.0000,0.0000,0.0000,-0.5000
2026-05-25T20:52:00.803186,4123,0.0000,0.0000,0.0000,-0.5000
2026-05-25T20:52:00.903455,4124,0.0000,0.0000,0.0000,-0.5000
2026-05-25T20:52:01.003400,4125,0.0000,0.0000,0.0000,-0.5000
2026-05-25T20:52:01.103567,4126,0.0000,0.0000,0.0000,-0.5000
2026-05-25T20:52:01.203684,4127,0.0000,0.0000,0.0000,-0.5000
2026-05-25T20:52:01.303853,4128,0.0000,0.0000,0.0000,-0.5000
2026-05-25T20:52:01.404002,4129,0.0000,0.0000,0.0000,-0.5000
2026-05-25T20:52:01.504101,4130,0.0000,0.0000,0.0000,-0.5000
2026-05-25T20:52:01.682750,4131,0.0000,0.0000,0.0000,-0.5000
2026-05-25T20:52:01.782841,4132,0.0000,0.0000,0.0000,-0.5000
2026-05-25T20:52:01.882939,4133,0.0000,0.0000,0.0000,-0.5000
2026-05-25T20:52:01.983025,4134,0.0000,0.0000,0.0000,-0.5000
2026-05-25T20:52:02.084320,4135,0.0000,0.0000,0.0000,-0.5000
2026-05-25T20:52:02.184486,4136,0.0000,0.0000,0.0000,-0.5000
2026-05-25T20:52:02.284949,4137,0.0000,0.0000,0.0000,-0.5000
2026-05-25T20:52:02.386010,4138,0.0000,0.0000,0.0000,-0.5000
2026-05-25T20:52:02.486284,4139,-0.2000,0.0000,0.0000,-0.5000
2026-05-25T20:52:02.741242,4140,-0.2000,0.0000,0.0000,-0.5000
2026-05-25T20:52:02.841387,4141,-0.2000,0.0000,0.0000,-0.5000
2026-05-25T20:52:02.942176,4142,-0.2000,0.0000,0.0000,-0.5000
2026-05-25T20:52:03.042152,4143,-0.2000,0.0000,0.0000,-0.5000
2026-05-25T20:52:03.142409,4144,-0.2000,0.0000,0.0000,-0.5000
2026-05-25T20:52:03.242537,4145,-0.2000,0.0000,0.0000,-0.5000
2026-05-25T20:52:03.342863,4146,-0.2000,0.0000,0.0000,-0.5000
2026-05-25T20:52:03.442786,4147,-0.2000,0.0000,0.0000,-0.5000
2026-05-25T20:52:03.542902,4148,-0.2000,0.0000,0.0000,-0.5000
2026-05-25T20:52:03.643050,4149,-0.2000,0.0000,0.0000,-0.5000
2026-05-25T20:52:03.743202,4150,-0.2000,0.0000,0.0000,-0.5000
2026-05-25T20:52:03.963411,4151,-0.2000,0.0000,0.0000,-0.5000
2026-05-25T20:52:04.063405,4152,-0.2000,0.0000,0.0000,-0.5000
2026-05-25T20:52:04.164338,4153,-0.2000,0.0000,0.0000,-0.5000
2026-05-25T20:52:04.264590,4154,-0.2000,0.0000,0.0000,-0.5000
2026-05-25T20:52:04.364625,4155,-0.2000,0.0000,0.0000,-0.5000
2026-05-25T20:52:04.465011,4156,-0.2000,0.0000,0.0000,-0.5000
2026-05-25T20:52:04.564965,4157,-0.2000,0.0000,0.0000,-0.5000
2026-05-25T20:52:04.665042,4158,-0.2000,0.0000,0.0000,-0.5000
2026-05-25T20:52:04.765174,4159,-0.2000,0.0000,0.0000,-0.5000
2026-05-25T20:52:04.865545,4160,-0.2000,0.0000,0.0000,-0.5000
2026-05-25T20:52:04.965382,4161,-0.2000,0.0000,0.0000,-0.5000
2026-05-25T20:52:05.065417,4162,-0.2000,0.0000,0.0000,-0.5000
2026-05-25T20:52:05.165874,4163,-0.2000,0.0000,0.0000,-0.5000
2026-05-25T20:52:05.266104,4164,-0.2000,0.0000,0.0000,-0.5000
2026-05-25T20:52:05.366055,4165,-0.2000,0.0000,0.0000,-0.5000
2026-05-25T20:52:05.583028,4166,-0.2000,0.0000,0.0000,-0.5000
2026-05-25T20:52:05.684249,4167,-0.2000,0.0000,0.0000,-0.5000
2026-05-25T20:52:05.784293,4168,-0.2000,0.0000,0.0000,-0.5000
2026-05-25T20:52:05.884370,4169,0.0000,0.0000,0.0000,0.5000
2026-05-25T20:52:05.984933,4170,0.0000,0.0000,0.0000,0.5000
2026-05-25T20:52:06.084833,4171,0.0000,0.0000,0.0000,0.5000
2026-05-25T20:52:06.187285,4172,0.0000,0.0000,0.0000,0.5000
2026-05-25T20:52:06.287224,4173,0.0000,0.0000,0.0000,0.5000
2026-05-25T20:52:06.387340,4174,0.0000,0.0000,0.0000,0.5000
2026-05-25T20:52:06.487433,4175,0.0000,0.0000,0.0000,0.5000
2026-05-25T20:52:06.587691,4176,0.0000,0.0000,0.0000,0.5000
2026-05-25T20:52:06.792890,4177,0.0000,0.0000,0.0000,0.5000
2026-05-25T20:52:06.892915,4178,0.0000,0.0000,0.0000,0.5000
2026-05-25T20:52:06.993555,4179,0.0000,0.0000,0.0000,0.5000
2026-05-25T20:52:07.093479,4180,0.0000,0.0000,0.0000,0.5000
2026-05-25T20:52:07.193487,4181,0.0000,0.0000,0.0000,0.5000
2026-05-25T20:52:07.293367,4182,0.0000,0.0000,0.0000,0.5000
2026-05-25T20:52:07.393460,4183,0.0000,0.0000,0.0000,0.5000
2026-05-25T20:52:07.493578,4184,0.0000,0.0000,0.0000,0.5000
2026-05-25T20:52:07.593810,4185,0.0000,0.0000,0.0000,0.5000
2026-05-25T20:52:07.833036,4186,0.0000,0.0000,0.0000,0.5000
2026-05-25T20:52:07.933119,4187,0.0000,0.0000,0.0000,0.5000
2026-05-25T20:52:08.034956,4188,0.0000,0.0000,0.0000,0.5000
2026-05-25T20:52:08.135072,4189,0.0000,0.0000,0.0000,0.5000
2026-05-25T20:52:08.235161,4190,0.0000,0.0000,0.0000,0.5000
2026-05-25T20:52:08.335347,4191,0.0000,0.0000,0.0000,0.5000
2026-05-25T20:52:08.435613,4192,0.0000,0.0000,0.0000,0.5000
2026-05-25T20:52:08.535581,4193,0.0000,0.0000,0.0000,0.5000
2026-05-25T20:52:08.636222,4194,0.0000,0.0000,0.0000,0.5000
2026-05-25T20:52:08.852940,4195,0.0000,0.0000,0.0000,0.5000
2026-05-25T20:52:08.952969,4196,0.0000,0.0000,0.0000,0.5000
2026-05-25T20:52:09.053089,4197,0.0000,0.0000,0.0000,0.5000
2026-05-25T20:52:09.155223,4198,0.0000,0.0000,0.0000,0.5000
2026-05-25T20:52:09.253357,4199,0.3000,0.0000,0.0000,0.0000
2026-05-25T20:52:09.353475,4200,0.3000,0.0000,0.0000,0.0000
2026-05-25T20:52:09.453932,4201,0.3000,0.0000,0.0000,0.0000
2026-05-25T20:52:09.554080,4202,0.3000,0.0000,0.0000,0.0000
2026-05-25T20:52:09.654248,4203,0.3000,0.0000,0.0000,0.0000
2026-05-25T20:52:09.754497,4204,0.3000,0.0000,0.0000,0.0000
2026-05-25T20:52:09.854482,4205,0.3000,0.0000,0.0000,0.0000
2026-05-25T20:52:10.072950,4206,0.3000,0.0000,0.0000,0.0000
2026-05-25T20:52:10.172948,4207,0.3000,0.0000,0.0000,0.0000
2026-05-25T20:52:10.273114,4208,0.3000,0.0000,0.0000,0.0000
2026-05-25T20:52:10.373220,4209,0.3000,0.0000,0.0000,0.0000
2026-05-25T20:52:10.474298,4210,0.3000,0.0000,0.0000,0.0000
2026-05-25T20:52:10.574504,4211,0.3000,0.0000,0.0000,0.0000
2026-05-25T20:52:10.674720,4212,0.3000,0.0000,0.0000,0.0000
2026-05-25T20:52:10.774834,4213,0.3000,0.0000,0.0000,0.0000
2026-05-25T20:52:10.874846,4214,0.3000,0.0000,0.0000,0.0000
2026-05-25T20:52:11.092795,4215,0.3000,0.0000,0.0000,0.0000
2026-05-25T20:52:11.193067,4216,0.3000,0.0000,0.0000,0.0000
2026-05-25T20:52:11.293110,4217,0.3000,0.0000,0.0000,0.0000
2026-05-25T20:52:11.393261,4218,0.3000,0.0000,0.0000,0.0000
2026-05-25T20:52:11.493382,4219,0.3000,0.0000,0.0000,0.0000
2026-05-25T20:52:11.593507,4220,0.3000,0.0000,0.0000,0.0000
2026-05-25T20:52:11.693616,4221,0.3000,0.0000,0.0000,0.0000
2026-05-25T20:52:11.793830,4222,0.3000,0.0000,0.0000,0.0000
2026-05-25T20:52:11.893933,4223,0.3000,0.0000,0.0000,0.0000
2026-05-25T20:52:11.994094,4224,0.3000,0.0000,0.0000,0.0000
2026-05-25T20:52:12.094193,4225,0.3000,0.0000,0.0000,0.0000
2026-05-25T20:52:12.313073,4226,0.3000,0.0000,0.0000,0.0000
2026-05-25T20:52:12.413117,4227,0.3000,0.0000,0.0000,0.0000
2026-05-25T20:52:12.513212,4228,0.3000,0.0000,0.0000,0.0000
2026-05-25T20:52:12.613368,4229,0.0000,0.0000,0.0000,-0.5000
2026-05-25T20:52:12.713493,4230,0.0000,0.0000,0.0000,-0.5000
2026-05-25T20:52:12.813612,4231,0.0000,0.0000,0.0000,-0.5000
2026-05-25T20:52:12.917113,4232,0.0000,0.0000,0.0000,-0.5000
2026-05-25T20:52:13.014005,4233,0.0000,0.0000,0.0000,-0.5000
2026-05-25T20:52:13.114120,4234,0.0000,0.0000,0.0000,-0.5000
2026-05-25T20:52:13.214310,4235,0.0000,0.0000,0.0000,-0.5000
2026-05-25T20:52:13.314441,4236,0.0000,0.0000,0.0000,-0.5000
2026-05-25T20:52:13.532902,4237,0.0000,0.0000,0.0000,-0.5000
2026-05-25T20:52:13.633148,4238,0.0000,0.0000,0.0000,-0.5000
2026-05-25T20:52:13.733483,4239,0.0000,0.0000,0.0000,-0.5000
2026-05-25T20:52:13.833606,4240,0.0000,0.0000,0.0000,-0.5000
2026-05-25T20:52:13.933531,4241,0.0000,0.0000,0.0000,-0.5000
2026-05-25T20:52:14.033864,4242,0.0000,0.0000,0.0000,-0.5000
2026-05-25T20:52:14.134458,4243,0.0000,0.0000,0.0000,-0.5000
2026-05-25T20:52:14.234590,4244,0.0000,0.0000,0.0000,-0.5000
2026-05-25T20:52:14.334698,4245,0.0000,0.0000,0.0000,-0.5000
2026-05-25T20:52:14.542977,4246,0.0000,0.0000,0.0000,-0.5000
2026-05-25T20:52:14.643290,4247,0.0000,0.0000,0.0000,-0.5000
2026-05-25T20:52:14.744457,4248,0.0000,0.0000,0.0000,-0.5000
2026-05-25T20:52:14.844387,4249,0.0000,0.0000,0.0000,-0.5000
2026-05-25T20:52:14.944526,4250,0.0000,0.0000,0.0000,-0.5000
2026-05-25T20:52:15.044629,4251,0.0000,0.0000,0.0000,-0.5000
2026-05-25T20:52:15.144793,4252,0.0000,0.0000,0.0000,-0.5000
2026-05-25T20:52:15.244898,4253,0.0000,0.0000,0.0000,-0.5000
2026-05-25T20:52:15.345120,4254,0.0000,0.0000,0.0000,-0.5000
2026-05-25T20:52:15.553796,4255,0.0000,0.0000,0.0000,-0.5000
2026-05-25T20:52:15.653946,4256,0.0000,0.0000,0.0000,-0.5000
2026-05-25T20:52:15.754077,4257,0.0000,0.0000,0.0000,-0.5000
2026-05-25T20:52:15.854197,4258,0.0000,0.0000,0.0000,-0.5000
2026-05-25T20:52:15.954319,4259,-0.2000,0.0000,0.0000,-0.5000
2026-05-25T20:52:16.056254,4260,-0.2000,0.0000,0.0000,-0.5000
2026-05-25T20:52:16.156334,4261,-0.2000,0.0000,0.0000,-0.5000
2026-05-25T20:52:16.256486,4262,-0.2000,0.0000,0.0000,-0.5000
2026-05-25T20:52:16.356604,4263,-0.2000,0.0000,0.0000,-0.5000
2026-05-25T20:52:16.456719,4264,-0.2000,0.0000,0.0000,-0.5000
2026-05-25T20:52:16.561173,4265,-0.2000,0.0000,0.0000,-0.5000
2026-05-25T20:52:16.763144,4266,-0.2000,0.0000,0.0000,-0.5000
2026-05-25T20:52:16.863190,4267,-0.2000,0.0000,0.0000,-0.5000
2026-05-25T20:52:16.963658,4268,-0.2000,0.0000,0.0000,-0.5000
2026-05-25T20:52:17.064272,4269,-0.2000,0.0000,0.0000,-0.5000
2026-05-25T20:52:17.164408,4270,-0.2000,0.0000,0.0000,-0.5000
2026-05-25T20:52:17.264475,4271,-0.2000,0.0000,0.0000,-0.5000
2026-05-25T20:52:17.364603,4272,-0.2000,0.0000,0.0000,-0.5000
2026-05-25T20:52:17.464912,4273,-0.2000,0.0000,0.0000,-0.5000
2026-05-25T20:52:17.565005,4274,-0.2000,0.0000,0.0000,-0.5000
2026-05-25T20:52:17.665057,4275,-0.2000,0.0000,0.0000,-0.5000
2026-05-25T20:52:17.765194,4276,-0.2000,0.0000,0.0000,-0.5000
2026-05-25T20:52:17.983288,4277,-0.2000,0.0000,0.0000,-0.5000
2026-05-25T20:52:18.083836,4278,-0.2000,0.0000,0.0000,-0.5000
2026-05-25T20:52:18.184022,4279,-0.2000,0.0000,0.0000,-0.5000
2026-05-25T20:52:18.284186,4280,-0.2000,0.0000,0.0000,-0.5000
2026-05-25T20:52:18.384240,4281,-0.2000,0.0000,0.0000,-0.5000
2026-05-25T20:52:18.484386,4282,-0.2000,0.0000,0.0000,-0.5000
2026-05-25T20:52:18.584484,4283,-0.2000,0.0000,0.0000,-0.5000
2026-05-25T20:52:18.684589,4284,-0.2000,0.0000,0.0000,-0.5000
2026-05-25T20:52:18.784706,4285,-0.2000,0.0000,0.0000,-0.5000
2026-05-25T20:52:18.884832,4286,-0.2000,0.0000,0.0000,-0.5000
2026-05-25T20:52:18.984978,4287,-0.2000,0.0000,0.0000,-0.5000
2026-05-25T20:52:19.085065,4288,-0.2000,0.0000,0.0000,-0.5000
2026-05-25T20:52:19.185206,4289,0.0000,0.0000,0.0000,0.5000
2026-05-25T20:52:19.351649,4290,0.0000,0.0000,0.0000,0.5000
2026-05-25T20:52:19.451758,4291,0.0000,0.0000,0.0000,0.5000
2026-05-25T20:52:19.551891,4292,0.0000,0.0000,0.0000,0.5000
2026-05-25T20:52:19.652490,4293,0.0000,0.0000,0.0000,0.5000
2026-05-25T20:52:19.752621,4294,0.0000,0.0000,0.0000,0.5000
2026-05-25T20:52:19.852743,4295,0.0000,0.0000,0.0000,0.5000
2026-05-25T20:52:19.952895,4296,0.0000,0.0000,0.0000,0.5000
2026-05-25T20:52:20.053006,4297,0.0000,0.0000,0.0000,0.5000
2026-05-25T20:52:20.154225,4298,0.0000,0.0000,0.0000,0.5000
2026-05-25T20:52:20.473292,4299,0.0000,0.0000,0.0000,0.5000
2026-05-25T20:52:20.573467,4300,0.0000,0.0000,0.0000,0.5000
2026-05-25T20:52:20.674986,4301,0.0000,0.0000,0.0000,0.5000
2026-05-25T20:52:20.775296,4302,0.0000,0.0000,0.0000,0.5000
2026-05-25T20:52:20.875265,4303,0.0000,0.0000,0.0000,0.5000
2026-05-25T20:52:20.975357,4304,0.0000,0.0000,0.0000,0.5000
2026-05-25T20:52:21.075455,4305,0.0000,0.0000,0.0000,0.5000
2026-05-25T20:52:21.175600,4306,0.0000,0.0000,0.0000,0.5000
2026-05-25T20:52:21.275811,4307,0.0000,0.0000,0.0000,0.5000
2026-05-25T20:52:21.376290,4308,0.0000,0.0000,0.0000,0.5000
2026-05-25T20:52:21.476107,4309,0.0000,0.0000,0.0000,0.5000
2026-05-25T20:52:21.576327,4310,0.0000,0.0000,0.0000,0.5000
2026-05-25T20:52:21.676332,4311,0.0000,0.0000,0.0000,0.5000
2026-05-25T20:52:21.893786,4312,0.0000,0.0000,0.0000,0.5000
2026-05-25T20:52:21.994408,4313,0.0000,0.0000,0.0000,0.5000
2026-05-25T20:52:22.094493,4314,0.0000,0.0000,0.0000,0.5000
2026-05-25T20:52:22.195219,4315,0.0000,0.0000,0.0000,0.5000
2026-05-25T20:52:22.295327,4316,0.0000,0.0000,0.0000,0.5000
2026-05-25T20:52:22.395464,4317,0.0000,0.0000,0.0000,0.5000
2026-05-25T20:52:22.495597,4318,0.0000,0.0000,0.0000,0.5000
2026-05-25T20:52:22.595724,4319,0.3000,0.0000,0.0000,0.0000
2026-05-25T20:52:22.695859,4320,0.3000,0.0000,0.0000,0.0000
2026-05-25T20:52:22.795999,4321,0.3000,0.0000,0.0000,0.0000
2026-05-25T20:52:22.896526,4322,0.3000,0.0000,0.0000,0.0000
2026-05-25T20:52:23.113336,4323,0.3000,0.0000,0.0000,0.0000
2026-05-25T20:52:23.214204,4324,0.3000,0.0000,0.0000,0.0000
2026-05-25T20:52:23.315042,4325,0.3000,0.0000,0.0000,0.0000
2026-05-25T20:52:23.415024,4326,0.3000,0.0000,0.0000,0.0000
2026-05-25T20:52:23.515554,4327,0.3000,0.0000,0.0000,0.0000
2026-05-25T20:52:23.615644,4328,0.3000,0.0000,0.0000,0.0000
2026-05-25T20:52:23.715752,4329,0.3000,0.0000,0.0000,0.0000
2026-05-25T20:52:23.816312,4330,0.3000,0.0000,0.0000,0.0000
2026-05-25T20:52:23.916495,4331,0.3000,0.0000,0.0000,0.0000
2026-05-25T20:52:24.123458,4332,0.3000,0.0000,0.0000,0.0000
2026-05-25T20:52:24.224098,4333,0.3000,0.0000,0.0000,0.0000
2026-05-25T20:52:24.323475,4334,0.3000,0.0000,0.0000,0.0000
2026-05-25T20:52:24.424337,4335,0.3000,0.0000,0.0000,0.0000
2026-05-25T20:52:24.524160,4336,0.3000,0.0000,0.0000,0.0000
2026-05-25T20:52:24.624314,4337,0.3000,0.0000,0.0000,0.0000
2026-05-25T20:52:24.724394,4338,0.3000,0.0000,0.0000,0.0000
2026-05-25T20:52:24.825173,4339,0.3000,0.0000,0.0000,0.0000
2026-05-25T20:52:24.925306,4340,0.3000,0.0000,0.0000,0.0000
2026-05-25T20:52:25.025324,4341,0.3000,0.0000,0.0000,0.0000
2026-05-25T20:52:25.125446,4342,0.3000,0.0000,0.0000,0.0000
2026-05-25T20:52:25.225584,4343,0.3000,0.0000,0.0000,0.0000
2026-05-25T20:52:25.325699,4344,0.3000,0.0000,0.0000,0.0000
2026-05-25T20:52:25.543460,4345,0.3000,0.0000,0.0000,0.0000
2026-05-25T20:52:25.646331,4346,0.3000,0.0000,0.0000,0.0000
2026-05-25T20:52:25.746461,4347,0.3000,0.0000,0.0000,0.0000
2026-05-25T20:52:25.846619,4348,0.3000,0.0000,0.0000,0.0000
2026-05-25T20:52:25.946925,4349,0.0000,0.0000,0.0000,-0.5000
2026-05-25T20:52:26.046873,4350,0.0000,0.0000,0.0000,-0.5000
2026-05-25T20:52:26.146997,4351,0.0000,0.0000,0.0000,-0.5000
2026-05-25T20:52:26.247139,4352,0.0000,0.0000,0.0000,-0.5000
2026-05-25T20:52:26.347239,4353,0.0000,0.0000,0.0000,-0.5000
2026-05-25T20:52:26.553267,4354,0.0000,0.0000,0.0000,-0.5000
2026-05-25T20:52:26.653358,4355,0.0000,0.0000,0.0000,-0.5000
2026-05-25T20:52:26.753468,4356,0.0000,0.0000,0.0000,-0.5000
2026-05-25T20:52:26.853583,4357,0.0000,0.0000,0.0000,-0.5000
2026-05-25T20:52:26.953739,4358,0.0000,0.0000,0.0000,-0.5000
2026-05-25T20:52:27.053906,4359,0.0000,0.0000,0.0000,-0.5000
2026-05-25T20:52:27.153980,4360,0.0000,0.0000,0.0000,-0.5000
2026-05-25T20:52:27.254173,4361,0.0000,0.0000,0.0000,-0.5000
2026-05-25T20:52:27.354431,4362,0.0000,0.0000,0.0000,-0.5000
2026-05-25T20:52:27.574452,4363,0.0000,0.0000,0.0000,-0.5000
2026-05-25T20:52:27.673558,4364,0.0000,0.0000,0.0000,-0.5000
2026-05-25T20:52:27.773688,4365,0.0000,0.0000,0.0000,-0.5000
2026-05-25T20:52:27.873818,4366,0.0000,0.0000,0.0000,-0.5000
2026-05-25T20:52:27.974040,4367,0.0000,0.0000,0.0000,-0.5000
2026-05-25T20:52:28.074160,4368,0.0000,0.0000,0.0000,-0.5000
2026-05-25T20:52:28.174329,4369,0.0000,0.0000,0.0000,-0.5000
2026-05-25T20:52:28.274489,4370,0.0000,0.0000,0.0000,-0.5000
2026-05-25T20:52:28.374679,4371,0.0000,0.0000,0.0000,-0.5000
2026-05-25T20:52:28.474783,4372,0.0000,0.0000,0.0000,-0.5000
2026-05-25T20:52:28.574964,4373,0.0000,0.0000,0.0000,-0.5000
2026-05-25T20:52:28.843207,4374,0.0000,0.0000,0.0000,-0.5000
2026-05-25T20:52:28.943395,4375,0.0000,0.0000,0.0000,-0.5000
2026-05-25T20:52:29.043525,4376,0.0000,0.0000,0.0000,-0.5000
2026-05-25T20:52:29.143728,4377,0.0000,0.0000,0.0000,-0.5000
2026-05-25T20:52:29.243861,4378,0.0000,0.0000,0.0000,-0.5000
2026-05-25T20:52:29.344132,4379,-0.2000,0.0000,0.0000,-0.5000
2026-05-25T20:52:29.444422,4380,-0.2000,0.0000,0.0000,-0.5000
2026-05-25T20:52:29.544299,4381,-0.2000,0.0000,0.0000,-0.5000
2026-05-25T20:52:29.644589,4382,-0.2000,0.0000,0.0000,-0.5000
2026-05-25T20:52:29.744581,4383,-0.2000,0.0000,0.0000,-0.5000
2026-05-25T20:52:29.844700,4384,-0.2000,0.0000,0.0000,-0.5000
2026-05-25T20:52:29.944828,4385,-0.2000,0.0000,0.0000,-0.5000
2026-05-25T20:52:30.044971,4386,-0.2000,0.0000,0.0000,-0.5000
2026-05-25T20:52:30.263236,4387,-0.2000,0.0000,0.0000,-0.5000
2026-05-25T20:52:30.363359,4388,-0.2000,0.0000,0.0000,-0.5000
2026-05-25T20:52:30.463524,4389,-0.2000,0.0000,0.0000,-0.5000
2026-05-25T20:52:30.563693,4390,-0.2000,0.0000,0.0000,-0.5000
2026-05-25T20:52:30.665304,4391,-0.2000,0.0000,0.0000,-0.5000
2026-05-25T20:52:30.765416,4392,-0.2000,0.0000,0.0000,-0.5000
2026-05-25T20:52:30.865533,4393,-0.2000,0.0000,0.0000,-0.5000
2026-05-25T20:52:30.965702,4394,-0.2000,0.0000,0.0000,-0.5000
2026-05-25T20:52:31.065964,4395,-0.2000,0.0000,0.0000,-0.5000
2026-05-25T20:52:31.293481,4396,-0.2000,0.0000,0.0000,-0.5000
2026-05-25T20:52:31.393561,4397,-0.2000,0.0000,0.0000,-0.5000
2026-05-25T20:52:31.493694,4398,-0.2000,0.0000,0.0000,-0.5000
2026-05-25T20:52:31.594080,4399,-0.2000,0.0000,0.0000,-0.5000
2026-05-25T20:52:31.694143,4400,-0.2000,0.0000,0.0000,-0.5000
2026-05-25T20:52:31.794105,4401,-0.2000,0.0000,0.0000,-0.5000
2026-05-25T20:52:31.894238,4402,-0.2000,0.0000,0.0000,-0.5000
2026-05-25T20:52:31.994332,4403,-0.2000,0.0000,0.0000,-0.5000
2026-05-25T20:52:32.094451,4404,-0.2000,0.0000,0.0000,-0.5000
2026-05-25T20:52:32.194584,4405,-0.2000,0.0000,0.0000,-0.5000
2026-05-25T20:52:32.294715,4406,-0.2000,0.0000,0.0000,-0.5000
2026-05-25T20:52:32.503433,4407,-0.2000,0.0000,0.0000,-0.5000
2026-05-25T20:52:32.603556,4408,-0.2000,0.0000,0.0000,-0.5000
2026-05-25T20:52:32.703752,4409,0.0000,0.0000,0.0000,0.5000
2026-05-25T20:52:32.803881,4410,0.0000,0.0000,0.0000,0.5000
2026-05-25T20:52:32.904020,4411,0.0000,0.0000,0.0000,0.5000
2026-05-25T20:52:33.004225,4412,0.0000,0.0000,0.0000,0.5000
2026-05-25T20:52:33.104391,4413,0.0000,0.0000,0.0000,0.5000
2026-05-25T20:52:33.204528,4414,0.0000,0.0000,0.0000,0.5000
2026-05-25T20:52:33.304912,4415,0.0000,0.0000,0.0000,0.5000
2026-05-25T20:52:33.406367,4416,0.0000,0.0000,0.0000,0.5000
2026-05-25T20:52:33.506653,4417,0.0000,0.0000,0.0000,0.5000
2026-05-25T20:52:33.723488,4418,0.0000,0.0000,0.0000,0.5000
2026-05-25T20:52:33.823646,4419,0.0000,0.0000,0.0000,0.5000
2026-05-25T20:52:33.924577,4420,0.0000,0.0000,0.0000,0.5000
2026-05-25T20:52:34.024711,4421,0.0000,0.0000,0.0000,0.5000
2026-05-25T20:52:34.127312,4422,0.0000,0.0000,0.0000,0.5000
2026-05-25T20:52:34.228288,4423,0.0000,0.0000,0.0000,0.5000
2026-05-25T20:52:34.327595,4424,0.0000,0.0000,0.0000,0.5000
2026-05-25T20:52:34.427694,4425,0.0000,0.0000,0.0000,0.5000
2026-05-25T20:52:34.527874,4426,0.0000,0.0000,0.0000,0.5000
2026-05-25T20:52:34.627997,4427,0.0000,0.0000,0.0000,0.5000
2026-05-25T20:52:34.728154,4428,0.0000,0.0000,0.0000,0.5000
2026-05-25T20:52:34.943460,4429,0.0000,0.0000,0.0000,0.5000
2026-05-25T20:52:35.043671,4430,0.0000,0.0000,0.0000,0.5000
2026-05-25T20:52:35.143830,4431,0.0000,0.0000,0.0000,0.5000
2026-05-25T20:52:35.243883,4432,0.0000,0.0000,0.0000,0.5000
2026-05-25T20:52:35.344106,4433,0.0000,0.0000,0.0000,0.5000
2026-05-25T20:52:35.444231,4434,0.0000,0.0000,0.0000,0.5000
2026-05-25T20:52:35.544277,4435,0.0000,0.0000,0.0000,0.5000
2026-05-25T20:52:35.644526,4436,0.0000,0.0000,0.0000,0.5000
2026-05-25T20:52:35.744737,4437,0.0000,0.0000,0.0000,0.5000
2026-05-25T20:52:35.953505,4438,0.0000,0.0000,0.0000,0.5000
2026-05-25T20:52:36.053679,4439,0.3000,0.0000,0.0000,0.0000
2026-05-25T20:52:36.153833,4440,0.3000,0.0000,0.0000,0.0000
2026-05-25T20:52:36.254135,4441,0.3000,0.0000,0.0000,0.0000
2026-05-25T20:52:36.354641,4442,0.3000,0.0000,0.0000,0.0000
2026-05-25T20:52:36.454713,4443,0.3000,0.0000,0.0000,0.0000
2026-05-25T20:52:36.554930,4444,0.3000,0.0000,0.0000,0.0000
2026-05-25T20:52:36.655017,4445,0.3000,0.0000,0.0000,0.0000
2026-05-25T20:52:36.755125,4446,0.3000,0.0000,0.0000,0.0000
2026-05-25T20:52:36.855262,4447,0.3000,0.0000,0.0000,0.0000
2026-05-25T20:52:36.955347,4448,0.3000,0.0000,0.0000,0.0000
2026-05-25T20:52:37.055441,4449,0.3000,0.0000,0.0000,0.0000
2026-05-25T20:52:37.233353,4450,0.3000,0.0000,0.0000,0.0000
2026-05-25T20:52:37.333640,4451,0.3000,0.0000,0.0000,0.0000
2026-05-25T20:52:37.433734,4452,0.3000,0.0000,0.0000,0.0000
2026-05-25T20:52:37.533883,4453,0.3000,0.0000,0.0000,0.0000
2026-05-25T20:52:37.634062,4454,0.3000,0.0000,0.0000,0.0000
2026-05-25T20:52:37.734122,4455,0.3000,0.0000,0.0000,0.0000
2026-05-25T20:52:37.834233,4456,0.3000,0.0000,0.0000,0.0000
2026-05-25T20:52:37.935047,4457,0.3000,0.0000,0.0000,0.0000
2026-05-25T20:52:38.035142,4458,0.3000,0.0000,0.0000,0.0000
2026-05-25T20:52:38.135225,4459,0.3000,0.0000,0.0000,0.0000
2026-05-25T20:52:38.236040,4460,0.3000,0.0000,0.0000,0.0000
2026-05-25T20:52:38.453577,4461,0.3000,0.0000,0.0000,0.0000
2026-05-25T20:52:38.553805,4462,0.3000,0.0000,0.0000,0.0000
2026-05-25T20:52:38.654686,4463,0.3000,0.0000,0.0000,0.0000
2026-05-25T20:52:38.755206,4464,0.3000,0.0000,0.0000,0.0000
2026-05-25T20:52:38.855289,4465,0.3000,0.0000,0.0000,0.0000
2026-05-25T20:52:38.955324,4466,0.3000,0.0000,0.0000,0.0000
2026-05-25T20:52:39.055475,4467,0.3000,0.0000,0.0000,0.0000
2026-05-25T20:52:39.155596,4468,0.3000,0.0000,0.0000,0.0000
2026-05-25T20:52:39.255796,4469,0.0000,0.0000,0.0000,-0.5000
2026-05-25T20:52:39.473685,4470,0.0000,0.0000,0.0000,-0.5000
2026-05-25T20:52:39.573820,4471,0.0000,0.0000,0.0000,-0.5000
2026-05-25T20:52:39.673901,4472,0.0000,0.0000,0.0000,-0.5000
2026-05-25T20:52:39.774179,4473,0.0000,0.0000,0.0000,-0.5000
2026-05-25T20:52:39.874213,4474,0.0000,0.0000,0.0000,-0.5000
2026-05-25T20:52:39.974353,4475,0.0000,0.0000,0.0000,-0.5000
2026-05-25T20:52:40.074828,4476,0.0000,0.0000,0.0000,-0.5000
2026-05-25T20:52:40.174814,4477,0.0000,0.0000,0.0000,-0.5000
2026-05-25T20:52:40.274966,4478,0.0000,0.0000,0.0000,-0.5000
2026-05-25T20:52:40.375108,4479,0.0000,0.0000,0.0000,-0.5000
2026-05-25T20:52:40.475282,4480,0.0000,0.0000,0.0000,-0.5000
2026-05-25T20:52:40.693644,4481,0.0000,0.0000,0.0000,-0.5000
2026-05-25T20:52:40.793726,4482,0.0000,0.0000,0.0000,-0.5000
2026-05-25T20:52:40.893831,4483,0.0000,0.0000,0.0000,-0.5000
2026-05-25T20:52:40.993946,4484,0.0000,0.0000,0.0000,-0.5000
2026-05-25T20:52:41.094432,4485,0.0000,0.0000,0.0000,-0.5000
2026-05-25T20:52:41.195059,4486,0.0000,0.0000,0.0000,-0.5000
2026-05-25T20:52:41.295204,4487,0.0000,0.0000,0.0000,-0.5000
2026-05-25T20:52:41.395328,4488,0.0000,0.0000,0.0000,-0.5000
2026-05-25T20:52:41.495357,4489,0.0000,0.0000,0.0000,-0.5000
2026-05-25T20:52:41.595480,4490,0.0000,0.0000,0.0000,-0.5000
2026-05-25T20:52:41.695588,4491,0.0000,0.0000,0.0000,-0.5000
2026-05-25T20:52:41.913806,4492,0.0000,0.0000,0.0000,-0.5000
2026-05-25T20:52:42.014221,4493,0.0000,0.0000,0.0000,-0.5000
2026-05-25T20:52:42.114059,4494,0.0000,0.0000,0.0000,-0.5000
2026-05-25T20:52:42.214203,4495,0.0000,0.0000,0.0000,-0.5000
2026-05-25T20:52:42.314333,4496,0.0000,0.0000,0.0000,-0.5000
2026-05-25T20:52:42.414483,4497,0.0000,0.0000,0.0000,-0.5000
2026-05-25T20:52:42.514610,4498,0.0000,0.0000,0.0000,-0.5000
2026-05-25T20:52:42.614967,4499,-0.2000,0.0000,0.0000,-0.5000
2026-05-25T20:52:42.714944,4500,-0.2000,0.0000,0.0000,-0.5000
2026-05-25T20:52:42.924134,4501,-0.2000,0.0000,0.0000,-0.5000
2026-05-25T20:52:43.023937,4502,-0.2000,0.0000,0.0000,-0.5000
2026-05-25T20:52:43.123849,4503,-0.2000,0.0000,0.0000,-0.5000
2026-05-25T20:52:43.223982,4504,-0.2000,0.0000,0.0000,-0.5000
2026-05-25T20:52:43.324117,4505,-0.2000,0.0000,0.0000,-0.5000
2026-05-25T20:52:43.424237,4506,-0.2000,0.0000,0.0000,-0.5000
2026-05-25T20:52:43.524317,4507,-0.2000,0.0000,0.0000,-0.5000
2026-05-25T20:52:43.625455,4508,-0.2000,0.0000,0.0000,-0.5000
2026-05-25T20:52:43.725560,4509,-0.2000,0.0000,0.0000,-0.5000
2026-05-25T20:52:43.825617,4510,-0.2000,0.0000,0.0000,-0.5000
2026-05-25T20:52:43.925755,4511,-0.2000,0.0000,0.0000,-0.5000
2026-05-25T20:52:44.053676,4512,-0.2000,0.0000,0.0000,-0.5000
2026-05-25T20:52:44.153923,4513,-0.2000,0.0000,0.0000,-0.5000
2026-05-25T20:52:44.254357,4514,-0.2000,0.0000,0.0000,-0.5000
2026-05-25T20:52:44.357400,4515,-0.2000,0.0000,0.0000,-0.5000
2026-05-25T20:52:44.457475,4516,-0.2000,0.0000,0.0000,-0.5000
2026-05-25T20:52:44.557588,4517,-0.2000,0.0000,0.0000,-0.5000
2026-05-25T20:52:44.657724,4518,-0.2000,0.0000,0.0000,-0.5000
2026-05-25T20:52:44.757857,4519,-0.2000,0.0000,0.0000,-0.5000
2026-05-25T20:52:44.858021,4520,-0.2000,0.0000,0.0000,-0.5000
2026-05-25T20:52:45.153724,4521,-0.2000,0.0000,0.0000,-0.5000
2026-05-25T20:52:45.253830,4522,-0.2000,0.0000,0.0000,-0.5000
2026-05-25T20:52:45.354392,4523,-0.2000,0.0000,0.0000,-0.5000
2026-05-25T20:52:45.454508,4524,-0.2000,0.0000,0.0000,-0.5000
2026-05-25T20:52:45.554587,4525,-0.2000,0.0000,0.0000,-0.5000
2026-05-25T20:52:45.654788,4526,-0.2000,0.0000,0.0000,-0.5000
2026-05-25T20:52:45.755042,4527,-0.2000,0.0000,0.0000,-0.5000
2026-05-25T20:52:45.855003,4528,-0.2000,0.0000,0.0000,-0.5000
2026-05-25T20:52:45.955171,4529,0.0000,0.0000,0.0000,0.5000
2026-05-25T20:52:46.163688,4530,0.0000,0.0000,0.0000,0.5000
2026-05-25T20:52:46.266336,4531,0.0000,0.0000,0.0000,0.5000
2026-05-25T20:52:46.366467,4532,0.0000,0.0000,0.0000,0.5000
2026-05-25T20:52:46.466607,4533,0.0000,0.0000,0.0000,0.5000
2026-05-25T20:52:46.566896,4534,0.0000,0.0000,0.0000,0.5000
2026-05-25T20:52:46.667017,4535,0.0000,0.0000,0.0000,0.5000
2026-05-25T20:52:46.767175,4536,0.0000,0.0000,0.0000,0.5000
2026-05-25T20:52:46.867300,4537,0.0000,0.0000,0.0000,0.5000
2026-05-25T20:52:46.967318,4538,0.0000,0.0000,0.0000,0.5000
2026-05-25T20:52:47.067470,4539,0.0000,0.0000,0.0000,0.5000
2026-05-25T20:52:47.167573,4540,0.0000,0.0000,0.0000,0.5000
2026-05-25T20:52:47.373688,4541,0.0000,0.0000,0.0000,0.5000
2026-05-25T20:52:47.473805,4542,0.0000,0.0000,0.0000,0.5000
2026-05-25T20:52:47.573980,4543,0.0000,0.0000,0.0000,0.5000
2026-05-25T20:52:47.674108,4544,0.0000,0.0000,0.0000,0.5000
2026-05-25T20:52:47.774387,4545,0.0000,0.0000,0.0000,0.5000
2026-05-25T20:52:47.874323,4546,0.0000,0.0000,0.0000,0.5000
2026-05-25T20:52:47.974438,4547,0.0000,0.0000,0.0000,0.5000
2026-05-25T20:52:48.074616,4548,0.0000,0.0000,0.0000,0.5000
2026-05-25T20:52:48.174742,4549,0.0000,0.0000,0.0000,0.5000
2026-05-25T20:52:48.383646,4550,0.0000,0.0000,0.0000,0.5000
2026-05-25T20:52:48.483811,4551,0.0000,0.0000,0.0000,0.5000
2026-05-25T20:52:48.583973,4552,0.0000,0.0000,0.0000,0.5000
2026-05-25T20:52:48.684266,4553,0.0000,0.0000,0.0000,0.5000
2026-05-25T20:52:48.784351,4554,0.0000,0.0000,0.0000,0.5000
2026-05-25T20:52:48.884473,4555,0.0000,0.0000,0.0000,0.5000
2026-05-25T20:52:48.984681,4556,0.0000,0.0000,0.0000,0.5000
2026-05-25T20:52:49.086635,4557,0.0000,0.0000,0.0000,0.5000
2026-05-25T20:52:49.186759,4558,0.0000,0.0000,0.0000,0.5000
2026-05-25T20:52:49.286784,4559,0.3000,0.0000,0.0000,0.0000
2026-05-25T20:52:49.386885,4560,0.3000,0.0000,0.0000,0.0000
2026-05-25T20:52:49.613923,4561,0.3000,0.0000,0.0000,0.0000
2026-05-25T20:52:49.713925,4562,0.3000,0.0000,0.0000,0.0000
2026-05-25T20:52:49.813974,4563,0.3000,0.0000,0.0000,0.0000
2026-05-25T20:52:49.914123,4564,0.3000,0.0000,0.0000,0.0000
2026-05-25T20:52:50.014135,4565,0.3000,0.0000,0.0000,0.0000
2026-05-25T20:52:50.115016,4566,0.3000,0.0000,0.0000,0.0000
2026-05-25T20:52:50.215003,4567,0.3000,0.0000,0.0000,0.0000
2026-05-25T20:52:50.315183,4568,0.3000,0.0000,0.0000,0.0000
2026-05-25T20:52:50.415366,4569,0.3000,0.0000,0.0000,0.0000
2026-05-25T20:52:50.633807,4570,0.3000,0.0000,0.0000,0.0000
2026-05-25T20:52:50.733814,4571,0.3000,0.0000,0.0000,0.0000
2026-05-25T20:52:50.833991,4572,0.3000,0.0000,0.0000,0.0000
2026-05-25T20:52:50.934039,4573,0.3000,0.0000,0.0000,0.0000
2026-05-25T20:52:51.034299,4574,0.3000,0.0000,0.0000,0.0000
2026-05-25T20:52:51.134399,4575,0.3000,0.0000,0.0000,0.0000
2026-05-25T20:52:51.234945,4576,0.3000,0.0000,0.0000,0.0000
2026-05-25T20:52:51.335001,4577,0.3000,0.0000,0.0000,0.0000
2026-05-25T20:52:51.435089,4578,0.3000,0.0000,0.0000,0.0000
2026-05-25T20:52:51.535264,4579,0.3000,0.0000,0.0000,0.0000
2026-05-25T20:52:51.635286,4580,0.3000,0.0000,0.0000,0.0000
2026-05-25T20:52:51.843832,4581,0.3000,0.0000,0.0000,0.0000
2026-05-25T20:52:51.943866,4582,0.3000,0.0000,0.0000,0.0000
2026-05-25T20:52:52.043985,4583,0.3000,0.0000,0.0000,0.0000
2026-05-25T20:52:52.144333,4584,0.3000,0.0000,0.0000,0.0000
2026-05-25T20:52:52.244313,4585,0.3000,0.0000,0.0000,0.0000
2026-05-25T20:52:52.344334,4586,0.3000,0.0000,0.0000,0.0000
2026-05-25T20:52:52.444459,4587,0.3000,0.0000,0.0000,0.0000
2026-05-25T20:52:52.544633,4588,0.3000,0.0000,0.0000,0.0000
2026-05-25T20:52:52.644739,4589,0.0000,0.0000,0.0000,-0.5000
2026-05-25T20:52:52.823839,4590,0.0000,0.0000,0.0000,-0.5000
2026-05-25T20:52:52.923918,4591,0.0000,0.0000,0.0000,-0.5000
2026-05-25T20:52:53.024098,4592,0.0000,0.0000,0.0000,-0.5000
2026-05-25T20:52:53.125338,4593,0.0000,0.0000,0.0000,-0.5000
2026-05-25T20:52:53.225464,4594,0.0000,0.0000,0.0000,-0.5000
2026-05-25T20:52:53.325604,4595,0.0000,0.0000,0.0000,-0.5000
2026-05-25T20:52:53.426330,4596,0.0000,0.0000,0.0000,-0.5000
2026-05-25T20:52:53.526473,4597,0.0000,0.0000,0.0000,-0.5000
2026-05-25T20:52:53.626606,4598,0.0000,0.0000,0.0000,-0.5000
2026-05-25T20:52:53.863937,4599,0.0000,0.0000,0.0000,-0.5000
2026-05-25T20:52:53.964064,4600,0.0000,0.0000,0.0000,-0.5000
2026-05-25T20:52:54.064141,4601,0.0000,0.0000,0.0000,-0.5000
2026-05-25T20:52:54.164288,4602,0.0000,0.0000,0.0000,-0.5000
2026-05-25T20:52:54.265360,4603,0.0000,0.0000,0.0000,-0.5000
2026-05-25T20:52:54.364472,4604,0.0000,0.0000,0.0000,-0.5000
2026-05-25T20:52:54.464614,4605,0.0000,0.0000,0.0000,-0.5000
2026-05-25T20:52:54.564724,4606,0.0000,0.0000,0.0000,-0.5000
2026-05-25T20:52:54.664883,4607,0.0000,0.0000,0.0000,-0.5000
2026-05-25T20:52:54.873890,4608,0.0000,0.0000,0.0000,-0.5000
2026-05-25T20:52:54.974006,4609,0.0000,0.0000,0.0000,-0.5000
2026-05-25T20:52:55.074363,4610,0.0000,0.0000,0.0000,-0.5000
2026-05-25T20:52:55.175080,4611,0.0000,0.0000,0.0000,-0.5000
2026-05-25T20:52:55.274593,4612,0.0000,0.0000,0.0000,-0.5000
2026-05-25T20:52:55.374752,4613,0.0000,0.0000,0.0000,-0.5000
2026-05-25T20:52:55.474849,4614,0.0000,0.0000,0.0000,-0.5000
2026-05-25T20:52:55.575428,4615,0.0000,0.0000,0.0000,-0.5000
2026-05-25T20:52:55.675672,4616,0.0000,0.0000,0.0000,-0.5000
2026-05-25T20:52:55.884604,4617,0.0000,0.0000,0.0000,-0.5000
2026-05-25T20:52:55.985131,4618,0.0000,0.0000,0.0000,-0.5000
2026-05-25T20:52:56.085308,4619,-0.2000,0.0000,0.0000,-0.5000
2026-05-25T20:52:56.185490,4620,-0.2000,0.0000,0.0000,-0.5000
2026-05-25T20:52:56.285615,4621,-0.2000,0.0000,0.0000,-0.5000
2026-05-25T20:52:56.386281,4622,-0.2000,0.0000,0.0000,-0.5000
2026-05-25T20:52:56.487298,4623,-0.2000,0.0000,0.0000,-0.5000
2026-05-25T20:52:56.587488,4624,-0.2000,0.0000,0.0000,-0.5000
2026-05-25T20:52:56.687611,4625,-0.2000,0.0000,0.0000,-0.5000
2026-05-25T20:52:56.893897,4626,-0.2000,0.0000,0.0000,-0.5000
2026-05-25T20:52:56.993965,4627,-0.2000,0.0000,0.0000,-0.5000
2026-05-25T20:52:57.094110,4628,-0.2000,0.0000,0.0000,-0.5000
2026-05-25T20:52:57.194265,4629,-0.2000,0.0000,0.0000,-0.5000
2026-05-25T20:52:57.294281,4630,-0.2000,0.0000,0.0000,-0.5000
2026-05-25T20:52:57.394414,4631,-0.2000,0.0000,0.0000,-0.5000
2026-05-25T20:52:57.494604,4632,-0.2000,0.0000,0.0000,-0.5000
2026-05-25T20:52:57.594710,4633,-0.2000,0.0000,0.0000,-0.5000
2026-05-25T20:52:57.694854,4634,-0.2000,0.0000,0.0000,-0.5000
2026-05-25T20:52:57.795007,4635,-0.2000,0.0000,0.0000,-0.5000
2026-05-25T20:52:57.895008,4636,-0.2000,0.0000,0.0000,-0.5000
2026-05-25T20:52:58.134160,4637,-0.2000,0.0000,0.0000,-0.5000
2026-05-25T20:52:58.234232,4638,-0.2000,0.0000,0.0000,-0.5000
2026-05-25T20:52:58.334544,4639,-0.2000,0.0000,0.0000,-0.5000
2026-05-25T20:52:58.435424,4640,-0.2000,0.0000,0.0000,-0.5000
2026-05-25T20:52:58.535495,4641,-0.2000,0.0000,0.0000,-0.5000
2026-05-25T20:52:58.635658,4642,-0.2000,0.0000,0.0000,-0.5000
2026-05-25T20:52:58.735831,4643,-0.2000,0.0000,0.0000,-0.5000
2026-05-25T20:52:58.835978,4644,-0.2000,0.0000,0.0000,-0.5000
2026-05-25T20:52:58.936184,4645,-0.2000,0.0000,0.0000,-0.5000
2026-05-25T20:52:59.144085,4646,-0.2000,0.0000,0.0000,-0.5000
2026-05-25T20:52:59.244078,4647,-0.2000,0.0000,0.0000,-0.5000
2026-05-25T20:52:59.344198,4648,-0.2000,0.0000,0.0000,-0.5000
2026-05-25T20:52:59.444893,4649,0.0000,0.0000,0.0000,0.5000
2026-05-25T20:52:59.544353,4650,0.0000,0.0000,0.0000,0.5000
2026-05-25T20:52:59.644522,4651,0.0000,0.0000,0.0000,0.5000
2026-05-25T20:52:59.744615,4652,0.0000,0.0000,0.0000,0.5000
2026-05-25T20:52:59.844837,4653,0.0000,0.0000,0.0000,0.5000
2026-05-25T20:52:59.944932,4654,0.0000,0.0000,0.0000,0.5000
2026-05-25T20:53:00.046920,4655,0.0000,0.0000,0.0000,0.5000
2026-05-25T20:53:00.146446,4656,0.0000,0.0000,0.0000,0.5000
2026-05-25T20:53:00.364714,4657,0.0000,0.0000,0.0000,0.5000
2026-05-25T20:53:00.464198,4658,0.0000,0.0000,0.0000,0.5000
2026-05-25T20:53:00.564413,4659,0.0000,0.0000,0.0000,0.5000
2026-05-25T20:53:00.664417,4660,0.0000,0.0000,0.0000,0.5000
2026-05-25T20:53:00.764662,4661,0.0000,0.0000,0.0000,0.5000
2026-05-25T20:53:00.864669,4662,0.0000,0.0000,0.0000,0.5000
2026-05-25T20:53:00.964841,4663,0.0000,0.0000,0.0000,0.5000
2026-05-25T20:53:01.065027,4664,0.0000,0.0000,0.0000,0.5000
2026-05-25T20:53:01.165019,4665,0.0000,0.0000,0.0000,0.5000
2026-05-25T20:53:01.265141,4666,0.0000,0.0000,0.0000,0.5000
2026-05-25T20:53:01.365438,4667,0.0000,0.0000,0.0000,0.5000
2026-05-25T20:53:01.583852,4668,0.0000,0.0000,0.0000,0.5000
2026-05-25T20:53:01.684091,4669,0.0000,0.0000,0.0000,0.5000
2026-05-25T20:53:01.784179,4670,0.0000,0.0000,0.0000,0.5000
2026-05-25T20:53:01.886314,4671,0.0000,0.0000,0.0000,0.5000
2026-05-25T20:53:01.986587,4672,0.0000,0.0000,0.0000,0.5000
2026-05-25T20:53:02.086581,4673,0.0000,0.0000,0.0000,0.5000
2026-05-25T20:53:02.186699,4674,0.0000,0.0000,0.0000,0.5000
2026-05-25T20:53:02.286843,4675,0.0000,0.0000,0.0000,0.5000
2026-05-25T20:53:02.386978,4676,0.0000,0.0000,0.0000,0.5000
2026-05-25T20:53:02.593984,4677,0.0000,0.0000,0.0000,0.5000
2026-05-25T20:53:02.694151,4678,0.0000,0.0000,0.0000,0.5000
2026-05-25T20:53:02.794259,4679,0.3000,0.0000,0.0000,0.0000
2026-05-25T20:53:02.894329,4680,0.3000,0.0000,0.0000,0.0000
2026-05-25T20:53:02.994513,4681,0.3000,0.0000,0.0000,0.0000
2026-05-25T20:53:03.094606,4682,0.3000,0.0000,0.0000,0.0000
2026-05-25T20:53:03.194745,4683,0.3000,0.0000,0.0000,0.0000
2026-05-25T20:53:03.294937,4684,0.3000,0.0000,0.0000,0.0000
2026-05-25T20:53:03.395008,4685,0.3000,0.0000,0.0000,0.0000
2026-05-25T20:53:03.495197,4686,0.3000,0.0000,0.0000,0.0000
2026-05-25T20:53:03.595294,4687,0.3000,0.0000,0.0000,0.0000
2026-05-25T20:53:03.695312,4688,0.3000,0.0000,0.0000,0.0000
2026-05-25T20:53:03.796314,4689,0.3000,0.0000,0.0000,0.0000
2026-05-25T20:53:03.896459,4690,0.3000,0.0000,0.0000,0.0000
2026-05-25T20:53:03.996593,4691,0.3000,0.0000,0.0000,0.0000
2026-05-25T20:53:04.254091,4692,0.3000,0.0000,0.0000,0.0000
2026-05-25T20:53:04.354217,4693,0.3000,0.0000,0.0000,0.0000
2026-05-25T20:53:04.454333,4694,0.3000,0.0000,0.0000,0.0000
2026-05-25T20:53:04.554374,4695,0.3000,0.0000,0.0000,0.0000
2026-05-25T20:53:04.654477,4696,0.3000,0.0000,0.0000,0.0000
2026-05-25T20:53:04.754640,4697,0.3000,0.0000,0.0000,0.0000
2026-05-25T20:53:04.855043,4698,0.3000,0.0000,0.0000,0.0000
2026-05-25T20:53:04.955058,4699,0.3000,0.0000,0.0000,0.0000
2026-05-25T20:53:05.055074,4700,0.3000,0.0000,0.0000,0.0000
2026-05-25T20:53:05.155167,4701,0.3000,0.0000,0.0000,0.0000
2026-05-25T20:53:05.255337,4702,0.3000,0.0000,0.0000,0.0000
2026-05-25T20:53:05.474092,4703,0.3000,0.0000,0.0000,0.0000
2026-05-25T20:53:05.574238,4704,0.3000,0.0000,0.0000,0.0000
2026-05-25T20:53:05.674960,4705,0.3000,0.0000,0.0000,0.0000
2026-05-25T20:53:05.774432,4706,0.3000,0.0000,0.0000,0.0000
2026-05-25T20:53:05.874606,4707,0.3000,0.0000,0.0000,0.0000
2026-05-25T20:53:05.974750,4708,0.3000,0.0000,0.0000,0.0000
2026-05-25T20:53:06.074866,4709,0.0000,0.0000,0.0000,-0.5000
2026-05-25T20:53:06.175006,4710,0.0000,0.0000,0.0000,-0.5000
2026-05-25T20:53:06.275150,4711,0.0000,0.0000,0.0000,-0.5000
2026-05-25T20:53:06.375263,4712,0.0000,0.0000,0.0000,-0.5000
2026-05-25T20:53:06.476388,4713,0.0000,0.0000,0.0000,-0.5000
2026-05-25T20:53:06.575586,4714,0.0000,0.0000,0.0000,-0.5000
2026-05-25T20:53:06.675864,4715,0.0000,0.0000,0.0000,-0.5000
2026-05-25T20:53:06.775984,4716,0.0000,0.0000,0.0000,-0.5000
2026-05-25T20:53:06.876108,4717,0.0000,0.0000,0.0000,-0.5000
2026-05-25T20:53:07.097041,4718,0.0000,0.0000,0.0000,-0.5000
2026-05-25T20:53:07.198089,4719,0.0000,0.0000,0.0000,-0.5000
2026-05-25T20:53:07.298209,4720,0.0000,0.0000,0.0000,-0.5000
2026-05-25T20:53:07.398507,4721,0.0000,0.0000,0.0000,-0.5000
2026-05-25T20:53:07.498476,4722,0.0000,0.0000,0.0000,-0.5000
2026-05-25T20:53:07.600185,4723,0.0000,0.0000,0.0000,-0.5000
2026-05-25T20:53:07.700296,4724,0.0000,0.0000,0.0000,-0.5000
2026-05-25T20:53:07.800324,4725,0.0000,0.0000,0.0000,-0.5000
2026-05-25T20:53:07.900501,4726,0.0000,0.0000,0.0000,-0.5000
2026-05-25T20:53:08.000629,4727,0.0000,0.0000,0.0000,-0.5000
2026-05-25T20:53:08.101249,4728,0.0000,0.0000,0.0000,-0.5000
2026-05-25T20:53:08.224207,4729,0.0000,0.0000,0.0000,-0.5000
2026-05-25T20:53:08.324920,4730,0.0000,0.0000,0.0000,-0.5000
2026-05-25T20:53:08.428583,4731,0.0000,0.0000,0.0000,-0.5000
2026-05-25T20:53:08.528749,4732,0.0000,0.0000,0.0000,-0.5000
2026-05-25T20:53:08.628931,4733,0.0000,0.0000,0.0000,-0.5000
2026-05-25T20:53:08.729017,4734,0.0000,0.0000,0.0000,-0.5000
2026-05-25T20:53:08.829096,4735,0.0000,0.0000,0.0000,-0.5000
2026-05-25T20:53:08.931420,4736,0.0000,0.0000,0.0000,-0.5000
2026-05-25T20:53:09.031445,4737,0.0000,0.0000,0.0000,-0.5000
2026-05-25T20:53:09.131588,4738,0.0000,0.0000,0.0000,-0.5000
2026-05-25T20:53:09.231780,4739,-0.2000,0.0000,0.0000,-0.5000
2026-05-25T20:53:09.534327,4740,-0.2000,0.0000,0.0000,-0.5000
2026-05-25T20:53:09.634343,4741,-0.2000,0.0000,0.0000,-0.5000
2026-05-25T20:53:09.734466,4742,-0.2000,0.0000,0.0000,-0.5000
2026-05-25T20:53:09.834641,4743,-0.2000,0.0000,0.0000,-0.5000
2026-05-25T20:53:09.934800,4744,-0.2000,0.0000,0.0000,-0.5000
2026-05-25T20:53:10.034983,4745,-0.2000,0.0000,0.0000,-0.5000
2026-05-25T20:53:10.135075,4746,-0.2000,0.0000,0.0000,-0.5000
2026-05-25T20:53:10.235247,4747,-0.2000,0.0000,0.0000,-0.5000
2026-05-25T20:53:10.335361,4748,-0.2000,0.0000,0.0000,-0.5000
2026-05-25T20:53:10.435453,4749,-0.2000,0.0000,0.0000,-0.5000
2026-05-25T20:53:10.535590,4750,-0.2000,0.0000,0.0000,-0.5000
2026-05-25T20:53:10.654217,4751,-0.2000,0.0000,0.0000,-0.5000
2026-05-25T20:53:10.754379,4752,-0.2000,0.0000,0.0000,-0.5000
2026-05-25T20:53:10.854316,4753,-0.2000,0.0000,0.0000,-0.5000
2026-05-25T20:53:10.954462,4754,-0.2000,0.0000,0.0000,-0.5000
2026-05-25T20:53:11.054585,4755,-0.2000,0.0000,0.0000,-0.5000
2026-05-25T20:53:11.154744,4756,-0.2000,0.0000,0.0000,-0.5000
2026-05-25T20:53:11.254868,4757,-0.2000,0.0000,0.0000,-0.5000
2026-05-25T20:53:11.355091,4758,-0.2000,0.0000,0.0000,-0.5000
2026-05-25T20:53:11.455164,4759,-0.2000,0.0000,0.0000,-0.5000
2026-05-25T20:53:11.555314,4760,-0.2000,0.0000,0.0000,-0.5000
2026-05-25T20:53:11.655433,4761,-0.2000,0.0000,0.0000,-0.5000
2026-05-25T20:53:11.758319,4762,-0.2000,0.0000,0.0000,-0.5000
2026-05-25T20:53:11.974242,4763,-0.2000,0.0000,0.0000,-0.5000
2026-05-25T20:53:12.074320,4764,-0.2000,0.0000,0.0000,-0.5000
2026-05-25T20:53:12.175338,4765,-0.2000,0.0000,0.0000,-0.5000
2026-05-25T20:53:12.275464,4766,-0.2000,0.0000,0.0000,-0.5000
2026-05-25T20:53:12.375711,4767,-0.2000,0.0000,0.0000,-0.5000
2026-05-25T20:53:12.475709,4768,-0.2000,0.0000,0.0000,-0.5000
2026-05-25T20:53:12.575850,4769,0.0000,0.0000,0.0000,0.5000
2026-05-25T20:53:12.676077,4770,0.0000,0.0000,0.0000,0.5000
2026-05-25T20:53:12.776180,4771,0.0000,0.0000,0.0000,0.5000
2026-05-25T20:53:12.985204,4772,0.0000,0.0000,0.0000,0.5000
2026-05-25T20:53:13.085352,4773,0.0000,0.0000,0.0000,0.5000
2026-05-25T20:53:13.185521,4774,0.0000,0.0000,0.0000,0.5000
2026-05-25T20:53:13.285586,4775,0.0000,0.0000,0.0000,0.5000
2026-05-25T20:53:13.386430,4776,0.0000,0.0000,0.0000,0.5000
2026-05-25T20:53:13.487893,4777,0.0000,0.0000,0.0000,0.5000
2026-05-25T20:53:13.588385,4778,0.0000,0.0000,0.0000,0.5000
2026-05-25T20:53:13.688515,4779,0.0000,0.0000,0.0000,0.5000
2026-05-25T20:53:13.788633,4780,0.0000,0.0000,0.0000,0.5000
2026-05-25T20:53:13.891325,4781,0.0000,0.0000,0.0000,0.5000
2026-05-25T20:53:13.991471,4782,0.0000,0.0000,0.0000,0.5000
2026-05-25T20:53:14.204431,4783,0.0000,0.0000,0.0000,0.5000
2026-05-25T20:53:14.304528,4784,0.0000,0.0000,0.0000,0.5000
2026-05-25T20:53:14.404664,4785,0.0000,0.0000,0.0000,0.5000
2026-05-25T20:53:14.504849,4786,0.0000,0.0000,0.0000,0.5000
2026-05-25T20:53:14.604927,4787,0.0000,0.0000,0.0000,0.5000
2026-05-25T20:53:14.705058,4788,0.0000,0.0000,0.0000,0.5000
2026-05-25T20:53:14.805203,4789,0.0000,0.0000,0.0000,0.5000
2026-05-25T20:53:14.905284,4790,0.0000,0.0000,0.0000,0.5000
2026-05-25T20:53:15.005375,4791,0.0000,0.0000,0.0000,0.5000
2026-05-25T20:53:15.105544,4792,0.0000,0.0000,0.0000,0.5000
2026-05-25T20:53:15.205589,4793,0.0000,0.0000,0.0000,0.5000
2026-05-25T20:53:15.424393,4794,0.0000,0.0000,0.0000,0.5000
2026-05-25T20:53:15.524405,4795,0.0000,0.0000,0.0000,0.5000
2026-05-25T20:53:15.624541,4796,0.0000,0.0000,0.0000,0.5000
2026-05-25T20:53:15.724651,4797,0.0000,0.0000,0.0000,0.5000
2026-05-25T20:53:15.826545,4798,0.0000,0.0000,0.0000,0.5000
2026-05-25T20:53:15.924843,4799,0.3000,0.0000,0.0000,0.0000
2026-05-25T20:53:16.025014,4800,0.3000,0.0000,0.0000,0.0000
2026-05-25T20:53:16.125141,4801,0.3000,0.0000,0.0000,0.0000
2026-05-25T20:53:16.225233,4802,0.3000,0.0000,0.0000,0.0000
2026-05-25T20:53:16.474368,4803,0.3000,0.0000,0.0000,0.0000
2026-05-25T20:53:16.575336,4804,0.3000,0.0000,0.0000,0.0000
2026-05-25T20:53:16.675486,4805,0.3000,0.0000,0.0000,0.0000
2026-05-25T20:53:16.775607,4806,0.3000,0.0000,0.0000,0.0000
2026-05-25T20:53:16.875711,4807,0.3000,0.0000,0.0000,0.0000
2026-05-25T20:53:16.975880,4808,0.3000,0.0000,0.0000,0.0000
2026-05-25T20:53:17.077188,4809,0.3000,0.0000,0.0000,0.0000
2026-05-25T20:53:17.177424,4810,0.3000,0.0000,0.0000,0.0000
2026-05-25T20:53:17.277356,4811,0.3000,0.0000,0.0000,0.0000
2026-05-25T20:53:17.377482,4812,0.3000,0.0000,0.0000,0.0000
2026-05-25T20:53:17.477600,4813,0.3000,0.0000,0.0000,0.0000
2026-05-25T20:53:17.577732,4814,0.3000,0.0000,0.0000,0.0000
2026-05-25T20:53:17.677863,4815,0.3000,0.0000,0.0000,0.0000
2026-05-25T20:53:17.777998,4816,0.3000,0.0000,0.0000,0.0000
2026-05-25T20:53:17.878128,4817,0.3000,0.0000,0.0000,0.0000
2026-05-25T20:53:18.094954,4818,0.3000,0.0000,0.0000,0.0000
2026-05-25T20:53:18.194474,4819,0.3000,0.0000,0.0000,0.0000
2026-05-25T20:53:18.295282,4820,0.3000,0.0000,0.0000,0.0000
2026-05-25T20:53:18.395269,4821,0.3000,0.0000,0.0000,0.0000
2026-05-25T20:53:18.495356,4822,0.3000,0.0000,0.0000,0.0000
2026-05-25T20:53:18.595476,4823,0.3000,0.0000,0.0000,0.0000
2026-05-25T20:53:18.695619,4824,0.3000,0.0000,0.0000,0.0000
2026-05-25T20:53:18.795740,4825,0.3000,0.0000,0.0000,0.0000
2026-05-25T20:53:18.898017,4826,0.3000,0.0000,0.0000,0.0000
2026-05-25T20:53:19.108345,4827,0.3000,0.0000,0.0000,0.0000
2026-05-25T20:53:19.208755,4828,0.3000,0.0000,0.0000,0.0000
2026-05-25T20:53:19.308657,4829,0.0000,0.0000,0.0000,-0.5000
2026-05-25T20:53:19.408818,4830,0.0000,0.0000,0.0000,-0.5000
2026-05-25T20:53:19.508893,4831,0.0000,0.0000,0.0000,-0.5000
2026-05-25T20:53:19.609047,4832,0.0000,0.0000,0.0000,-0.5000
2026-05-25T20:53:19.709186,4833,0.0000,0.0000,0.0000,-0.5000
2026-05-25T20:53:19.809283,4834,0.0000,0.0000,0.0000,-0.5000
2026-05-25T20:53:19.909368,4835,0.0000,0.0000,0.0000,-0.5000
2026-05-25T20:53:20.137341,4836,0.0000,0.0000,0.0000,-0.5000
2026-05-25T20:53:20.237475,4837,0.0000,0.0000,0.0000,-0.5000
2026-05-25T20:53:20.337586,4838,0.0000,0.0000,0.0000,-0.5000
2026-05-25T20:53:20.437741,4839,0.0000,0.0000,0.0000,-0.5000
2026-05-25T20:53:20.537861,4840,0.0000,0.0000,0.0000,-0.5000
2026-05-25T20:53:20.637948,4841,0.0000,0.0000,0.0000,-0.5000
2026-05-25T20:53:20.738122,4842,0.0000,0.0000,0.0000,-0.5000
2026-05-25T20:53:20.838212,4843,0.0000,0.0000,0.0000,-0.5000
2026-05-25T20:53:20.938318,4844,0.0000,0.0000,0.0000,-0.5000
2026-05-25T20:53:21.038477,4845,0.0000,0.0000,0.0000,-0.5000
2026-05-25T20:53:21.138579,4846,0.0000,0.0000,0.0000,-0.5000
2026-05-25T20:53:21.238707,4847,0.0000,0.0000,0.0000,-0.5000
2026-05-25T20:53:21.339220,4848,0.0000,0.0000,0.0000,-0.5000
2026-05-25T20:53:21.554524,4849,0.0000,0.0000,0.0000,-0.5000
2026-05-25T20:53:21.654649,4850,0.0000,0.0000,0.0000,-0.5000
2026-05-25T20:53:21.754782,4851,0.0000,0.0000,0.0000,-0.5000
2026-05-25T20:53:21.854940,4852,0.0000,0.0000,0.0000,-0.5000
2026-05-25T20:53:21.955066,4853,0.0000,0.0000,0.0000,-0.5000
2026-05-25T20:53:22.055194,4854,0.0000,0.0000,0.0000,-0.5000
2026-05-25T20:53:22.155317,4855,0.0000,0.0000,0.0000,-0.5000
2026-05-25T20:53:22.255450,4856,0.0000,0.0000,0.0000,-0.5000
2026-05-25T20:53:22.355591,4857,0.0000,0.0000,0.0000,-0.5000
2026-05-25T20:53:22.564631,4858,0.0000,0.0000,0.0000,-0.5000
2026-05-25T20:53:22.664804,4859,-0.2000,0.0000,0.0000,-0.5000
2026-05-25T20:53:22.764949,4860,-0.2000,0.0000,0.0000,-0.5000
2026-05-25T20:53:22.865034,4861,-0.2000,0.0000,0.0000,-0.5000
2026-05-25T20:53:22.965152,4862,-0.2000,0.0000,0.0000,-0.5000
2026-05-25T20:53:23.065246,4863,-0.2000,0.0000,0.0000,-0.5000
2026-05-25T20:53:23.165354,4864,-0.2000,0.0000,0.0000,-0.5000
2026-05-25T20:53:23.265468,4865,-0.2000,0.0000,0.0000,-0.5000
2026-05-25T20:53:23.365597,4866,-0.2000,0.0000,0.0000,-0.5000
2026-05-25T20:53:23.465753,4867,-0.2000,0.0000,0.0000,-0.5000
2026-05-25T20:53:23.565892,4868,-0.2000,0.0000,0.0000,-0.5000
2026-05-25T20:53:23.784469,4869,-0.2000,0.0000,0.0000,-0.5000
2026-05-25T20:53:23.884790,4870,-0.2000,0.0000,0.0000,-0.5000
2026-05-25T20:53:23.984913,4871,-0.2000,0.0000,0.0000,-0.5000
2026-05-25T20:53:24.085087,4872,-0.2000,0.0000,0.0000,-0.5000
2026-05-25T20:53:24.185438,4873,-0.2000,0.0000,0.0000,-0.5000
2026-05-25T20:53:24.285412,4874,-0.2000,0.0000,0.0000,-0.5000
2026-05-25T20:53:24.385509,4875,-0.2000,0.0000,0.0000,-0.5000
2026-05-25T20:53:24.485660,4876,-0.2000,0.0000,0.0000,-0.5000
2026-05-25T20:53:24.585738,4877,-0.2000,0.0000,0.0000,-0.5000
2026-05-25T20:53:24.794711,4878,-0.2000,0.0000,0.0000,-0.5000
2026-05-25T20:53:24.894696,4879,-0.2000,0.0000,0.0000,-0.5000
2026-05-25T20:53:24.994891,4880,-0.2000,0.0000,0.0000,-0.5000
2026-05-25T20:53:25.094955,4881,-0.2000,0.0000,0.0000,-0.5000
2026-05-25T20:53:25.195080,4882,-0.2000,0.0000,0.0000,-0.5000
2026-05-25T20:53:25.295263,4883,-0.2000,0.0000,0.0000,-0.5000
2026-05-25T20:53:25.395440,4884,-0.2000,0.0000,0.0000,-0.5000
2026-05-25T20:53:25.495731,4885,-0.2000,0.0000,0.0000,-0.5000
2026-05-25T20:53:25.595882,4886,-0.2000,0.0000,0.0000,-0.5000
2026-05-25T20:53:25.814549,4887,-0.2000,0.0000,0.0000,-0.5000
2026-05-25T20:53:25.915713,4888,-0.2000,0.0000,0.0000,-0.5000
2026-05-25T20:53:26.014816,4889,0.0000,0.0000,0.0000,0.5000
2026-05-25T20:53:26.114911,4890,0.0000,0.0000,0.0000,0.5000
2026-05-25T20:53:26.215073,4891,0.0000,0.0000,0.0000,0.5000
2026-05-25T20:53:26.315230,4892,0.0000,0.0000,0.0000,0.5000
2026-05-25T20:53:26.415297,4893,0.0000,0.0000,0.0000,0.5000
2026-05-25T20:53:26.515349,4894,0.0000,0.0000,0.0000,0.5000
2026-05-25T20:53:26.615462,4895,0.0000,0.0000,0.0000,0.5000
2026-05-25T20:53:26.715554,4896,0.0000,0.0000,0.0000,0.5000
2026-05-25T20:53:26.815715,4897,0.0000,0.0000,0.0000,0.5000
2026-05-25T20:53:27.034614,4898,0.0000,0.0000,0.0000,0.5000
2026-05-25T20:53:27.134746,4899,0.0000,0.0000,0.0000,0.5000
2026-05-25T20:53:27.234868,4900,0.0000,0.0000,0.0000,0.5000
2026-05-25T20:53:27.335033,4901,0.0000,0.0000,0.0000,0.5000
2026-05-25T20:53:27.435124,4902,0.0000,0.0000,0.0000,0.5000
2026-05-25T20:53:27.535246,4903,0.0000,0.0000,0.0000,0.5000
2026-05-25T20:53:27.635366,4904,0.0000,0.0000,0.0000,0.5000
2026-05-25T20:53:27.735491,4905,0.0000,0.0000,0.0000,0.5000
2026-05-25T20:53:27.836317,4906,0.0000,0.0000,0.0000,0.5000
2026-05-25T20:53:27.936467,4907,0.0000,0.0000,0.0000,0.5000
2026-05-25T20:53:28.036591,4908,0.0000,0.0000,0.0000,0.5000
2026-05-25T20:53:28.136748,4909,0.0000,0.0000,0.0000,0.5000
2026-05-25T20:53:28.236885,4910,0.0000,0.0000,0.0000,0.5000
2026-05-25T20:53:28.454844,4911,0.0000,0.0000,0.0000,0.5000
2026-05-25T20:53:28.554803,4912,0.0000,0.0000,0.0000,0.5000
2026-05-25T20:53:28.655615,4913,0.0000,0.0000,0.0000,0.5000
2026-05-25T20:53:28.755657,4914,0.0000,0.0000,0.0000,0.5000
2026-05-25T20:53:28.855827,4915,0.0000,0.0000,0.0000,0.5000
2026-05-25T20:53:28.955898,4916,0.0000,0.0000,0.0000,0.5000
2026-05-25T20:53:29.056087,4917,0.0000,0.0000,0.0000,0.5000
2026-05-25T20:53:29.156207,4918,0.0000,0.0000,0.0000,0.5000
2026-05-25T20:53:29.256346,4919,0.3000,0.0000,0.0000,0.0000
2026-05-25T20:53:29.356399,4920,0.3000,0.0000,0.0000,0.0000
2026-05-25T20:53:29.456467,4921,0.3000,0.0000,0.0000,0.0000
2026-05-25T20:53:29.675292,4922,0.3000,0.0000,0.0000,0.0000
2026-05-25T20:53:29.775453,4923,0.3000,0.0000,0.0000,0.0000
2026-05-25T20:53:29.876393,4924,0.3000,0.0000,0.0000,0.0000
2026-05-25T20:53:29.976700,4925,0.3000,0.0000,0.0000,0.0000
2026-05-25T20:53:30.076824,4926,0.3000,0.0000,0.0000,0.0000
2026-05-25T20:53:30.179324,4927,0.3000,0.0000,0.0000,0.0000
2026-05-25T20:53:30.279460,4928,0.3000,0.0000,0.0000,0.0000
2026-05-25T20:53:30.379582,4929,0.3000,0.0000,0.0000,0.0000
2026-05-25T20:53:30.479826,4930,0.3000,0.0000,0.0000,0.0000
2026-05-25T20:53:30.580294,4931,0.3000,0.0000,0.0000,0.0000
2026-05-25T20:53:30.680463,4932,0.3000,0.0000,0.0000,0.0000
2026-05-25T20:53:30.954803,4933,0.3000,0.0000,0.0000,0.0000
2026-05-25T20:53:31.054895,4934,0.3000,0.0000,0.0000,0.0000
2026-05-25T20:53:31.155126,4935,0.3000,0.0000,0.0000,0.0000
2026-05-25T20:53:31.255711,4936,0.3000,0.0000,0.0000,0.0000
2026-05-25T20:53:31.355915,4937,0.3000,0.0000,0.0000,0.0000
2026-05-25T20:53:31.456078,4938,0.3000,0.0000,0.0000,0.0000
2026-05-25T20:53:31.557041,4939,0.3000,0.0000,0.0000,0.0000
2026-05-25T20:53:31.656542,4940,0.3000,0.0000,0.0000,0.0000
2026-05-25T20:53:31.756415,4941,0.3000,0.0000,0.0000,0.0000
2026-05-25T20:53:31.856485,4942,0.3000,0.0000,0.0000,0.0000
2026-05-25T20:53:31.956587,4943,0.3000,0.0000,0.0000,0.0000
2026-05-25T20:53:32.056743,4944,0.3000,0.0000,0.0000,0.0000
2026-05-25T20:53:32.156854,4945,0.3000,0.0000,0.0000,0.0000
2026-05-25T20:53:32.256968,4946,0.3000,0.0000,0.0000,0.0000
2026-05-25T20:53:32.358297,4947,0.3000,0.0000,0.0000,0.0000
2026-05-25T20:53:32.574698,4948,0.3000,0.0000,0.0000,0.0000
2026-05-25T20:53:32.674852,4949,0.0000,0.0000,0.0000,-0.5000
2026-05-25T20:53:32.775018,4950,0.0000,0.0000,0.0000,-0.5000
2026-05-25T20:53:32.875177,4951,0.0000,0.0000,0.0000,-0.5000
2026-05-25T20:53:32.975554,4952,0.0000,0.0000,0.0000,-0.5000
2026-05-25T20:53:33.075517,4953,0.0000,0.0000,0.0000,-0.5000
2026-05-25T20:53:33.176047,4954,0.0000,0.0000,0.0000,-0.5000
2026-05-25T20:53:33.276128,4955,0.0000,0.0000,0.0000,-0.5000
2026-05-25T20:53:33.376307,4956,0.0000,0.0000,0.0000,-0.5000
2026-05-25T20:53:33.594826,4957,0.0000,0.0000,0.0000,-0.5000
2026-05-25T20:53:33.694983,4958,0.0000,0.0000,0.0000,-0.5000
2026-05-25T20:53:33.795122,4959,0.0000,0.0000,0.0000,-0.5000
2026-05-25T20:53:33.895271,4960,0.0000,0.0000,0.0000,-0.5000
2026-05-25T20:53:33.995384,4961,0.0000,0.0000,0.0000,-0.5000
2026-05-25T20:53:34.095689,4962,0.0000,0.0000,0.0000,-0.5000
2026-05-25T20:53:34.195732,4963,0.0000,0.0000,0.0000,-0.5000
2026-05-25T20:53:34.295893,4964,0.0000,0.0000,0.0000,-0.5000
2026-05-25T20:53:34.396041,4965,0.0000,0.0000,0.0000,-0.5000
2026-05-25T20:53:34.496191,4966,0.0000,0.0000,0.0000,-0.5000
2026-05-25T20:53:34.596316,4967,0.0000,0.0000,0.0000,-0.5000
2026-05-25T20:53:34.804798,4968,0.0000,0.0000,0.0000,-0.5000
2026-05-25T20:53:34.904955,4969,0.0000,0.0000,0.0000,-0.5000
2026-05-25T20:53:35.005096,4970,0.0000,0.0000,0.0000,-0.5000
2026-05-25T20:53:35.105238,4971,0.0000,0.0000,0.0000,-0.5000
2026-05-25T20:53:35.205304,4972,0.0000,0.0000,0.0000,-0.5000
2026-05-25T20:53:35.305453,4973,0.0000,0.0000,0.0000,-0.5000
2026-05-25T20:53:35.405491,4974,0.0000,0.0000,0.0000,-0.5000
2026-05-25T20:53:35.505838,4975,0.0000,0.0000,0.0000,-0.5000
2026-05-25T20:53:35.605742,4976,0.0000,0.0000,0.0000,-0.5000
2026-05-25T20:53:35.706029,4977,0.0000,0.0000,0.0000,-0.5000
2026-05-25T20:53:35.806234,4978,0.0000,0.0000,0.0000,-0.5000
2026-05-25T20:53:35.914744,4979,-0.2000,0.0000,0.0000,-0.5000
2026-05-25T20:53:36.024736,4980,-0.2000,0.0000,0.0000,-0.5000
2026-05-25T20:53:36.124821,4981,-0.2000,0.0000,0.0000,-0.5000
2026-05-25T20:53:36.225340,4982,-0.2000,0.0000,0.0000,-0.5000
2026-05-25T20:53:36.326206,4983,-0.2000,0.0000,0.0000,-0.5000
2026-05-25T20:53:36.425602,4984,-0.2000,0.0000,0.0000,-0.5000
2026-05-25T20:53:36.525717,4985,-0.2000,0.0000,0.0000,-0.5000
2026-05-25T20:53:36.625842,4986,-0.2000,0.0000,0.0000,-0.5000
2026-05-25T20:53:36.725956,4987,-0.2000,0.0000,0.0000,-0.5000
2026-05-25T20:53:36.826152,4988,-0.2000,0.0000,0.0000,-0.5000
2026-05-25T20:53:36.926227,4989,-0.2000,0.0000,0.0000,-0.5000
2026-05-25T20:53:37.026308,4990,-0.2000,0.0000,0.0000,-0.5000
2026-05-25T20:53:37.244835,4991,-0.2000,0.0000,0.0000,-0.5000
2026-05-25T20:53:37.344884,4992,-0.2000,0.0000,0.0000,-0.5000
2026-05-25T20:53:37.446211,4993,-0.2000,0.0000,0.0000,-0.5000
2026-05-25T20:53:37.545146,4994,-0.2000,0.0000,0.0000,-0.5000
2026-05-25T20:53:37.645270,4995,-0.2000,0.0000,0.0000,-0.5000
2026-05-25T20:53:37.745364,4996,-0.2000,0.0000,0.0000,-0.5000
2026-05-25T20:53:37.845881,4997,-0.2000,0.0000,0.0000,-0.5000
2026-05-25T20:53:37.946017,4998,-0.2000,0.0000,0.0000,-0.5000
2026-05-25T20:53:38.046161,4999,-0.2000,0.0000,0.0000,-0.5000
2026-05-25T20:53:38.146277,5000,-0.2000,0.0000,0.0000,-0.5000
2026-05-25T20:53:38.246365,5001,-0.2000,0.0000,0.0000,-0.5000
2026-05-25T20:53:38.484954,5002,-0.2000,0.0000,0.0000,-0.5000
2026-05-25T20:53:38.585086,5003,-0.2000,0.0000,0.0000,-0.5000
2026-05-25T20:53:38.685720,5004,-0.2000,0.0000,0.0000,-0.5000
2026-05-25T20:53:38.785867,5005,-0.2000,0.0000,0.0000,-0.5000
2026-05-25T20:53:38.886000,5006,-0.2000,0.0000,0.0000,-0.5000
2026-05-25T20:53:38.986120,5007,-0.2000,0.0000,0.0000,-0.5000
2026-05-25T20:53:39.086244,5008,-0.2000,0.0000,0.0000,-0.5000
2026-05-25T20:53:39.186393,5009,0.0000,0.0000,0.0000,0.5000
2026-05-25T20:53:39.286518,5010,0.0000,0.0000,0.0000,0.5000
2026-05-25T20:53:39.495493,5011,0.0000,0.0000,0.0000,0.5000
2026-05-25T20:53:39.595623,5012,0.0000,0.0000,0.0000,0.5000
2026-05-25T20:53:39.695783,5013,0.0000,0.0000,0.0000,0.5000
2026-05-25T20:53:39.795917,5014,0.0000,0.0000,0.0000,0.5000
2026-05-25T20:53:39.895978,5015,0.0000,0.0000,0.0000,0.5000
2026-05-25T20:53:39.997011,5016,0.0000,0.0000,0.0000,0.5000
2026-05-25T20:53:40.096257,5017,0.0000,0.0000,0.0000,0.5000
2026-05-25T20:53:40.196308,5018,0.0000,0.0000,0.0000,0.5000
2026-05-25T20:53:40.296453,5019,0.0000,0.0000,0.0000,0.5000
2026-05-25T20:53:40.504919,5020,0.0000,0.0000,0.0000,0.5000
2026-05-25T20:53:40.605025,5021,0.0000,0.0000,0.0000,0.5000
2026-05-25T20:53:40.705165,5022,0.0000,0.0000,0.0000,0.5000
2026-05-25T20:53:40.805248,5023,0.0000,0.0000,0.0000,0.5000
2026-05-25T20:53:40.905324,5024,0.0000,0.0000,0.0000,0.5000
2026-05-25T20:53:41.005485,5025,0.0000,0.0000,0.0000,0.5000
2026-05-25T20:53:41.105563,5026,0.0000,0.0000,0.0000,0.5000
2026-05-25T20:53:41.205717,5027,0.0000,0.0000,0.0000,0.5000
2026-05-25T20:53:41.305860,5028,0.0000,0.0000,0.0000,0.5000
2026-05-25T20:53:41.406020,5029,0.0000,0.0000,0.0000,0.5000
2026-05-25T20:53:41.506149,5030,0.0000,0.0000,0.0000,0.5000
2026-05-25T20:53:41.674885,5031,0.0000,0.0000,0.0000,0.5000
2026-05-25T20:53:41.775494,5032,0.0000,0.0000,0.0000,0.5000
2026-05-25T20:53:41.876334,5033,0.0000,0.0000,0.0000,0.5000
2026-05-25T20:53:41.976463,5034,0.0000,0.0000,0.0000,0.5000
2026-05-25T20:53:42.076585,5035,0.0000,0.0000,0.0000,0.5000
2026-05-25T20:53:42.178337,5036,0.0000,0.0000,0.0000,0.5000
2026-05-25T20:53:42.278473,5037,0.0000,0.0000,0.0000,0.5000
2026-05-25T20:53:42.378633,5038,0.0000,0.0000,0.0000,0.5000
2026-05-25T20:53:42.478741,5039,0.3000,0.0000,0.0000,0.0000
2026-05-25T20:53:42.578881,5040,0.3000,0.0000,0.0000,0.0000
2026-05-25T20:53:42.679009,5041,0.3000,0.0000,0.0000,0.0000
2026-05-25T20:53:42.965073,5042,0.3000,0.0000,0.0000,0.0000
2026-05-25T20:53:43.065054,5043,0.3000,0.0000,0.0000,0.0000
2026-05-25T20:53:43.165188,5044,0.3000,0.0000,0.0000,0.0000
2026-05-25T20:53:43.265303,5045,0.3000,0.0000,0.0000,0.0000
2026-05-25T20:53:43.365433,5046,0.3000,0.0000,0.0000,0.0000
2026-05-25T20:53:43.465544,5047,0.3000,0.0000,0.0000,0.0000
2026-05-25T20:53:43.565669,5048,0.3000,0.0000,0.0000,0.0000
2026-05-25T20:53:43.665877,5049,0.3000,0.0000,0.0000,0.0000
2026-05-25T20:53:43.766017,5050,0.3000,0.0000,0.0000,0.0000
2026-05-25T20:53:43.866144,5051,0.3000,0.0000,0.0000,0.0000
2026-05-25T20:53:43.966466,5052,0.3000,0.0000,0.0000,0.0000
2026-05-25T20:53:44.185138,5053,0.3000,0.0000,0.0000,0.0000
2026-05-25T20:53:44.285293,5054,0.3000,0.0000,0.0000,0.0000
2026-05-25T20:53:44.385285,5055,0.3000,0.0000,0.0000,0.0000
2026-05-25T20:53:44.485747,5056,0.3000,0.0000,0.0000,0.0000
2026-05-25T20:53:44.585509,5057,0.3000,0.0000,0.0000,0.0000
2026-05-25T20:53:44.685557,5058,0.3000,0.0000,0.0000,0.0000
2026-05-25T20:53:44.785727,5059,0.3000,0.0000,0.0000,0.0000
2026-05-25T20:53:44.885845,5060,0.3000,0.0000,0.0000,0.0000
2026-05-25T20:53:44.985978,5061,0.3000,0.0000,0.0000,0.0000
2026-05-25T20:53:45.165056,5062,0.3000,0.0000,0.0000,0.0000
2026-05-25T20:53:45.265140,5063,0.3000,0.0000,0.0000,0.0000
2026-05-25T20:53:45.365295,5064,0.3000,0.0000,0.0000,0.0000
2026-05-25T20:53:45.465329,5065,0.3000,0.0000,0.0000,0.0000
2026-05-25T20:53:45.565544,5066,0.3000,0.0000,0.0000,0.0000
2026-05-25T20:53:45.665743,5067,0.3000,0.0000,0.0000,0.0000
2026-05-25T20:53:45.765959,5068,0.3000,0.0000,0.0000,0.0000
2026-05-25T20:53:45.866360,5069,0.0000,0.0000,0.0000,-0.5000
2026-05-25T20:53:45.966350,5070,0.0000,0.0000,0.0000,-0.5000
2026-05-25T20:53:46.066404,5071,0.0000,0.0000,0.0000,-0.5000
2026-05-25T20:53:46.166490,5072,0.0000,0.0000,0.0000,-0.5000
2026-05-25T20:53:46.266597,5073,0.0000,0.0000,0.0000,-0.5000
2026-05-25T20:53:46.366762,5074,0.0000,0.0000,0.0000,-0.5000
2026-05-25T20:53:46.606221,5075,0.0000,0.0000,0.0000,-0.5000
2026-05-25T20:53:46.706147,5076,0.0000,0.0000,0.0000,-0.5000
2026-05-25T20:53:46.806204,5077,0.0000,0.0000,0.0000,-0.5000
2026-05-25T20:53:46.906326,5078,0.0000,0.0000,0.0000,-0.5000
2026-05-25T20:53:47.007330,5079,0.0000,0.0000,0.0000,-0.5000
2026-05-25T20:53:47.107367,5080,0.0000,0.0000,0.0000,-0.5000
2026-05-25T20:53:47.207431,5081,0.0000,0.0000,0.0000,-0.5000
2026-05-25T20:53:47.307608,5082,0.0000,0.0000,0.0000,-0.5000
2026-05-25T20:53:47.407723,5083,0.0000,0.0000,0.0000,-0.5000
2026-05-25T20:53:47.615837,5084,0.0000,0.0000,0.0000,-0.5000
2026-05-25T20:53:47.715172,5085,0.0000,0.0000,0.0000,-0.5000
2026-05-25T20:53:47.815258,5086,0.0000,0.0000,0.0000,-0.5000
2026-05-25T20:53:47.915391,5087,0.0000,0.0000,0.0000,-0.5000
2026-05-25T20:53:48.015505,5088,0.0000,0.0000,0.0000,-0.5000
2026-05-25T20:53:48.115553,5089,0.0000,0.0000,0.0000,-0.5000
2026-05-25T20:53:48.215772,5090,0.0000,0.0000,0.0000,-0.5000
2026-05-25T20:53:48.315614,5091,0.0000,0.0000,0.0000,-0.5000
2026-05-25T20:53:48.415707,5092,0.0000,0.0000,0.0000,-0.5000
2026-05-25T20:53:48.637309,5093,0.0000,0.0000,0.0000,-0.5000
2026-05-25T20:53:48.737565,5094,0.0000,0.0000,0.0000,-0.5000
2026-05-25T20:53:48.837571,5095,0.0000,0.0000,0.0000,-0.5000
2026-05-25T20:53:48.937786,5096,0.0000,0.0000,0.0000,-0.5000
2026-05-25T20:53:49.038553,5097,0.0000,0.0000,0.0000,-0.5000
2026-05-25T20:53:49.138322,5098,0.0000,0.0000,0.0000,-0.5000
2026-05-25T20:53:49.238560,5099,-0.2000,0.0000,0.0000,-0.5000
2026-05-25T20:53:49.339957,5100,-0.2000,0.0000,0.0000,-0.5000
2026-05-25T20:53:49.440391,5101,-0.2000,0.0000,0.0000,-0.5000
2026-05-25T20:53:49.645422,5102,-0.2000,0.0000,0.0000,-0.5000
2026-05-25T20:53:49.745230,5103,-0.2000,0.0000,0.0000,-0.5000
2026-05-25T20:53:49.845217,5104,-0.2000,0.0000,0.0000,-0.5000
2026-05-25T20:53:49.945358,5105,-0.2000,0.0000,0.0000,-0.5000
2026-05-25T20:53:50.045442,5106,-0.2000,0.0000,0.0000,-0.5000
2026-05-25T20:53:50.145499,5107,-0.2000,0.0000,0.0000,-0.5000
2026-05-25T20:53:50.245529,5108,-0.2000,0.0000,0.0000,-0.5000
2026-05-25T20:53:50.345573,5109,-0.2000,0.0000,0.0000,-0.5000
2026-05-25T20:53:50.445666,5110,-0.2000,0.0000,0.0000,-0.5000
2026-05-25T20:53:50.665058,5111,-0.2000,0.0000,0.0000,-0.5000
2026-05-25T20:53:50.765156,5112,-0.2000,0.0000,0.0000,-0.5000
2026-05-25T20:53:50.865289,5113,-0.2000,0.0000,0.0000,-0.5000
2026-05-25T20:53:50.965307,5114,-0.2000,0.0000,0.0000,-0.5000
2026-05-25T20:53:51.065429,5115,-0.2000,0.0000,0.0000,-0.5000
2026-05-25T20:53:51.165630,5116,-0.2000,0.0000,0.0000,-0.5000
2026-05-25T20:53:51.265701,5117,-0.2000,0.0000,0.0000,-0.5000
2026-05-25T20:53:51.367303,5118,-0.2000,0.0000,0.0000,-0.5000
2026-05-25T20:53:51.467462,5119,-0.2000,0.0000,0.0000,-0.5000
2026-05-25T20:53:51.567588,5120,-0.2000,0.0000,0.0000,-0.5000
2026-05-25T20:53:51.667714,5121,-0.2000,0.0000,0.0000,-0.5000
2026-05-25T20:53:51.885270,5122,-0.2000,0.0000,0.0000,-0.5000
2026-05-25T20:53:51.985381,5123,-0.2000,0.0000,0.0000,-0.5000
2026-05-25T20:53:52.085730,5124,-0.2000,0.0000,0.0000,-0.5000
2026-05-25T20:53:52.185655,5125,-0.2000,0.0000,0.0000,-0.5000
2026-05-25T20:53:52.285775,5126,-0.2000,0.0000,0.0000,-0.5000
2026-05-25T20:53:52.385911,5127,-0.2000,0.0000,0.0000,-0.5000
2026-05-25T20:53:52.486087,5128,-0.2000,0.0000,0.0000,-0.5000
2026-05-25T20:53:52.586188,5129,0.0000,0.0000,0.0000,0.5000
2026-05-25T20:53:52.686338,5130,0.0000,0.0000,0.0000,0.5000
2026-05-25T20:53:52.786476,5131,0.0000,0.0000,0.0000,0.5000
2026-05-25T20:53:52.886562,5132,0.0000,0.0000,0.0000,0.5000
2026-05-25T20:53:52.986716,5133,0.0000,0.0000,0.0000,0.5000
2026-05-25T20:53:53.086825,5134,0.0000,0.0000,0.0000,0.5000
2026-05-25T20:53:53.308306,5135,0.0000,0.0000,0.0000,0.5000
2026-05-25T20:53:53.408480,5136,0.0000,0.0000,0.0000,0.5000
2026-05-25T20:53:53.509364,5137,0.0000,0.0000,0.0000,0.5000
2026-05-25T20:53:53.609465,5138,0.0000,0.0000,0.0000,0.5000
2026-05-25T20:53:53.709568,5139,0.0000,0.0000,0.0000,0.5000
2026-05-25T20:53:53.809727,5140,0.0000,0.0000,0.0000,0.5000
2026-05-25T20:53:53.909858,5141,0.0000,0.0000,0.0000,0.5000
2026-05-25T20:53:54.010296,5142,0.0000,0.0000,0.0000,0.5000
2026-05-25T20:53:54.110129,5143,0.0000,0.0000,0.0000,0.5000
2026-05-25T20:53:54.345275,5144,0.0000,0.0000,0.0000,0.5000
2026-05-25T20:53:54.445351,5145,0.0000,0.0000,0.0000,0.5000
2026-05-25T20:53:54.545456,5146,0.0000,0.0000,0.0000,0.5000
2026-05-25T20:53:54.645607,5147,0.0000,0.0000,0.0000,0.5000
2026-05-25T20:53:54.745734,5148,0.0000,0.0000,0.0000,0.5000
2026-05-25T20:53:54.845894,5149,0.0000,0.0000,0.0000,0.5000
2026-05-25T20:53:54.946028,5150,0.0000,0.0000,0.0000,0.5000
2026-05-25T20:53:55.046188,5151,0.0000,0.0000,0.0000,0.5000
2026-05-25T20:53:55.146271,5152,0.0000,0.0000,0.0000,0.5000
2026-05-25T20:53:55.246348,5153,0.0000,0.0000,0.0000,0.5000
2026-05-25T20:53:55.346801,5154,0.0000,0.0000,0.0000,0.5000
2026-05-25T20:53:55.585186,5155,0.0000,0.0000,0.0000,0.5000
2026-05-25T20:53:55.686482,5156,0.0000,0.0000,0.0000,0.5000
2026-05-25T20:53:55.785376,5157,0.0000,0.0000,0.0000,0.5000
2026-05-25T20:53:55.885487,5158,0.0000,0.0000,0.0000,0.5000
2026-05-25T20:53:55.986368,5159,0.3000,0.0000,0.0000,0.0000
2026-05-25T20:53:56.087302,5160,0.3000,0.0000,0.0000,0.0000
2026-05-25T20:53:56.187399,5161,0.3000,0.0000,0.0000,0.0000
2026-05-25T20:53:56.287563,5162,0.3000,0.0000,0.0000,0.0000
2026-05-25T20:53:56.387684,5163,0.3000,0.0000,0.0000,0.0000
2026-05-25T20:53:56.487816,5164,0.3000,0.0000,0.0000,0.0000
2026-05-25T20:53:56.587970,5165,0.3000,0.0000,0.0000,0.0000
2026-05-25T20:53:56.795149,5166,0.3000,0.0000,0.0000,0.0000
2026-05-25T20:53:56.895282,5167,0.3000,0.0000,0.0000,0.0000
2026-05-25T20:53:56.995649,5168,0.3000,0.0000,0.0000,0.0000
2026-05-25T20:53:57.095795,5169,0.3000,0.0000,0.0000,0.0000
2026-05-25T20:53:57.196679,5170,0.3000,0.0000,0.0000,0.0000
2026-05-25T20:53:57.296781,5171,0.3000,0.0000,0.0000,0.0000
2026-05-25T20:53:57.396917,5172,0.3000,0.0000,0.0000,0.0000
2026-05-25T20:53:57.497120,5173,0.3000,0.0000,0.0000,0.0000
2026-05-25T20:53:57.597176,5174,0.3000,0.0000,0.0000,0.0000
2026-05-25T20:53:57.767393,5175,0.3000,0.0000,0.0000,0.0000
2026-05-25T20:53:57.867447,5176,0.3000,0.0000,0.0000,0.0000
2026-05-25T20:53:57.968519,5177,0.3000,0.0000,0.0000,0.0000
2026-05-25T20:53:58.068476,5178,0.3000,0.0000,0.0000,0.0000
2026-05-25T20:53:58.168629,5179,0.3000,0.0000,0.0000,0.0000
2026-05-25T20:53:58.268851,5180,0.3000,0.0000,0.0000,0.0000
2026-05-25T20:53:58.368861,5181,0.3000,0.0000,0.0000,0.0000
2026-05-25T20:53:58.469031,5182,0.3000,0.0000,0.0000,0.0000
2026-05-25T20:53:58.569121,5183,0.3000,0.0000,0.0000,0.0000
2026-05-25T20:53:58.885286,5184,0.3000,0.0000,0.0000,0.0000
2026-05-25T20:53:58.985390,5185,0.3000,0.0000,0.0000,0.0000
2026-05-25T20:53:59.085606,5186,0.3000,0.0000,0.0000,0.0000
2026-05-25T20:53:59.185910,5187,0.3000,0.0000,0.0000,0.0000
2026-05-25T20:53:59.285956,5188,0.3000,0.0000,0.0000,0.0000
2026-05-25T20:53:59.386152,5189,0.0000,0.0000,0.0000,-0.5000
2026-05-25T20:53:59.486216,5190,0.0000,0.0000,0.0000,-0.5000
2026-05-25T20:53:59.586358,5191,0.0000,0.0000,0.0000,-0.5000
2026-05-25T20:53:59.686453,5192,0.0000,0.0000,0.0000,-0.5000
2026-05-25T20:53:59.786641,5193,0.0000,0.0000,0.0000,-0.5000
2026-05-25T20:53:59.886743,5194,0.0000,0.0000,0.0000,-0.5000
2026-05-25T20:53:59.986873,5195,0.0000,0.0000,0.0000,-0.5000
2026-05-25T20:54:00.087153,5196,0.0000,0.0000,0.0000,-0.5000
2026-05-25T20:54:00.305358,5197,0.0000,0.0000,0.0000,-0.5000
2026-05-25T20:54:00.405362,5198,0.0000,0.0000,0.0000,-0.5000
2026-05-25T20:54:00.505736,5199,0.0000,0.0000,0.0000,-0.5000
2026-05-25T20:54:00.605593,5200,0.0000,0.0000,0.0000,-0.5000
2026-05-25T20:54:00.705756,5201,0.0000,0.0000,0.0000,-0.5000
2026-05-25T20:54:00.806135,5202,0.0000,0.0000,0.0000,-0.5000
2026-05-25T20:54:00.906040,5203,0.0000,0.0000,0.0000,-0.5000
2026-05-25T20:54:01.006131,5204,0.0000,0.0000,0.0000,-0.5000
2026-05-25T20:54:01.106308,5205,0.0000,0.0000,0.0000,-0.5000
2026-05-25T20:54:01.315573,5206,0.0000,0.0000,0.0000,-0.5000
2026-05-25T20:54:01.415981,5207,0.0000,0.0000,0.0000,-0.5000
2026-05-25T20:54:01.516115,5208,0.0000,0.0000,0.0000,-0.5000
2026-05-25T20:54:01.616269,5209,0.0000,0.0000,0.0000,-0.5000
2026-05-25T20:54:01.716374,5210,0.0000,0.0000,0.0000,-0.5000
2026-05-25T20:54:01.818302,5211,0.0000,0.0000,0.0000,-0.5000
2026-05-25T20:54:01.918449,5212,0.0000,0.0000,0.0000,-0.5000
2026-05-25T20:54:02.018576,5213,0.0000,0.0000,0.0000,-0.5000
2026-05-25T20:54:02.118731,5214,0.0000,0.0000,0.0000,-0.5000
2026-05-25T20:54:02.335714,5215,0.0000,0.0000,0.0000,-0.5000
2026-05-25T20:54:02.435845,5216,0.0000,0.0000,0.0000,-0.5000
2026-05-25T20:54:02.535971,5217,0.0000,0.0000,0.0000,-0.5000
2026-05-25T20:54:02.636117,5218,0.0000,0.0000,0.0000,-0.5000
2026-05-25T20:54:02.736221,5219,-0.2000,0.0000,0.0000,-0.5000
2026-05-25T20:54:02.836300,5220,-0.2000,0.0000,0.0000,-0.5000
2026-05-25T20:54:02.936468,5221,-0.2000,0.0000,0.0000,-0.5000
2026-05-25T20:54:03.036603,5222,-0.2000,0.0000,0.0000,-0.5000
2026-05-25T20:54:03.136719,5223,-0.2000,0.0000,0.0000,-0.5000
2026-05-25T20:54:03.236864,5224,-0.2000,0.0000,0.0000,-0.5000
2026-05-25T20:54:03.337032,5225,-0.2000,0.0000,0.0000,-0.5000
2026-05-25T20:54:03.568271,5226,-0.2000,0.0000,0.0000,-0.5000
2026-05-25T20:54:03.666485,5227,-0.2000,0.0000,0.0000,-0.5000
2026-05-25T20:54:03.766506,5228,-0.2000,0.0000,0.0000,-0.5000
2026-05-25T20:54:03.866587,5229,-0.2000,0.0000,0.0000,-0.5000
2026-05-25T20:54:03.967119,5230,-0.2000,0.0000,0.0000,-0.5000
2026-05-25T20:54:04.068314,5231,-0.2000,0.0000,0.0000,-0.5000
2026-05-25T20:54:04.168420,5232,-0.2000,0.0000,0.0000,-0.5000
2026-05-25T20:54:04.268590,5233,-0.2000,0.0000,0.0000,-0.5000
2026-05-25T20:54:04.368726,5234,-0.2000,0.0000,0.0000,-0.5000
2026-05-25T20:54:04.468859,5235,-0.2000,0.0000,0.0000,-0.5000
2026-05-25T20:54:04.568960,5236,-0.2000,0.0000,0.0000,-0.5000
2026-05-25T20:54:04.775363,5237,-0.2000,0.0000,0.0000,-0.5000
2026-05-25T20:54:04.875526,5238,-0.2000,0.0000,0.0000,-0.5000
2026-05-25T20:54:04.976029,5239,-0.2000,0.0000,0.0000,-0.5000
2026-05-25T20:54:05.075794,5240,-0.2000,0.0000,0.0000,-0.5000
2026-05-25T20:54:05.175928,5241,-0.2000,0.0000,0.0000,-0.5000
2026-05-25T20:54:05.276629,5242,-0.2000,0.0000,0.0000,-0.5000
2026-05-25T20:54:05.376737,5243,-0.2000,0.0000,0.0000,-0.5000
2026-05-25T20:54:05.476844,5244,-0.2000,0.0000,0.0000,-0.5000
2026-05-25T20:54:05.576955,5245,-0.2000,0.0000,0.0000,-0.5000
2026-05-25T20:54:05.785914,5246,-0.2000,0.0000,0.0000,-0.5000
2026-05-25T20:54:05.885474,5247,-0.2000,0.0000,0.0000,-0.5000
2026-05-25T20:54:05.985595,5248,-0.2000,0.0000,0.0000,-0.5000
2026-05-25T20:54:06.086325,5249,0.0000,0.0000,0.0000,0.5000
2026-05-25T20:54:06.186488,5250,0.0000,0.0000,0.0000,0.5000
2026-05-25T20:54:06.286606,5251,0.0000,0.0000,0.0000,0.5000
2026-05-25T20:54:06.386749,5252,0.0000,0.0000,0.0000,0.5000
2026-05-25T20:54:06.489861,5253,0.0000,0.0000,0.0000,0.5000
2026-05-25T20:54:06.590204,5254,0.0000,0.0000,0.0000,0.5000
2026-05-25T20:54:06.806046,5255,0.0000,0.0000,0.0000,0.5000
2026-05-25T20:54:06.905466,5256,0.0000,0.0000,0.0000,0.5000
2026-05-25T20:54:07.005605,5257,0.0000,0.0000,0.0000,0.5000
2026-05-25T20:54:07.105943,5258,0.0000,0.0000,0.0000,0.5000
2026-05-25T20:54:07.206118,5259,0.0000,0.0000,0.0000,0.5000
2026-05-25T20:54:07.306201,5260,0.0000,0.0000,0.0000,0.5000
2026-05-25T20:54:07.406139,5261,0.0000,0.0000,0.0000,0.5000
2026-05-25T20:54:07.506294,5262,0.0000,0.0000,0.0000,0.5000
2026-05-25T20:54:07.606304,5263,0.0000,0.0000,0.0000,0.5000
2026-05-25T20:54:07.815431,5264,0.0000,0.0000,0.0000,0.5000
2026-05-25T20:54:07.915539,5265,0.0000,0.0000,0.0000,0.5000
2026-05-25T20:54:08.015674,5266,0.0000,0.0000,0.0000,0.5000
2026-05-25T20:54:08.115800,5267,0.0000,0.0000,0.0000,0.5000
2026-05-25T20:54:08.215964,5268,0.0000,0.0000,0.0000,0.5000
2026-05-25T20:54:08.317311,5269,0.0000,0.0000,0.0000,0.5000
2026-05-25T20:54:08.417471,5270,0.0000,0.0000,0.0000,0.5000
2026-05-25T20:54:08.517585,5271,0.0000,0.0000,0.0000,0.5000
2026-05-25T20:54:08.617718,5272,0.0000,0.0000,0.0000,0.5000
2026-05-25T20:54:08.717864,5273,0.0000,0.0000,0.0000,0.5000
2026-05-25T20:54:08.818009,5274,0.0000,0.0000,0.0000,0.5000
2026-05-25T20:54:09.065436,5275,0.0000,0.0000,0.0000,0.5000
2026-05-25T20:54:09.165629,5276,0.0000,0.0000,0.0000,0.5000
2026-05-25T20:54:09.265809,5277,0.0000,0.0000,0.0000,0.5000
2026-05-25T20:54:09.365913,5278,0.0000,0.0000,0.0000,0.5000
2026-05-25T20:54:09.466019,5279,0.3000,0.0000,0.0000,0.0000
2026-05-25T20:54:09.566164,5280,0.3000,0.0000,0.0000,0.0000
2026-05-25T20:54:09.666293,5281,0.3000,0.0000,0.0000,0.0000
2026-05-25T20:54:09.766358,5282,0.3000,0.0000,0.0000,0.0000
2026-05-25T20:54:09.866450,5283,0.3000,0.0000,0.0000,0.0000
2026-05-25T20:54:09.966577,5284,0.3000,0.0000,0.0000,0.0000
2026-05-25T20:54:10.067328,5285,0.3000,0.0000,0.0000,0.0000
2026-05-25T20:54:10.166836,5286,0.3000,0.0000,0.0000,0.0000
2026-05-25T20:54:10.266988,5287,0.3000,0.0000,0.0000,0.0000
2026-05-25T20:54:10.495528,5288,0.3000,0.0000,0.0000,0.0000
2026-05-25T20:54:10.595578,5289,0.3000,0.0000,0.0000,0.0000
2026-05-25T20:54:10.695801,5290,0.3000,0.0000,0.0000,0.0000
2026-05-25T20:54:10.795805,5291,0.3000,0.0000,0.0000,0.0000
2026-05-25T20:54:10.896214,5292,0.3000,0.0000,0.0000,0.0000
2026-05-25T20:54:10.996522,5293,0.3000,0.0000,0.0000,0.0000
2026-05-25T20:54:11.097880,5294,0.3000,0.0000,0.0000,0.0000
2026-05-25T20:54:11.197377,5295,0.3000,0.0000,0.0000,0.0000
2026-05-25T20:54:11.297543,5296,0.3000,0.0000,0.0000,0.0000
2026-05-25T20:54:11.515626,5297,0.3000,0.0000,0.0000,0.0000
2026-05-25T20:54:11.616047,5298,0.3000,0.0000,0.0000,0.0000
2026-05-25T20:54:11.715823,5299,0.3000,0.0000,0.0000,0.0000
2026-05-25T20:54:11.816132,5300,0.3000,0.0000,0.0000,0.0000
2026-05-25T20:54:11.916064,5301,0.3000,0.0000,0.0000,0.0000
2026-05-25T20:54:12.016135,5302,0.3000,0.0000,0.0000,0.0000
2026-05-25T20:54:12.116300,5303,0.3000,0.0000,0.0000,0.0000
2026-05-25T20:54:12.216321,5304,0.3000,0.0000,0.0000,0.0000
2026-05-25T20:54:12.316399,5305,0.3000,0.0000,0.0000,0.0000
2026-05-25T20:54:12.416443,5306,0.3000,0.0000,0.0000,0.0000
2026-05-25T20:54:12.516524,5307,0.3000,0.0000,0.0000,0.0000
2026-05-25T20:54:12.735579,5308,0.3000,0.0000,0.0000,0.0000
2026-05-25T20:54:12.835614,5309,0.0000,0.0000,0.0000,-0.5000
2026-05-25T20:54:12.935725,5310,0.0000,0.0000,0.0000,-0.5000
2026-05-25T20:54:13.035719,5311,0.0000,0.0000,0.0000,-0.5000
2026-05-25T20:54:13.135914,5312,0.0000,0.0000,0.0000,-0.5000
2026-05-25T20:54:13.235970,5313,0.0000,0.0000,0.0000,-0.5000
2026-05-25T20:54:13.336080,5314,0.0000,0.0000,0.0000,-0.5000
2026-05-25T20:54:13.436011,5315,0.0000,0.0000,0.0000,-0.5000
2026-05-25T20:54:13.536144,5316,0.0000,0.0000,0.0000,-0.5000
2026-05-25T20:54:13.636196,5317,0.0000,0.0000,0.0000,-0.5000
2026-05-25T20:54:13.736234,5318,0.0000,0.0000,0.0000,-0.5000
2026-05-25T20:54:13.955536,5319,0.0000,0.0000,0.0000,-0.5000
2026-05-25T20:54:14.055581,5320,0.0000,0.0000,0.0000,-0.5000
2026-05-25T20:54:14.155687,5321,0.0000,0.0000,0.0000,-0.5000
2026-05-25T20:54:14.255838,5322,0.0000,0.0000,0.0000,-0.5000
2026-05-25T20:54:14.355819,5323,0.0000,0.0000,0.0000,-0.5000
2026-05-25T20:54:14.455999,5324,0.0000,0.0000,0.0000,-0.5000
2026-05-25T20:54:14.555945,5325,0.0000,0.0000,0.0000,-0.5000
2026-05-25T20:54:14.656045,5326,0.0000,0.0000,0.0000,-0.5000
2026-05-25T20:54:14.756145,5327,0.0000,0.0000,0.0000,-0.5000
2026-05-25T20:54:14.856223,5328,0.0000,0.0000,0.0000,-0.5000
2026-05-25T20:54:14.956429,5329,0.0000,0.0000,0.0000,-0.5000
2026-05-25T20:54:15.187009,5330,0.0000,0.0000,0.0000,-0.5000
2026-05-25T20:54:15.287071,5331,0.0000,0.0000,0.0000,-0.5000
2026-05-25T20:54:15.387114,5332,0.0000,0.0000,0.0000,-0.5000
2026-05-25T20:54:15.487208,5333,0.0000,0.0000,0.0000,-0.5000
2026-05-25T20:54:15.587318,5334,0.0000,0.0000,0.0000,-0.5000
2026-05-25T20:54:15.687438,5335,0.0000,0.0000,0.0000,-0.5000
2026-05-25T20:54:15.787726,5336,0.0000,0.0000,0.0000,-0.5000
2026-05-25T20:54:15.889866,5337,0.0000,0.0000,0.0000,-0.5000
2026-05-25T20:54:15.987971,5338,0.0000,0.0000,0.0000,-0.5000
2026-05-25T20:54:16.088097,5339,-0.2000,0.0000,0.0000,-0.5000
2026-05-25T20:54:16.188340,5340,-0.2000,0.0000,0.0000,-0.5000
2026-05-25T20:54:16.405581,5341,-0.2000,0.0000,0.0000,-0.5000
2026-05-25T20:54:16.505741,5342,-0.2000,0.0000,0.0000,-0.5000
2026-05-25T20:54:16.605851,5343,-0.2000,0.0000,0.0000,-0.5000
2026-05-25T20:54:16.706000,5344,-0.2000,0.0000,0.0000,-0.5000
2026-05-25T20:54:16.806087,5345,-0.2000,0.0000,0.0000,-0.5000
2026-05-25T20:54:16.906253,5346,-0.2000,0.0000,0.0000,-0.5000
2026-05-25T20:54:17.008317,5347,-0.2000,0.0000,0.0000,-0.5000
2026-05-25T20:54:17.108560,5348,-0.2000,0.0000,0.0000,-0.5000
2026-05-25T20:54:17.208561,5349,-0.2000,0.0000,0.0000,-0.5000
2026-05-25T20:54:17.425621,5350,-0.2000,0.0000,0.0000,-0.5000
2026-05-25T20:54:17.525715,5351,-0.2000,0.0000,0.0000,-0.5000
2026-05-25T20:54:17.625987,5352,-0.2000,0.0000,0.0000,-0.5000
2026-05-25T20:54:17.725987,5353,-0.2000,0.0000,0.0000,-0.5000
2026-05-25T20:54:17.826134,5354,-0.2000,0.0000,0.0000,-0.5000
2026-05-25T20:54:17.926288,5355,-0.2000,0.0000,0.0000,-0.5000
2026-05-25T20:54:18.026354,5356,-0.2000,0.0000,0.0000,-0.5000
2026-05-25T20:54:18.126446,5357,-0.2000,0.0000,0.0000,-0.5000
2026-05-25T20:54:18.226572,5358,-0.2000,0.0000,0.0000,-0.5000
2026-05-25T20:54:18.326697,5359,-0.2000,0.0000,0.0000,-0.5000
2026-05-25T20:54:18.426855,5360,-0.2000,0.0000,0.0000,-0.5000
2026-05-25T20:54:18.635708,5361,-0.2000,0.0000,0.0000,-0.5000
2026-05-25T20:54:18.735758,5362,-0.2000,0.0000,0.0000,-0.5000
2026-05-25T20:54:18.837639,5363,-0.2000,0.0000,0.0000,-0.5000
2026-05-25T20:54:18.938510,5364,-0.2000,0.0000,0.0000,-0.5000
2026-05-25T20:54:19.038632,5365,-0.2000,0.0000,0.0000,-0.5000
2026-05-25T20:54:19.140026,5366,-0.2000,0.0000,0.0000,-0.5000
2026-05-25T20:54:19.240185,5367,-0.2000,0.0000,0.0000,-0.5000
2026-05-25T20:54:19.340297,5368,-0.2000,0.0000,0.0000,-0.5000
2026-05-25T20:54:19.440332,5369,0.0000,0.0000,0.0000,0.5000
2026-05-25T20:54:19.645683,5370,0.0000,0.0000,0.0000,0.5000
2026-05-25T20:54:19.745793,5371,0.0000,0.0000,0.0000,0.5000
2026-05-25T20:54:19.845919,5372,0.0000,0.0000,0.0000,0.5000
2026-05-25T20:54:19.946907,5373,0.0000,0.0000,0.0000,0.5000
2026-05-25T20:54:20.047053,5374,0.0000,0.0000,0.0000,0.5000
2026-05-25T20:54:20.147149,5375,0.0000,0.0000,0.0000,0.5000
2026-05-25T20:54:20.247333,5376,0.0000,0.0000,0.0000,0.5000
2026-05-25T20:54:20.347459,5377,0.0000,0.0000,0.0000,0.5000
2026-05-25T20:54:20.447536,5378,0.0000,0.0000,0.0000,0.5000
2026-05-25T20:54:20.547856,5379,0.0000,0.0000,0.0000,0.5000
2026-05-25T20:54:20.647808,5380,0.0000,0.0000,0.0000,0.5000
2026-05-25T20:54:20.855692,5381,0.0000,0.0000,0.0000,0.5000
2026-05-25T20:54:20.955715,5382,0.0000,0.0000,0.0000,0.5000
2026-05-25T20:54:21.055904,5383,0.0000,0.0000,0.0000,0.5000
2026-05-25T20:54:21.156056,5384,0.0000,0.0000,0.0000,0.5000
2026-05-25T20:54:21.256232,5385,0.0000,0.0000,0.0000,0.5000
2026-05-25T20:54:21.357310,5386,0.0000,0.0000,0.0000,0.5000
2026-05-25T20:54:21.457443,5387,0.0000,0.0000,0.0000,0.5000
2026-05-25T20:54:21.557643,5388,0.0000,0.0000,0.0000,0.5000
2026-05-25T20:54:21.657703,5389,0.0000,0.0000,0.0000,0.5000
2026-05-25T20:54:21.758368,5390,0.0000,0.0000,0.0000,0.5000
2026-05-25T20:54:21.858498,5391,0.0000,0.0000,0.0000,0.5000
2026-05-25T20:54:21.958742,5392,0.0000,0.0000,0.0000,0.5000
2026-05-25T20:54:22.058730,5393,0.0000,0.0000,0.0000,0.5000
2026-05-25T20:54:22.159982,5394,0.0000,0.0000,0.0000,0.5000
2026-05-25T20:54:22.260121,5395,0.0000,0.0000,0.0000,0.5000
2026-05-25T20:54:22.565817,5396,0.0000,0.0000,0.0000,0.5000
2026-05-25T20:54:22.665924,5397,0.0000,0.0000,0.0000,0.5000
2026-05-25T20:54:22.765978,5398,0.0000,0.0000,0.0000,0.5000
2026-05-25T20:54:22.866452,5399,0.3000,0.0000,0.0000,0.0000
2026-05-25T20:54:22.966417,5400,0.3000,0.0000,0.0000,0.0000
2026-05-25T20:54:23.066341,5401,0.3000,0.0000,0.0000,0.0000
2026-05-25T20:54:23.166464,5402,0.3000,0.0000,0.0000,0.0000
2026-05-25T20:54:23.266580,5403,0.3000,0.0000,0.0000,0.0000
2026-05-25T20:54:23.366729,5404,0.3000,0.0000,0.0000,0.0000
2026-05-25T20:54:23.467048,5405,0.3000,0.0000,0.0000,0.0000
2026-05-25T20:54:23.567384,5406,0.3000,0.0000,0.0000,0.0000
2026-05-25T20:54:23.848080,5407,0.3000,0.0000,0.0000,0.0000
2026-05-25T20:54:23.947216,5408,0.3000,0.0000,0.0000,0.0000
2026-05-25T20:54:24.047263,5409,0.3000,0.0000,0.0000,0.0000
2026-05-25T20:54:24.147329,5410,0.3000,0.0000,0.0000,0.0000
2026-05-25T20:54:24.247677,5411,0.3000,0.0000,0.0000,0.0000
2026-05-25T20:54:24.347573,5412,0.3000,0.0000,0.0000,0.0000
2026-05-25T20:54:24.447716,5413,0.3000,0.0000,0.0000,0.0000
2026-05-25T20:54:24.547931,5414,0.3000,0.0000,0.0000,0.0000
2026-05-25T20:54:24.648011,5415,0.3000,0.0000,0.0000,0.0000
2026-05-25T20:54:24.748103,5416,0.3000,0.0000,0.0000,0.0000
2026-05-25T20:54:24.851259,5417,0.3000,0.0000,0.0000,0.0000
2026-05-25T20:54:25.065924,5418,0.3000,0.0000,0.0000,0.0000
2026-05-25T20:54:25.165989,5419,0.3000,0.0000,0.0000,0.0000
2026-05-25T20:54:25.266158,5420,0.3000,0.0000,0.0000,0.0000
2026-05-25T20:54:25.366228,5421,0.3000,0.0000,0.0000,0.0000
2026-05-25T20:54:25.466316,5422,0.3000,0.0000,0.0000,0.0000
2026-05-25T20:54:25.566490,5423,0.3000,0.0000,0.0000,0.0000
2026-05-25T20:54:25.666571,5424,0.3000,0.0000,0.0000,0.0000
2026-05-25T20:54:25.766675,5425,0.3000,0.0000,0.0000,0.0000
2026-05-25T20:54:25.866870,5426,0.3000,0.0000,0.0000,0.0000
2026-05-25T20:54:26.025869,5427,0.3000,0.0000,0.0000,0.0000
2026-05-25T20:54:26.125954,5428,0.3000,0.0000,0.0000,0.0000
2026-05-25T20:54:26.226059,5429,0.0000,0.0000,0.0000,-0.5000
2026-05-25T20:54:26.326257,5430,0.0000,0.0000,0.0000,-0.5000
2026-05-25T20:54:26.426332,5431,0.0000,0.0000,0.0000,-0.5000
2026-05-25T20:54:26.526438,5432,0.0000,0.0000,0.0000,-0.5000
2026-05-25T20:54:26.626629,5433,0.0000,0.0000,0.0000,-0.5000
2026-05-25T20:54:26.726695,5434,0.0000,0.0000,0.0000,-0.5000
2026-05-25T20:54:26.826849,5435,0.0000,0.0000,0.0000,-0.5000
2026-05-25T20:54:27.145943,5436,0.0000,0.0000,0.0000,-0.5000
2026-05-25T20:54:27.245981,5437,0.0000,0.0000,0.0000,-0.5000
2026-05-25T20:54:27.346098,5438,0.0000,0.0000,0.0000,-0.5000
2026-05-25T20:54:27.446214,5439,0.0000,0.0000,0.0000,-0.5000
2026-05-25T20:54:27.546344,5440,0.0000,0.0000,0.0000,-0.5000
2026-05-25T20:54:27.646453,5441,0.0000,0.0000,0.0000,-0.5000
2026-05-25T20:54:27.746568,5442,0.0000,0.0000,0.0000,-0.5000
2026-05-25T20:54:27.846671,5443,0.0000,0.0000,0.0000,-0.5000
2026-05-25T20:54:27.946868,5444,0.0000,0.0000,0.0000,-0.5000
2026-05-25T20:54:28.046935,5445,0.0000,0.0000,0.0000,-0.5000
2026-05-25T20:54:28.147082,5446,0.0000,0.0000,0.0000,-0.5000
2026-05-25T20:54:28.247221,5447,0.0000,0.0000,0.0000,-0.5000
2026-05-25T20:54:28.347312,5448,0.0000,0.0000,0.0000,-0.5000
2026-05-25T20:54:28.569489,5449,0.0000,0.0000,0.0000,-0.5000
2026-05-25T20:54:28.669510,5450,0.0000,0.0000,0.0000,-0.5000
2026-05-25T20:54:28.769559,5451,0.0000,0.0000,0.0000,-0.5000
2026-05-25T20:54:28.872312,5452,0.0000,0.0000,0.0000,-0.5000
2026-05-25T20:54:28.972460,5453,0.0000,0.0000,0.0000,-0.5000
2026-05-25T20:54:29.072632,5454,0.0000,0.0000,0.0000,-0.5000
2026-05-25T20:54:29.172742,5455,0.0000,0.0000,0.0000,-0.5000
2026-05-25T20:54:29.272900,5456,0.0000,0.0000,0.0000,-0.5000
2026-05-25T20:54:29.372987,5457,0.0000,0.0000,0.0000,-0.5000
2026-05-25T20:54:29.586089,5458,0.0000,0.0000,0.0000,-0.5000
2026-05-25T20:54:29.686167,5459,-0.2000,0.0000,0.0000,-0.5000
2026-05-25T20:54:29.786270,5460,-0.2000,0.0000,0.0000,-0.5000
2026-05-25T20:54:29.886373,5461,-0.2000,0.0000,0.0000,-0.5000
2026-05-25T20:54:29.986731,5462,-0.2000,0.0000,0.0000,-0.5000
2026-05-25T20:54:30.086602,5463,-0.2000,0.0000,0.0000,-0.5000
2026-05-25T20:54:30.186684,5464,-0.2000,0.0000,0.0000,-0.5000
2026-05-25T20:54:30.286904,5465,-0.2000,0.0000,0.0000,-0.5000
2026-05-25T20:54:30.386980,5466,-0.2000,0.0000,0.0000,-0.5000
2026-05-25T20:54:30.487115,5467,-0.2000,0.0000,0.0000,-0.5000
2026-05-25T20:54:30.587289,5468,-0.2000,0.0000,0.0000,-0.5000
2026-05-25T20:54:30.816001,5469,-0.2000,0.0000,0.0000,-0.5000
2026-05-25T20:54:30.916084,5470,-0.2000,0.0000,0.0000,-0.5000
2026-05-25T20:54:31.016202,5471,-0.2000,0.0000,0.0000,-0.5000
2026-05-25T20:54:31.116318,5472,-0.2000,0.0000,0.0000,-0.5000
2026-05-25T20:54:31.216304,5473,-0.2000,0.0000,0.0000,-0.5000
2026-05-25T20:54:31.316433,5474,-0.2000,0.0000,0.0000,-0.5000
2026-05-25T20:54:31.416575,5475,-0.2000,0.0000,0.0000,-0.5000
2026-05-25T20:54:31.517504,5476,-0.2000,0.0000,0.0000,-0.5000
2026-05-25T20:54:31.618322,5477,-0.2000,0.0000,0.0000,-0.5000
2026-05-25T20:54:31.719178,5478,-0.2000,0.0000,0.0000,-0.5000
2026-05-25T20:54:31.818467,5479,-0.2000,0.0000,0.0000,-0.5000
2026-05-25T20:54:32.025898,5480,-0.2000,0.0000,0.0000,-0.5000
2026-05-25T20:54:32.126074,5481,-0.2000,0.0000,0.0000,-0.5000
2026-05-25T20:54:32.226176,5482,-0.2000,0.0000,0.0000,-0.5000
2026-05-25T20:54:32.326274,5483,-0.2000,0.0000,0.0000,-0.5000
2026-05-25T20:54:32.426488,5484,-0.2000,0.0000,0.0000,-0.5000
2026-05-25T20:54:32.526703,5485,-0.2000,0.0000,0.0000,-0.5000
2026-05-25T20:54:32.626670,5486,-0.2000,0.0000,0.0000,-0.5000
2026-05-25T20:54:32.727218,5487,-0.2000,0.0000,0.0000,-0.5000
2026-05-25T20:54:32.827204,5488,-0.2000,0.0000,0.0000,-0.5000
2026-05-25T20:54:32.927309,5489,0.0000,0.0000,0.0000,0.5000
2026-05-25T20:54:33.027367,5490,0.0000,0.0000,0.0000,0.5000
2026-05-25T20:54:33.285944,5491,0.0000,0.0000,0.0000,0.5000
2026-05-25T20:54:33.386099,5492,0.0000,0.0000,0.0000,0.5000
2026-05-25T20:54:33.486243,5493,0.0000,0.0000,0.0000,0.5000
2026-05-25T20:54:33.587306,5494,0.0000,0.0000,0.0000,0.5000
2026-05-25T20:54:33.687455,5495,0.0000,0.0000,0.0000,0.5000
2026-05-25T20:54:33.787555,5496,0.0000,0.0000,0.0000,0.5000
2026-05-25T20:54:33.887703,5497,0.0000,0.0000,0.0000,0.5000
2026-05-25T20:54:33.987891,5498,0.0000,0.0000,0.0000,0.5000
2026-05-25T20:54:34.088139,5499,0.0000,0.0000,0.0000,0.5000
2026-05-25T20:54:34.206107,5500,0.0000,0.0000,0.0000,0.5000
2026-05-25T20:54:34.316071,5501,0.0000,0.0000,0.0000,0.5000
2026-05-25T20:54:34.416063,5502,0.0000,0.0000,0.0000,0.5000
2026-05-25T20:54:34.516210,5503,0.0000,0.0000,0.0000,0.5000
2026-05-25T20:54:34.616503,5504,0.0000,0.0000,0.0000,0.5000
2026-05-25T20:54:34.716451,5505,0.0000,0.0000,0.0000,0.5000
2026-05-25T20:54:34.816556,5506,0.0000,0.0000,0.0000,0.5000
2026-05-25T20:54:34.916912,5507,0.0000,0.0000,0.0000,0.5000
2026-05-25T20:54:35.016806,5508,0.0000,0.0000,0.0000,0.5000
2026-05-25T20:54:35.117095,5509,0.0000,0.0000,0.0000,0.5000
2026-05-25T20:54:35.217110,5510,0.0000,0.0000,0.0000,0.5000
2026-05-25T20:54:35.317175,5511,0.0000,0.0000,0.0000,0.5000
2026-05-25T20:54:35.526011,5512,0.0000,0.0000,0.0000,0.5000
2026-05-25T20:54:35.626116,5513,0.0000,0.0000,0.0000,0.5000
2026-05-25T20:54:35.726207,5514,0.0000,0.0000,0.0000,0.5000
2026-05-25T20:54:35.826278,5515,0.0000,0.0000,0.0000,0.5000
2026-05-25T20:54:35.926476,5516,0.0000,0.0000,0.0000,0.5000
2026-05-25T20:54:36.026549,5517,0.0000,0.0000,0.0000,0.5000
2026-05-25T20:54:36.126722,5518,0.0000,0.0000,0.0000,0.5000
2026-05-25T20:54:36.226845,5519,0.3000,0.0000,0.0000,0.0000
2026-05-25T20:54:36.326934,5520,0.3000,0.0000,0.0000,0.0000
2026-05-25T20:54:36.427106,5521,0.3000,0.0000,0.0000,0.0000
2026-05-25T20:54:36.527232,5522,0.3000,0.0000,0.0000,0.0000
2026-05-25T20:54:36.736050,5523,0.3000,0.0000,0.0000,0.0000
2026-05-25T20:54:36.836165,5524,0.3000,0.0000,0.0000,0.0000
2026-05-25T20:54:36.936283,5525,0.3000,0.0000,0.0000,0.0000
2026-05-25T20:54:37.036314,5526,0.3000,0.0000,0.0000,0.0000
2026-05-25T20:54:37.136394,5527,0.3000,0.0000,0.0000,0.0000
2026-05-25T20:54:37.236623,5528,0.3000,0.0000,0.0000,0.0000
2026-05-25T20:54:37.336756,5529,0.3000,0.0000,0.0000,0.0000
2026-05-25T20:54:37.436971,5530,0.3000,0.0000,0.0000,0.0000
2026-05-25T20:54:37.536751,5531,0.3000,0.0000,0.0000,0.0000
2026-05-25T20:54:37.636924,5532,0.3000,0.0000,0.0000,0.0000
2026-05-25T20:54:37.736816,5533,0.3000,0.0000,0.0000,0.0000
2026-05-25T20:54:37.976381,5534,0.3000,0.0000,0.0000,0.0000
2026-05-25T20:54:38.076315,5535,0.3000,0.0000,0.0000,0.0000
2026-05-25T20:54:38.177862,5536,0.3000,0.0000,0.0000,0.0000
2026-05-25T20:54:38.277850,5537,0.3000,0.0000,0.0000,0.0000
2026-05-25T20:54:38.377969,5538,0.3000,0.0000,0.0000,0.0000
2026-05-25T20:54:38.478084,5539,0.3000,0.0000,0.0000,0.0000
2026-05-25T20:54:38.578164,5540,0.3000,0.0000,0.0000,0.0000
2026-05-25T20:54:38.678328,5541,0.3000,0.0000,0.0000,0.0000
2026-05-25T20:54:38.778327,5542,0.3000,0.0000,0.0000,0.0000
2026-05-25T20:54:38.986393,5543,0.3000,0.0000,0.0000,0.0000
2026-05-25T20:54:39.086477,5544,0.3000,0.0000,0.0000,0.0000
2026-05-25T20:54:39.186626,5545,0.3000,0.0000,0.0000,0.0000
2026-05-25T20:54:39.287349,5546,0.3000,0.0000,0.0000,0.0000
2026-05-25T20:54:39.387419,5547,0.3000,0.0000,0.0000,0.0000
2026-05-25T20:54:39.487676,5548,0.3000,0.0000,0.0000,0.0000
2026-05-25T20:54:39.587721,5549,0.0000,0.0000,0.0000,-0.5000
2026-05-25T20:54:39.687798,5550,0.0000,0.0000,0.0000,-0.5000
2026-05-25T20:54:39.787957,5551,0.0000,0.0000,0.0000,-0.5000
2026-05-25T20:54:40.006089,5552,0.0000,0.0000,0.0000,-0.5000
2026-05-25T20:54:40.106413,5553,0.0000,0.0000,0.0000,-0.5000
2026-05-25T20:54:40.206320,5554,0.0000,0.0000,0.0000,-0.5000
2026-05-25T20:54:40.307310,5555,0.0000,0.0000,0.0000,-0.5000
2026-05-25T20:54:40.407484,5556,0.0000,0.0000,0.0000,-0.5000
2026-05-25T20:54:40.507586,5557,0.0000,0.0000,0.0000,-0.5000
2026-05-25T20:54:40.607688,5558,0.0000,0.0000,0.0000,-0.5000
2026-05-25T20:54:40.707827,5559,0.0000,0.0000,0.0000,-0.5000
2026-05-25T20:54:40.807947,5560,0.0000,0.0000,0.0000,-0.5000
2026-05-25T20:54:40.908062,5561,0.0000,0.0000,0.0000,-0.5000
2026-05-25T20:54:41.008233,5562,0.0000,0.0000,0.0000,-0.5000
2026-05-25T20:54:41.136124,5563,0.0000,0.0000,0.0000,-0.5000
2026-05-25T20:54:41.236323,5564,0.0000,0.0000,0.0000,-0.5000
2026-05-25T20:54:41.336338,5565,0.0000,0.0000,0.0000,-0.5000
2026-05-25T20:54:41.437331,5566,0.0000,0.0000,0.0000,-0.5000
2026-05-25T20:54:41.537367,5567,0.0000,0.0000,0.0000,-0.5000
2026-05-25T20:54:41.637506,5568,0.0000,0.0000,0.0000,-0.5000
2026-05-25T20:54:41.737652,5569,0.0000,0.0000,0.0000,-0.5000
2026-05-25T20:54:42.026182,5570,0.0000,0.0000,0.0000,-0.5000
2026-05-25T20:54:42.126180,5571,0.0000,0.0000,0.0000,-0.5000
2026-05-25T20:54:42.226333,5572,0.0000,0.0000,0.0000,-0.5000
2026-05-25T20:54:42.326411,5573,0.0000,0.0000,0.0000,-0.5000
2026-05-25T20:54:42.426862,5574,0.0000,0.0000,0.0000,-0.5000
2026-05-25T20:54:42.527008,5575,0.0000,0.0000,0.0000,-0.5000
2026-05-25T20:54:42.627115,5576,0.0000,0.0000,0.0000,-0.5000
2026-05-25T20:54:42.727221,5577,0.0000,0.0000,0.0000,-0.5000
2026-05-25T20:54:42.827336,5578,0.0000,0.0000,0.0000,-0.5000
2026-05-25T20:54:42.927424,5579,-0.2000,0.0000,0.0000,-0.5000
2026-05-25T20:54:43.027583,5580,-0.2000,0.0000,0.0000,-0.5000
2026-05-25T20:54:43.127828,5581,-0.2000,0.0000,0.0000,-0.5000
2026-05-25T20:54:43.228269,5582,-0.2000,0.0000,0.0000,-0.5000
2026-05-25T20:54:43.496799,5583,-0.2000,0.0000,0.0000,-0.5000
2026-05-25T20:54:43.596949,5584,-0.2000,0.0000,0.0000,-0.5000
2026-05-25T20:54:43.696954,5585,-0.2000,0.0000,0.0000,-0.5000
2026-05-25T20:54:43.797030,5586,-0.2000,0.0000,0.0000,-0.5000
2026-05-25T20:54:43.897625,5587,-0.2000,0.0000,0.0000,-0.5000
2026-05-25T20:54:44.021490,5588,-0.2000,0.0000,0.0000,-0.5000
2026-05-25T20:54:44.121573,5589,-0.2000,0.0000,0.0000,-0.5000
2026-05-25T20:54:44.222347,5590,-0.2000,0.0000,0.0000,-0.5000
2026-05-25T20:54:44.322456,5591,-0.2000,0.0000,0.0000,-0.5000
2026-05-25T20:54:44.422662,5592,-0.2000,0.0000,0.0000,-0.5000
2026-05-25T20:54:44.736389,5593,-0.2000,0.0000,0.0000,-0.5000
2026-05-25T20:54:44.836458,5594,-0.2000,0.0000,0.0000,-0.5000
2026-05-25T20:54:44.936498,5595,-0.2000,0.0000,0.0000,-0.5000
2026-05-25T20:54:45.037403,5596,-0.2000,0.0000,0.0000,-0.5000
2026-05-25T20:54:45.137447,5597,-0.2000,0.0000,0.0000,-0.5000
2026-05-25T20:54:45.237611,5598,-0.2000,0.0000,0.0000,-0.5000
2026-05-25T20:54:45.337722,5599,-0.2000,0.0000,0.0000,-0.5000
2026-05-25T20:54:45.437868,5600,-0.2000,0.0000,0.0000,-0.5000
2026-05-25T20:54:45.537991,5601,-0.2000,0.0000,0.0000,-0.5000
2026-05-25T20:54:45.638159,5602,-0.2000,0.0000,0.0000,-0.5000
2026-05-25T20:54:45.738189,5603,-0.2000,0.0000,0.0000,-0.5000
2026-05-25T20:54:45.948393,5604,-0.2000,0.0000,0.0000,-0.5000
2026-05-25T20:54:46.048503,5605,-0.2000,0.0000,0.0000,-0.5000
2026-05-25T20:54:46.148557,5606,-0.2000,0.0000,0.0000,-0.5000
2026-05-25T20:54:46.249303,5607,-0.2000,0.0000,0.0000,-0.5000
2026-05-25T20:54:46.349461,5608,-0.2000,0.0000,0.0000,-0.5000
2026-05-25T20:54:46.449538,5609,0.0000,0.0000,0.0000,0.5000
2026-05-25T20:54:46.549639,5610,0.0000,0.0000,0.0000,0.5000
2026-05-25T20:54:46.649849,5611,0.0000,0.0000,0.0000,0.5000
2026-05-25T20:54:46.749932,5612,0.0000,0.0000,0.0000,0.5000
2026-05-25T20:54:46.850085,5613,0.0000,0.0000,0.0000,0.5000
2026-05-25T20:54:46.950189,5614,0.0000,0.0000,0.0000,0.5000
2026-05-25T20:54:47.166270,5615,0.0000,0.0000,0.0000,0.5000
2026-05-25T20:54:47.266282,5616,0.0000,0.0000,0.0000,0.5000
2026-05-25T20:54:47.367328,5617,0.0000,0.0000,0.0000,0.5000
2026-05-25T20:54:47.467400,5618,0.0000,0.0000,0.0000,0.5000
2026-05-25T20:54:47.567504,5619,0.0000,0.0000,0.0000,0.5000
2026-05-25T20:54:47.667704,5620,0.0000,0.0000,0.0000,0.5000
2026-05-25T20:54:47.767777,5621,0.0000,0.0000,0.0000,0.5000
2026-05-25T20:54:47.867916,5622,0.0000,0.0000,0.0000,0.5000
2026-05-25T20:54:47.968372,5623,0.0000,0.0000,0.0000,0.5000
2026-05-25T20:54:48.068437,5624,0.0000,0.0000,0.0000,0.5000
2026-05-25T20:54:48.168608,5625,0.0000,0.0000,0.0000,0.5000
2026-05-25T20:54:48.268755,5626,0.0000,0.0000,0.0000,0.5000
2026-05-25T20:54:48.368879,5627,0.0000,0.0000,0.0000,0.5000
2026-05-25T20:54:48.586311,5628,0.0000,0.0000,0.0000,0.5000
2026-05-25T20:54:48.686445,5629,0.0000,0.0000,0.0000,0.5000
2026-05-25T20:54:48.787188,5630,0.0000,0.0000,0.0000,0.5000
2026-05-25T20:54:48.887315,5631,0.0000,0.0000,0.0000,0.5000
2026-05-25T20:54:48.987254,5632,0.0000,0.0000,0.0000,0.5000
2026-05-25T20:54:49.087340,5633,0.0000,0.0000,0.0000,0.5000
2026-05-25T20:54:49.187772,5634,0.0000,0.0000,0.0000,0.5000
2026-05-25T20:54:49.287910,5635,0.0000,0.0000,0.0000,0.5000
2026-05-25T20:54:49.388024,5636,0.0000,0.0000,0.0000,0.5000
2026-05-25T20:54:49.606312,5637,0.0000,0.0000,0.0000,0.5000
2026-05-25T20:54:49.706347,5638,0.0000,0.0000,0.0000,0.5000
2026-05-25T20:54:49.806583,5639,0.3000,0.0000,0.0000,0.0000
2026-05-25T20:54:49.906706,5640,0.3000,0.0000,0.0000,0.0000
2026-05-25T20:54:50.006827,5641,0.3000,0.0000,0.0000,0.0000
2026-05-25T20:54:50.106964,5642,0.3000,0.0000,0.0000,0.0000
2026-05-25T20:54:50.207372,5643,0.3000,0.0000,0.0000,0.0000
2026-05-25T20:54:50.307601,5644,0.3000,0.0000,0.0000,0.0000
2026-05-25T20:54:50.407667,5645,0.3000,0.0000,0.0000,0.0000
2026-05-25T20:54:50.616312,5646,0.3000,0.0000,0.0000,0.0000
2026-05-25T20:54:50.716328,5647,0.3000,0.0000,0.0000,0.0000
2026-05-25T20:54:50.816483,5648,0.3000,0.0000,0.0000,0.0000
2026-05-25T20:54:50.916817,5649,0.3000,0.0000,0.0000,0.0000
2026-05-25T20:54:51.016737,5650,0.3000,0.0000,0.0000,0.0000
2026-05-25T20:54:51.116884,5651,0.3000,0.0000,0.0000,0.0000
2026-05-25T20:54:51.217031,5652,0.3000,0.0000,0.0000,0.0000
2026-05-25T20:54:51.317191,5653,0.3000,0.0000,0.0000,0.0000
2026-05-25T20:54:51.417278,5654,0.3000,0.0000,0.0000,0.0000
2026-05-25T20:54:51.517461,5655,0.3000,0.0000,0.0000,0.0000
2026-05-25T20:54:51.617528,5656,0.3000,0.0000,0.0000,0.0000
2026-05-25T20:54:51.836643,5657,0.3000,0.0000,0.0000,0.0000
2026-05-25T20:54:51.936578,5658,0.3000,0.0000,0.0000,0.0000
2026-05-25T20:54:52.036780,5659,0.3000,0.0000,0.0000,0.0000
2026-05-25T20:54:52.136902,5660,0.3000,0.0000,0.0000,0.0000
2026-05-25T20:54:52.236997,5661,0.3000,0.0000,0.0000,0.0000
2026-05-25T20:54:52.337182,5662,0.3000,0.0000,0.0000,0.0000
2026-05-25T20:54:52.437281,5663,0.3000,0.0000,0.0000,0.0000
2026-05-25T20:54:52.537387,5664,0.3000,0.0000,0.0000,0.0000
2026-05-25T20:54:52.637471,5665,0.3000,0.0000,0.0000,0.0000
2026-05-25T20:54:52.846351,5666,0.3000,0.0000,0.0000,0.0000
2026-05-25T20:54:52.946637,5667,0.3000,0.0000,0.0000,0.0000
2026-05-25T20:54:53.046639,5668,0.3000,0.0000,0.0000,0.0000
2026-05-25T20:54:53.146726,5669,0.0000,0.0000,0.0000,-0.5000
2026-05-25T20:54:53.247236,5670,0.0000,0.0000,0.0000,-0.5000
2026-05-25T20:54:53.347001,5671,0.0000,0.0000,0.0000,-0.5000
2026-05-25T20:54:53.447175,5672,0.0000,0.0000,0.0000,-0.5000
2026-05-25T20:54:53.547183,5673,0.0000,0.0000,0.0000,-0.5000
2026-05-25T20:54:53.647268,5674,0.0000,0.0000,0.0000,-0.5000
2026-05-25T20:54:53.807379,5675,0.0000,0.0000,0.0000,-0.5000
2026-05-25T20:54:53.907995,5676,0.0000,0.0000,0.0000,-0.5000
2026-05-25T20:54:54.008106,5677,0.0000,0.0000,0.0000,-0.5000
2026-05-25T20:54:54.109332,5678,0.0000,0.0000,0.0000,-0.5000
2026-05-25T20:54:54.209521,5679,0.0000,0.0000,0.0000,-0.5000
2026-05-25T20:54:54.309707,5680,0.0000,0.0000,0.0000,-0.5000
2026-05-25T20:54:54.409734,5681,0.0000,0.0000,0.0000,-0.5000
2026-05-25T20:54:54.556461,5682,0.0000,0.0000,0.0000,-0.5000
2026-05-25T20:54:54.666426,5683,0.0000,0.0000,0.0000,-0.5000
2026-05-25T20:54:54.766525,5684,0.0000,0.0000,0.0000,-0.5000
2026-05-25T20:54:54.866637,5685,0.0000,0.0000,0.0000,-0.5000
2026-05-25T20:54:54.966892,5686,0.0000,0.0000,0.0000,-0.5000
2026-05-25T20:54:55.068009,5687,0.0000,0.0000,0.0000,-0.5000
2026-05-25T20:54:55.167108,5688,0.0000,0.0000,0.0000,-0.5000
2026-05-25T20:54:55.267570,5689,0.0000,0.0000,0.0000,-0.5000
2026-05-25T20:54:55.367444,5690,0.0000,0.0000,0.0000,-0.5000
2026-05-25T20:54:55.467660,5691,0.0000,0.0000,0.0000,-0.5000
2026-05-25T20:54:55.568905,5692,0.0000,0.0000,0.0000,-0.5000
2026-05-25T20:54:55.667993,5693,0.0000,0.0000,0.0000,-0.5000
2026-05-25T20:54:55.887231,5694,0.0000,0.0000,0.0000,-0.5000
2026-05-25T20:54:55.986583,5695,0.0000,0.0000,0.0000,-0.5000
2026-05-25T20:54:56.086801,5696,0.0000,0.0000,0.0000,-0.5000
2026-05-25T20:54:56.186904,5697,0.0000,0.0000,0.0000,-0.5000
2026-05-25T20:54:56.287250,5698,0.0000,0.0000,0.0000,-0.5000
2026-05-25T20:54:56.387858,5699,-0.2000,0.0000,0.0000,-0.5000
2026-05-25T20:54:56.488022,5700,-0.2000,0.0000,0.0000,-0.5000
2026-05-25T20:54:56.588130,5701,-0.2000,0.0000,0.0000,-0.5000
2026-05-25T20:54:56.688192,5702,-0.2000,0.0000,0.0000,-0.5000
2026-05-25T20:54:56.788282,5703,-0.2000,0.0000,0.0000,-0.5000
2026-05-25T20:54:56.888489,5704,-0.2000,0.0000,0.0000,-0.5000
2026-05-25T20:54:57.056405,5705,-0.2000,0.0000,0.0000,-0.5000
2026-05-25T20:54:57.156538,5706,-0.2000,0.0000,0.0000,-0.5000
2026-05-25T20:54:57.256652,5707,-0.2000,0.0000,0.0000,-0.5000
2026-05-25T20:54:57.358198,5708,-0.2000,0.0000,0.0000,-0.5000
2026-05-25T20:54:57.458365,5709,-0.2000,0.0000,0.0000,-0.5000
2026-05-25T20:54:57.558321,5710,-0.2000,0.0000,0.0000,-0.5000
2026-05-25T20:54:57.658510,5711,-0.2000,0.0000,0.0000,-0.5000
2026-05-25T20:54:57.758620,5712,-0.2000,0.0000,0.0000,-0.5000
2026-05-25T20:54:57.858734,5713,-0.2000,0.0000,0.0000,-0.5000
2026-05-25T20:54:58.126511,5714,-0.2000,0.0000,0.0000,-0.5000
2026-05-25T20:54:58.226650,5715,-0.2000,0.0000,0.0000,-0.5000
2026-05-25T20:54:58.326689,5716,-0.2000,0.0000,0.0000,-0.5000
2026-05-25T20:54:58.426869,5717,-0.2000,0.0000,0.0000,-0.5000
2026-05-25T20:54:58.526964,5718,-0.2000,0.0000,0.0000,-0.5000
2026-05-25T20:54:58.627116,5719,-0.2000,0.0000,0.0000,-0.5000
2026-05-25T20:54:58.727250,5720,-0.2000,0.0000,0.0000,-0.5000
2026-05-25T20:54:58.827327,5721,-0.2000,0.0000,0.0000,-0.5000
2026-05-25T20:54:58.927483,5722,-0.2000,0.0000,0.0000,-0.5000
2026-05-25T20:54:59.027595,5723,-0.2000,0.0000,0.0000,-0.5000
2026-05-25T20:54:59.128016,5724,-0.2000,0.0000,0.0000,-0.5000
2026-05-25T20:54:59.249197,5725,-0.2000,0.0000,0.0000,-0.5000
2026-05-25T20:54:59.376651,5726,-0.2000,0.0000,0.0000,-0.5000
2026-05-25T20:54:59.476707,5727,-0.2000,0.0000,0.0000,-0.5000
2026-05-25T20:54:59.577036,5728,-0.2000,0.0000,0.0000,-0.5000
2026-05-25T20:54:59.677192,5729,0.0000,0.0000,0.0000,0.5000
2026-05-25T20:54:59.777325,5730,0.0000,0.0000,0.0000,0.5000
2026-05-25T20:54:59.877461,5731,0.0000,0.0000,0.0000,0.5000
2026-05-25T20:54:59.977573,5732,0.0000,0.0000,0.0000,0.5000
2026-05-25T20:55:00.079341,5733,0.0000,0.0000,0.0000,0.5000
2026-05-25T20:55:00.179438,5734,0.0000,0.0000,0.0000,0.5000
2026-05-25T20:55:00.281496,5735,0.0000,0.0000,0.0000,0.5000
2026-05-25T20:55:00.381484,5736,0.0000,0.0000,0.0000,0.5000
2026-05-25T20:55:00.596681,5737,0.0000,0.0000,0.0000,0.5000
2026-05-25T20:55:00.696817,5738,0.0000,0.0000,0.0000,0.5000
2026-05-25T20:55:00.797008,5739,0.0000,0.0000,0.0000,0.5000
2026-05-25T20:55:00.898392,5740,0.0000,0.0000,0.0000,0.5000
2026-05-25T20:55:00.998472,5741,0.0000,0.0000,0.0000,0.5000
2026-05-25T20:55:01.098594,5742,0.0000,0.0000,0.0000,0.5000
2026-05-25T20:55:01.198743,5743,0.0000,0.0000,0.0000,0.5000
2026-05-25T20:55:01.298941,5744,0.0000,0.0000,0.0000,0.5000
2026-05-25T20:55:01.399055,5745,0.0000,0.0000,0.0000,0.5000
2026-05-25T20:55:01.499180,5746,0.0000,0.0000,0.0000,0.5000
2026-05-25T20:55:01.599509,5747,0.0000,0.0000,0.0000,0.5000
2026-05-25T20:55:01.816701,5748,0.0000,0.0000,0.0000,0.5000
2026-05-25T20:55:01.916832,5749,0.0000,0.0000,0.0000,0.5000
2026-05-25T20:55:02.016950,5750,0.0000,0.0000,0.0000,0.5000
2026-05-25T20:55:02.117397,5751,0.0000,0.0000,0.0000,0.5000
2026-05-25T20:55:02.217486,5752,0.0000,0.0000,0.0000,0.5000
2026-05-25T20:55:02.317634,5753,0.0000,0.0000,0.0000,0.5000
2026-05-25T20:55:02.417774,5754,0.0000,0.0000,0.0000,0.5000
2026-05-25T20:55:02.518290,5755,0.0000,0.0000,0.0000,0.5000
2026-05-25T20:55:02.618580,5756,0.0000,0.0000,0.0000,0.5000
2026-05-25T20:55:02.826826,5757,0.0000,0.0000,0.0000,0.5000
2026-05-25T20:55:02.929357,5758,0.0000,0.0000,0.0000,0.5000
2026-05-25T20:55:03.029493,5759,0.3000,0.0000,0.0000,0.0000
2026-05-25T20:55:03.129602,5760,0.3000,0.0000,0.0000,0.0000
2026-05-25T20:55:03.229715,5761,0.3000,0.0000,0.0000,0.0000
2026-05-25T20:55:03.329865,5762,0.3000,0.0000,0.0000,0.0000
2026-05-25T20:55:03.430092,5763,0.3000,0.0000,0.0000,0.0000
2026-05-25T20:55:03.530242,5764,0.3000,0.0000,0.0000,0.0000
2026-05-25T20:55:03.630431,5765,0.3000,0.0000,0.0000,0.0000
2026-05-25T20:55:03.837057,5766,0.3000,0.0000,0.0000,0.0000
2026-05-25T20:55:03.937209,5767,0.3000,0.0000,0.0000,0.0000
2026-05-25T20:55:04.037208,5768,0.3000,0.0000,0.0000,0.0000
2026-05-25T20:55:04.137795,5769,0.3000,0.0000,0.0000,0.0000
2026-05-25T20:55:04.237995,5770,0.3000,0.0000,0.0000,0.0000
2026-05-25T20:55:04.338126,5771,0.3000,0.0000,0.0000,0.0000
2026-05-25T20:55:04.438251,5772,0.3000,0.0000,0.0000,0.0000
2026-05-25T20:55:04.538370,5773,0.3000,0.0000,0.0000,0.0000
2026-05-25T20:55:04.638408,5774,0.3000,0.0000,0.0000,0.0000
2026-05-25T20:55:04.857105,5775,0.3000,0.0000,0.0000,0.0000
2026-05-25T20:55:04.957058,5776,0.3000,0.0000,0.0000,0.0000
2026-05-25T20:55:05.057161,5777,0.3000,0.0000,0.0000,0.0000
2026-05-25T20:55:05.157316,5778,0.3000,0.0000,0.0000,0.0000
2026-05-25T20:55:05.257434,5779,0.3000,0.0000,0.0000,0.0000
2026-05-25T20:55:05.357563,5780,0.3000,0.0000,0.0000,0.0000
2026-05-25T20:55:05.457752,5781,0.3000,0.0000,0.0000,0.0000
2026-05-25T20:55:05.557897,5782,0.3000,0.0000,0.0000,0.0000
2026-05-25T20:55:05.658295,5783,0.3000,0.0000,0.0000,0.0000
2026-05-25T20:55:05.876845,5784,0.3000,0.0000,0.0000,0.0000
2026-05-25T20:55:05.976897,5785,0.3000,0.0000,0.0000,0.0000
2026-05-25T20:55:06.077030,5786,0.3000,0.0000,0.0000,0.0000
2026-05-25T20:55:06.177202,5787,0.3000,0.0000,0.0000,0.0000
2026-05-25T20:55:06.277314,5788,0.3000,0.0000,0.0000,0.0000
2026-05-25T20:55:06.378837,5789,0.0000,0.0000,0.0000,-0.5000
2026-05-25T20:55:06.477619,5790,0.0000,0.0000,0.0000,-0.5000
2026-05-25T20:55:06.577628,5791,0.0000,0.0000,0.0000,-0.5000
2026-05-25T20:55:06.677755,5792,0.0000,0.0000,0.0000,-0.5000
2026-05-25T20:55:06.777863,5793,0.0000,0.0000,0.0000,-0.5000
2026-05-25T20:55:06.878275,5794,0.0000,0.0000,0.0000,-0.5000
2026-05-25T20:55:07.126853,5795,0.0000,0.0000,0.0000,-0.5000
2026-05-25T20:55:07.226908,5796,0.0000,0.0000,0.0000,-0.5000
2026-05-25T20:55:07.327067,5797,0.0000,0.0000,0.0000,-0.5000
2026-05-25T20:55:07.427200,5798,0.0000,0.0000,0.0000,-0.5000
2026-05-25T20:55:07.527436,5799,0.0000,0.0000,0.0000,-0.5000
2026-05-25T20:55:07.627329,5800,0.0000,0.0000,0.0000,-0.5000
2026-05-25T20:55:07.727429,5801,0.0000,0.0000,0.0000,-0.5000
2026-05-25T20:55:07.827575,5802,0.0000,0.0000,0.0000,-0.5000
2026-05-25T20:55:07.927696,5803,0.0000,0.0000,0.0000,-0.5000
2026-05-25T20:55:08.027801,5804,0.0000,0.0000,0.0000,-0.5000
2026-05-25T20:55:08.127994,5805,0.0000,0.0000,0.0000,-0.5000
2026-05-25T20:55:08.347163,5806,0.0000,0.0000,0.0000,-0.5000
2026-05-25T20:55:08.447329,5807,0.0000,0.0000,0.0000,-0.5000
2026-05-25T20:55:08.547361,5808,0.0000,0.0000,0.0000,-0.5000
2026-05-25T20:55:08.647548,5809,0.0000,0.0000,0.0000,-0.5000
2026-05-25T20:55:08.747598,5810,0.0000,0.0000,0.0000,-0.5000
2026-05-25T20:55:08.847768,5811,0.0000,0.0000,0.0000,-0.5000
2026-05-25T20:55:08.947858,5812,0.0000,0.0000,0.0000,-0.5000
2026-05-25T20:55:09.047996,5813,0.0000,0.0000,0.0000,-0.5000
2026-05-25T20:55:09.148175,5814,0.0000,0.0000,0.0000,-0.5000
2026-05-25T20:55:09.248524,5815,0.0000,0.0000,0.0000,-0.5000
2026-05-25T20:55:09.348335,5816,0.0000,0.0000,0.0000,-0.5000
2026-05-25T20:55:09.566950,5817,0.0000,0.0000,0.0000,-0.5000
2026-05-25T20:55:09.667011,5818,0.0000,0.0000,0.0000,-0.5000
2026-05-25T20:55:09.767134,5819,-0.2000,0.0000,0.0000,-0.5000
2026-05-25T20:55:09.867445,5820,-0.2000,0.0000,0.0000,-0.5000
2026-05-25T20:55:09.967434,5821,-0.2000,0.0000,0.0000,-0.5000
2026-05-25T20:55:10.067457,5822,-0.2000,0.0000,0.0000,-0.5000
2026-05-25T20:55:10.167947,5823,-0.2000,0.0000,0.0000,-0.5000
2026-05-25T20:55:10.270338,5824,-0.2000,0.0000,0.0000,-0.5000
2026-05-25T20:55:10.370622,5825,-0.2000,0.0000,0.0000,-0.5000
2026-05-25T20:55:10.586869,5826,-0.2000,0.0000,0.0000,-0.5000
2026-05-25T20:55:10.687491,5827,-0.2000,0.0000,0.0000,-0.5000
2026-05-25T20:55:10.787070,5828,-0.2000,0.0000,0.0000,-0.5000
2026-05-25T20:55:10.887315,5829,-0.2000,0.0000,0.0000,-0.5000
2026-05-25T20:55:10.987330,5830,-0.2000,0.0000,0.0000,-0.5000
2026-05-25T20:55:11.087479,5831,-0.2000,0.0000,0.0000,-0.5000
2026-05-25T20:55:11.188659,5832,-0.2000,0.0000,0.0000,-0.5000
2026-05-25T20:55:11.287731,5833,-0.2000,0.0000,0.0000,-0.5000
2026-05-25T20:55:11.387857,5834,-0.2000,0.0000,0.0000,-0.5000
2026-05-25T20:55:11.488424,5835,-0.2000,0.0000,0.0000,-0.5000
2026-05-25T20:55:11.588147,5836,-0.2000,0.0000,0.0000,-0.5000
2026-05-25T20:55:11.806949,5837,-0.2000,0.0000,0.0000,-0.5000
2026-05-25T20:55:11.907095,5838,-0.2000,0.0000,0.0000,-0.5000
2026-05-25T20:55:12.007175,5839,-0.2000,0.0000,0.0000,-0.5000
2026-05-25T20:55:12.107302,5840,-0.2000,0.0000,0.0000,-0.5000
2026-05-25T20:55:12.207545,5841,-0.2000,0.0000,0.0000,-0.5000
2026-05-25T20:55:12.307696,5842,-0.2000,0.0000,0.0000,-0.5000
2026-05-25T20:55:12.407786,5843,-0.2000,0.0000,0.0000,-0.5000
2026-05-25T20:55:12.507925,5844,-0.2000,0.0000,0.0000,-0.5000
2026-05-25T20:55:12.608088,5845,-0.2000,0.0000,0.0000,-0.5000
2026-05-25T20:55:12.776982,5846,-0.2000,0.0000,0.0000,-0.5000
2026-05-25T20:55:12.877255,5847,-0.2000,0.0000,0.0000,-0.5000
2026-05-25T20:55:12.977257,5848,-0.2000,0.0000,0.0000,-0.5000
2026-05-25T20:55:13.077806,5849,0.0000,0.0000,0.0000,0.5000
2026-05-25T20:55:13.177450,5850,0.0000,0.0000,0.0000,0.5000
2026-05-25T20:55:13.278548,5851,0.0000,0.0000,0.0000,0.5000
2026-05-25T20:55:13.378802,5852,0.0000,0.0000,0.0000,0.5000
2026-05-25T20:55:13.478886,5853,0.0000,0.0000,0.0000,0.5000
2026-05-25T20:55:13.579806,5854,0.0000,0.0000,0.0000,0.5000
2026-05-25T20:55:13.746887,5855,0.0000,0.0000,0.0000,0.5000
2026-05-25T20:55:13.846927,5856,0.0000,0.0000,0.0000,0.5000
2026-05-25T20:55:13.947094,5857,0.0000,0.0000,0.0000,0.5000
2026-05-25T20:55:14.047256,5858,0.0000,0.0000,0.0000,0.5000
2026-05-25T20:55:14.147274,5859,0.0000,0.0000,0.0000,0.5000
2026-05-25T20:55:14.247371,5860,0.0000,0.0000,0.0000,0.5000
2026-05-25T20:55:14.347582,5861,0.0000,0.0000,0.0000,0.5000
2026-05-25T20:55:14.707019,5862,0.0000,0.0000,0.0000,0.5000
2026-05-25T20:55:14.807130,5863,0.0000,0.0000,0.0000,0.5000
2026-05-25T20:55:14.907247,5864,0.0000,0.0000,0.0000,0.5000
2026-05-25T20:55:15.008056,5865,0.0000,0.0000,0.0000,0.5000
2026-05-25T20:55:15.108242,5866,0.0000,0.0000,0.0000,0.5000
2026-05-25T20:55:15.208334,5867,0.0000,0.0000,0.0000,0.5000
2026-05-25T20:55:15.308426,5868,0.0000,0.0000,0.0000,0.5000
2026-05-25T20:55:15.408945,5869,0.0000,0.0000,0.0000,0.5000
2026-05-25T20:55:15.508703,5870,0.0000,0.0000,0.0000,0.5000
2026-05-25T20:55:15.608838,5871,0.0000,0.0000,0.0000,0.5000
2026-05-25T20:55:15.709008,5872,0.0000,0.0000,0.0000,0.5000
2026-05-25T20:55:15.809106,5873,0.0000,0.0000,0.0000,0.5000
2026-05-25T20:55:15.909255,5874,0.0000,0.0000,0.0000,0.5000
2026-05-25T20:55:16.010257,5875,0.0000,0.0000,0.0000,0.5000
2026-05-25T20:55:16.110320,5876,0.0000,0.0000,0.0000,0.5000
2026-05-25T20:55:16.237136,5877,0.0000,0.0000,0.0000,0.5000
2026-05-25T20:55:16.337340,5878,0.0000,0.0000,0.0000,0.5000
2026-05-25T20:55:16.437619,5879,0.3000,0.0000,0.0000,0.0000
2026-05-25T20:55:16.537733,5880,0.3000,0.0000,0.0000,0.0000
2026-05-25T20:55:16.638987,5881,0.3000,0.0000,0.0000,0.0000
2026-05-25T20:55:16.738500,5882,0.3000,0.0000,0.0000,0.0000
2026-05-25T20:55:16.838645,5883,0.3000,0.0000,0.0000,0.0000
2026-05-25T20:55:16.939581,5884,0.3000,0.0000,0.0000,0.0000
2026-05-25T20:55:17.038884,5885,0.3000,0.0000,0.0000,0.0000
2026-05-25T20:55:17.138997,5886,0.3000,0.0000,0.0000,0.0000
2026-05-25T20:55:17.346852,5887,0.3000,0.0000,0.0000,0.0000
2026-05-25T20:55:17.447017,5888,0.3000,0.0000,0.0000,0.0000
2026-05-25T20:55:17.547157,5889,0.3000,0.0000,0.0000,0.0000
2026-05-25T20:55:17.647297,5890,0.3000,0.0000,0.0000,0.0000
2026-05-25T20:55:17.747362,5891,0.3000,0.0000,0.0000,0.0000
2026-05-25T20:55:17.847473,5892,0.3000,0.0000,0.0000,0.0000
2026-05-25T20:55:17.947643,5893,0.3000,0.0000,0.0000,0.0000
2026-05-25T20:55:18.047745,5894,0.3000,0.0000,0.0000,0.0000
2026-05-25T20:55:18.147875,5895,0.3000,0.0000,0.0000,0.0000
2026-05-25T20:55:18.247975,5896,0.3000,0.0000,0.0000,0.0000
2026-05-25T20:55:18.348110,5897,0.3000,0.0000,0.0000,0.0000
2026-05-25T20:55:18.448226,5898,0.3000,0.0000,0.0000,0.0000
2026-05-25T20:55:18.548283,5899,0.3000,0.0000,0.0000,0.0000
2026-05-25T20:55:18.767098,5900,0.3000,0.0000,0.0000,0.0000
2026-05-25T20:55:18.867138,5901,0.3000,0.0000,0.0000,0.0000
2026-05-25T20:55:18.967354,5902,0.3000,0.0000,0.0000,0.0000
2026-05-25T20:55:19.067424,5903,0.3000,0.0000,0.0000,0.0000
2026-05-25T20:55:19.167560,5904,0.3000,0.0000,0.0000,0.0000
2026-05-25T20:55:19.267789,5905,0.3000,0.0000,0.0000,0.0000
2026-05-25T20:55:19.367881,5906,0.3000,0.0000,0.0000,0.0000
2026-05-25T20:55:19.468084,5907,0.3000,0.0000,0.0000,0.0000
2026-05-25T20:55:19.568266,5908,0.3000,0.0000,0.0000,0.0000
2026-05-25T20:55:19.668408,5909,0.0000,0.0000,0.0000,-0.5000
2026-05-25T20:55:19.768540,5910,0.0000,0.0000,0.0000,-0.5000
2026-05-25T20:55:20.047088,5911,0.0000,0.0000,0.0000,-0.5000
2026-05-25T20:55:20.147241,5912,0.0000,0.0000,0.0000,-0.5000
2026-05-25T20:55:20.247392,5913,0.0000,0.0000,0.0000,-0.5000
2026-05-25T20:55:20.347520,5914,0.0000,0.0000,0.0000,-0.5000
2026-05-25T20:55:20.447629,5915,0.0000,0.0000,0.0000,-0.5000
2026-05-25T20:55:20.547896,5916,0.0000,0.0000,0.0000,-0.5000
2026-05-25T20:55:20.648064,5917,0.0000,0.0000,0.0000,-0.5000
2026-05-25T20:55:20.748335,5918,0.0000,0.0000,0.0000,-0.5000
2026-05-25T20:55:20.848310,5919,0.0000,0.0000,0.0000,-0.5000
2026-05-25T20:55:20.948356,5920,0.0000,0.0000,0.0000,-0.5000
2026-05-25T20:55:21.048457,5921,0.0000,0.0000,0.0000,-0.5000
2026-05-25T20:55:21.149343,5922,0.0000,0.0000,0.0000,-0.5000
2026-05-25T20:55:21.249458,5923,0.0000,0.0000,0.0000,-0.5000
2026-05-25T20:55:21.349619,5924,0.0000,0.0000,0.0000,-0.5000
2026-05-25T20:55:21.449714,5925,0.0000,0.0000,0.0000,-0.5000
2026-05-25T20:55:21.687063,5926,0.0000,0.0000,0.0000,-0.5000
2026-05-25T20:55:21.787100,5927,0.0000,0.0000,0.0000,-0.5000
2026-05-25T20:55:21.887166,5928,0.0000,0.0000,0.0000,-0.5000
2026-05-25T20:55:21.987205,5929,0.0000,0.0000,0.0000,-0.5000
2026-05-25T20:55:22.087532,5930,0.0000,0.0000,0.0000,-0.5000
2026-05-25T20:55:22.187503,5931,0.0000,0.0000,0.0000,-0.5000
2026-05-25T20:55:22.287594,5932,0.0000,0.0000,0.0000,-0.5000
2026-05-25T20:55:22.387622,5933,0.0000,0.0000,0.0000,-0.5000
2026-05-25T20:55:22.487628,5934,0.0000,0.0000,0.0000,-0.5000
2026-05-25T20:55:22.587735,5935,0.0000,0.0000,0.0000,-0.5000
2026-05-25T20:55:22.687697,5936,0.0000,0.0000,0.0000,-0.5000
2026-05-25T20:55:22.907261,5937,0.0000,0.0000,0.0000,-0.5000
2026-05-25T20:55:23.007311,5938,0.0000,0.0000,0.0000,-0.5000
2026-05-25T20:55:23.107373,5939,-0.2000,0.0000,0.0000,-0.5000
2026-05-25T20:55:23.207473,5940,-0.2000,0.0000,0.0000,-0.5000
2026-05-25T20:55:23.307642,5941,-0.2000,0.0000,0.0000,-0.5000
2026-05-25T20:55:23.407793,5942,-0.2000,0.0000,0.0000,-0.5000
2026-05-25T20:55:23.507931,5943,-0.2000,0.0000,0.0000,-0.5000
2026-05-25T20:55:23.608076,5944,-0.2000,0.0000,0.0000,-0.5000
2026-05-25T20:55:23.708166,5945,-0.2000,0.0000,0.0000,-0.5000
2026-05-25T20:55:23.927187,5946,-0.2000,0.0000,0.0000,-0.5000
2026-05-25T20:55:24.027277,5947,-0.2000,0.0000,0.0000,-0.5000
2026-05-25T20:55:24.127312,5948,-0.2000,0.0000,0.0000,-0.5000
2026-05-25T20:55:24.227520,5949,-0.2000,0.0000,0.0000,-0.5000
2026-05-25T20:55:24.327626,5950,-0.2000,0.0000,0.0000,-0.5000
2026-05-25T20:55:24.427726,5951,-0.2000,0.0000,0.0000,-0.5000
2026-05-25T20:55:24.527893,5952,-0.2000,0.0000,0.0000,-0.5000
2026-05-25T20:55:24.628008,5953,-0.2000,0.0000,0.0000,-0.5000
2026-05-25T20:55:24.728109,5954,-0.2000,0.0000,0.0000,-0.5000
2026-05-25T20:55:24.902438,5955,-0.2000,0.0000,0.0000,-0.5000
2026-05-25T20:55:25.004355,5956,-0.2000,0.0000,0.0000,-0.5000
2026-05-25T20:55:25.106340,5957,-0.2000,0.0000,0.0000,-0.5000
2026-05-25T20:55:25.206435,5958,-0.2000,0.0000,0.0000,-0.5000
2026-05-25T20:55:25.306574,5959,-0.2000,0.0000,0.0000,-0.5000
2026-05-25T20:55:25.406720,5960,-0.2000,0.0000,0.0000,-0.5000
2026-05-25T20:55:25.506856,5961,-0.2000,0.0000,0.0000,-0.5000
2026-05-25T20:55:25.606960,5962,-0.2000,0.0000,0.0000,-0.5000
2026-05-25T20:55:25.707138,5963,-0.2000,0.0000,0.0000,-0.5000
2026-05-25T20:55:25.888321,5964,-0.2000,0.0000,0.0000,-0.5000
2026-05-25T20:55:25.990313,5965,-0.2000,0.0000,0.0000,-0.5000
2026-05-25T20:55:26.090463,5966,-0.2000,0.0000,0.0000,-0.5000
2026-05-25T20:55:26.190600,5967,-0.2000,0.0000,0.0000,-0.5000
2026-05-25T20:55:26.290729,5968,-0.2000,0.0000,0.0000,-0.5000
2026-05-25T20:55:26.390868,5969,0.0000,0.0000,0.0000,0.5000
2026-05-25T20:55:26.490994,5970,0.0000,0.0000,0.0000,0.5000
2026-05-25T20:55:26.591128,5971,0.0000,0.0000,0.0000,0.5000
2026-05-25T20:55:26.691266,5972,0.0000,0.0000,0.0000,0.5000
2026-05-25T20:55:26.791707,5973,0.0000,0.0000,0.0000,0.5000
2026-05-25T20:55:26.891873,5974,0.0000,0.0000,0.0000,0.5000
2026-05-25T20:55:26.991974,5975,0.0000,0.0000,0.0000,0.5000
2026-05-25T20:55:27.092106,5976,0.0000,0.0000,0.0000,0.5000
2026-05-25T20:55:27.377170,5977,0.0000,0.0000,0.0000,0.5000
2026-05-25T20:55:27.477708,5978,0.0000,0.0000,0.0000,0.5000
2026-05-25T20:55:27.577341,5979,0.0000,0.0000,0.0000,0.5000
2026-05-25T20:55:27.677540,5980,0.0000,0.0000,0.0000,0.5000
2026-05-25T20:55:27.778332,5981,0.0000,0.0000,0.0000,0.5000
2026-05-25T20:55:27.878488,5982,0.0000,0.0000,0.0000,0.5000
2026-05-25T20:55:27.978577,5983,0.0000,0.0000,0.0000,0.5000
2026-05-25T20:55:28.078747,5984,0.0000,0.0000,0.0000,0.5000
2026-05-25T20:55:28.179185,5985,0.0000,0.0000,0.0000,0.5000
2026-05-25T20:55:28.279217,5986,0.0000,0.0000,0.0000,0.5000
2026-05-25T20:55:28.379334,5987,0.0000,0.0000,0.0000,0.5000
2026-05-25T20:55:28.479986,5988,0.0000,0.0000,0.0000,0.5000
2026-05-25T20:55:28.580139,5989,0.0000,0.0000,0.0000,0.5000
2026-05-25T20:55:28.851005,5990,0.0000,0.0000,0.0000,0.5000
2026-05-25T20:55:28.947216,5991,0.0000,0.0000,0.0000,0.5000
2026-05-25T20:55:29.048438,5992,0.0000,0.0000,0.0000,0.5000
2026-05-25T20:55:29.147831,5993,0.0000,0.0000,0.0000,0.5000
2026-05-25T20:55:29.248195,5994,0.0000,0.0000,0.0000,0.5000
2026-05-25T20:55:29.349142,5995,0.0000,0.0000,0.0000,0.5000
2026-05-25T20:55:29.448227,5996,0.0000,0.0000,0.0000,0.5000
2026-05-25T20:55:29.548348,5997,0.0000,0.0000,0.0000,0.5000
2026-05-25T20:55:29.648450,5998,0.0000,0.0000,0.0000,0.5000
2026-05-25T20:55:29.748563,5999,0.3000,0.0000,0.0000,0.0000
2026-05-25T20:55:29.849263,6000,0.3000,0.0000,0.0000,0.0000
2026-05-25T20:55:30.067195,6001,0.3000,0.0000,0.0000,0.0000
2026-05-25T20:55:30.167288,6002,0.3000,0.0000,0.0000,0.0000
2026-05-25T20:55:30.267314,6003,0.3000,0.0000,0.0000,0.0000
2026-05-25T20:55:30.367465,6004,0.3000,0.0000,0.0000,0.0000
2026-05-25T20:55:30.467584,6005,0.3000,0.0000,0.0000,0.0000
2026-05-25T20:55:30.567760,6006,0.3000,0.0000,0.0000,0.0000
2026-05-25T20:55:30.667861,6007,0.3000,0.0000,0.0000,0.0000
2026-05-25T20:55:30.767966,6008,0.3000,0.0000,0.0000,0.0000
2026-05-25T20:55:30.868130,6009,0.3000,0.0000,0.0000,0.0000
2026-05-25T20:55:31.077252,6010,0.3000,0.0000,0.0000,0.0000
2026-05-25T20:55:31.177402,6011,0.3000,0.0000,0.0000,0.0000
2026-05-25T20:55:31.277374,6012,0.3000,0.0000,0.0000,0.0000
2026-05-25T20:55:31.378630,6013,0.3000,0.0000,0.0000,0.0000
2026-05-25T20:55:31.478520,6014,0.3000,0.0000,0.0000,0.0000
2026-05-25T20:55:31.578522,6015,0.3000,0.0000,0.0000,0.0000
2026-05-25T20:55:31.678513,6016,0.3000,0.0000,0.0000,0.0000
2026-05-25T20:55:31.778680,6017,0.3000,0.0000,0.0000,0.0000
2026-05-25T20:55:31.880310,6018,0.3000,0.0000,0.0000,0.0000
2026-05-25T20:55:31.980506,6019,0.3000,0.0000,0.0000,0.0000
2026-05-25T20:55:32.080561,6020,0.3000,0.0000,0.0000,0.0000
2026-05-25T20:55:32.180714,6021,0.3000,0.0000,0.0000,0.0000
2026-05-25T20:55:32.280876,6022,0.3000,0.0000,0.0000,0.0000
2026-05-25T20:55:32.421592,6023,0.3000,0.0000,0.0000,0.0000
2026-05-25T20:55:32.521670,6024,0.3000,0.0000,0.0000,0.0000
2026-05-25T20:55:32.621870,6025,0.3000,0.0000,0.0000,0.0000
2026-05-25T20:55:32.721977,6026,0.3000,0.0000,0.0000,0.0000
2026-05-25T20:55:32.822116,6027,0.3000,0.0000,0.0000,0.0000
2026-05-25T20:55:32.922244,6028,0.3000,0.0000,0.0000,0.0000
2026-05-25T20:55:33.022324,6029,0.0000,0.0000,0.0000,-0.5000
2026-05-25T20:55:33.122430,6030,0.0000,0.0000,0.0000,-0.5000
2026-05-25T20:55:33.222583,6031,0.0000,0.0000,0.0000,-0.5000
2026-05-25T20:55:33.322703,6032,0.0000,0.0000,0.0000,-0.5000
2026-05-25T20:55:33.422857,6033,0.0000,0.0000,0.0000,-0.5000
2026-05-25T20:55:33.522954,6034,0.0000,0.0000,0.0000,-0.5000
2026-05-25T20:55:33.727086,6035,0.0000,0.0000,0.0000,-0.5000
2026-05-25T20:55:33.827314,6036,0.0000,0.0000,0.0000,-0.5000
2026-05-25T20:55:33.927465,6037,0.0000,0.0000,0.0000,-0.5000
2026-05-25T20:55:34.027581,6038,0.0000,0.0000,0.0000,-0.5000
2026-05-25T20:55:34.127734,6039,0.0000,0.0000,0.0000,-0.5000
2026-05-25T20:55:34.227860,6040,0.0000,0.0000,0.0000,-0.5000
2026-05-25T20:55:34.328779,6041,0.0000,0.0000,0.0000,-0.5000
2026-05-25T20:55:34.428195,6042,0.0000,0.0000,0.0000,-0.5000
2026-05-25T20:55:34.528229,6043,0.0000,0.0000,0.0000,-0.5000
2026-05-25T20:55:34.747567,6044,0.0000,0.0000,0.0000,-0.5000
2026-05-25T20:55:34.847402,6045,0.0000,0.0000,0.0000,-0.5000
2026-05-25T20:55:34.948435,6046,0.0000,0.0000,0.0000,-0.5000
2026-05-25T20:55:35.048511,6047,0.0000,0.0000,0.0000,-0.5000
2026-05-25T20:55:35.148656,6048,0.0000,0.0000,0.0000,-0.5000
2026-05-25T20:55:35.248804,6049,0.0000,0.0000,0.0000,-0.5000
2026-05-25T20:55:35.348906,6050,0.0000,0.0000,0.0000,-0.5000
2026-05-25T20:55:35.449090,6051,0.0000,0.0000,0.0000,-0.5000
2026-05-25T20:55:35.549489,6052,0.0000,0.0000,0.0000,-0.5000
2026-05-25T20:55:35.649649,6053,0.0000,0.0000,0.0000,-0.5000
2026-05-25T20:55:35.749782,6054,0.0000,0.0000,0.0000,-0.5000
2026-05-25T20:55:35.987468,6055,0.0000,0.0000,0.0000,-0.5000
2026-05-25T20:55:36.087462,6056,0.0000,0.0000,0.0000,-0.5000
2026-05-25T20:55:36.187633,6057,0.0000,0.0000,0.0000,-0.5000
2026-05-25T20:55:36.287787,6058,0.0000,0.0000,0.0000,-0.5000
2026-05-25T20:55:36.387881,6059,-0.2000,0.0000,0.0000,-0.5000
2026-05-25T20:55:36.488086,6060,-0.2000,0.0000,0.0000,-0.5000
2026-05-25T20:55:36.588296,6061,-0.2000,0.0000,0.0000,-0.5000
2026-05-25T20:55:36.688366,6062,-0.2000,0.0000,0.0000,-0.5000
2026-05-25T20:55:36.788737,6063,-0.2000,0.0000,0.0000,-0.5000
2026-05-25T20:55:36.888530,6064,-0.2000,0.0000,0.0000,-0.5000
2026-05-25T20:55:36.988648,6065,-0.2000,0.0000,0.0000,-0.5000
2026-05-25T20:55:37.088709,6066,-0.2000,0.0000,0.0000,-0.5000
2026-05-25T20:55:37.188941,6067,-0.2000,0.0000,0.0000,-0.5000
2026-05-25T20:55:37.437873,6068,-0.2000,0.0000,0.0000,-0.5000
2026-05-25T20:55:37.537797,6069,-0.2000,0.0000,0.0000,-0.5000
2026-05-25T20:55:37.637896,6070,-0.2000,0.0000,0.0000,-0.5000
2026-05-25T20:55:37.738618,6071,-0.2000,0.0000,0.0000,-0.5000
2026-05-25T20:55:37.838504,6072,-0.2000,0.0000,0.0000,-0.5000
2026-05-25T20:55:37.938589,6073,-0.2000,0.0000,0.0000,-0.5000
2026-05-25T20:55:38.038722,6074,-0.2000,0.0000,0.0000,-0.5000
2026-05-25T20:55:38.138892,6075,-0.2000,0.0000,0.0000,-0.5000
2026-05-25T20:55:38.239048,6076,-0.2000,0.0000,0.0000,-0.5000
2026-05-25T20:55:38.447835,6077,-0.2000,0.0000,0.0000,-0.5000
2026-05-25T20:55:38.547594,6078,-0.2000,0.0000,0.0000,-0.5000
2026-05-25T20:55:38.647738,6079,-0.2000,0.0000,0.0000,-0.5000
2026-05-25T20:55:38.747902,6080,-0.2000,0.0000,0.0000,-0.5000
2026-05-25T20:55:38.847913,6081,-0.2000,0.0000,0.0000,-0.5000
2026-05-25T20:55:38.948089,6082,-0.2000,0.0000,0.0000,-0.5000
2026-05-25T20:55:39.048239,6083,-0.2000,0.0000,0.0000,-0.5000
2026-05-25T20:55:39.149553,6084,-0.2000,0.0000,0.0000,-0.5000
2026-05-25T20:55:39.249678,6085,-0.2000,0.0000,0.0000,-0.5000
2026-05-25T20:55:39.407460,6086,-0.2000,0.0000,0.0000,-0.5000
2026-05-25T20:55:39.507610,6087,-0.2000,0.0000,0.0000,-0.5000
2026-05-25T20:55:39.607756,6088,-0.2000,0.0000,0.0000,-0.5000
2026-05-25T20:55:39.708109,6089,0.0000,0.0000,0.0000,0.5000
2026-05-25T20:55:39.808254,6090,0.0000,0.0000,0.0000,0.5000
2026-05-25T20:55:39.908304,6091,0.0000,0.0000,0.0000,0.5000
2026-05-25T20:55:40.008499,6092,0.0000,0.0000,0.0000,0.5000
2026-05-25T20:55:40.108460,6093,0.0000,0.0000,0.0000,0.5000
2026-05-25T20:55:40.208631,6094,0.0000,0.0000,0.0000,0.5000
2026-05-25T20:55:40.308751,6095,0.0000,0.0000,0.0000,0.5000
2026-05-25T20:55:40.408929,6096,0.0000,0.0000,0.0000,0.5000
2026-05-25T20:55:40.677502,6097,0.0000,0.0000,0.0000,0.5000
2026-05-25T20:55:40.778376,6098,0.0000,0.0000,0.0000,0.5000
2026-05-25T20:55:40.878647,6099,0.0000,0.0000,0.0000,0.5000
2026-05-25T20:55:40.978697,6100,0.0000,0.0000,0.0000,0.5000
2026-05-25T20:55:41.079226,6101,0.0000,0.0000,0.0000,0.5000
2026-05-25T20:55:41.178943,6102,0.0000,0.0000,0.0000,0.5000
2026-05-25T20:55:41.279104,6103,0.0000,0.0000,0.0000,0.5000
2026-05-25T20:55:41.379201,6104,0.0000,0.0000,0.0000,0.5000
2026-05-25T20:55:41.479321,6105,0.0000,0.0000,0.0000,0.5000
2026-05-25T20:55:41.579476,6106,0.0000,0.0000,0.0000,0.5000
2026-05-25T20:55:41.679557,6107,0.0000,0.0000,0.0000,0.5000
2026-05-25T20:55:41.897538,6108,0.0000,0.0000,0.0000,0.5000
2026-05-25T20:55:41.997683,6109,0.0000,0.0000,0.0000,0.5000
2026-05-25T20:55:42.097741,6110,0.0000,0.0000,0.0000,0.5000
2026-05-25T20:55:42.197886,6111,0.0000,0.0000,0.0000,0.5000
2026-05-25T20:55:42.298091,6112,0.0000,0.0000,0.0000,0.5000
2026-05-25T20:55:42.398320,6113,0.0000,0.0000,0.0000,0.5000
2026-05-25T20:55:42.499227,6114,0.0000,0.0000,0.0000,0.5000
2026-05-25T20:55:42.598502,6115,0.0000,0.0000,0.0000,0.5000
2026-05-25T20:55:42.698410,6116,0.0000,0.0000,0.0000,0.5000
2026-05-25T20:55:42.798706,6117,0.0000,0.0000,0.0000,0.5000
2026-05-25T20:55:42.898664,6118,0.0000,0.0000,0.0000,0.5000
2026-05-25T20:55:43.117856,6119,0.3000,0.0000,0.0000,0.0000
2026-05-25T20:55:43.217651,6120,0.3000,0.0000,0.0000,0.0000
2026-05-25T20:55:43.319138,6121,0.3000,0.0000,0.0000,0.0000
2026-05-25T20:55:43.419326,6122,0.3000,0.0000,0.0000,0.0000
2026-05-25T20:55:43.522364,6123,0.3000,0.0000,0.0000,0.0000
2026-05-25T20:55:43.622452,6124,0.3000,0.0000,0.0000,0.0000
2026-05-25T20:55:43.722933,6125,0.3000,0.0000,0.0000,0.0000
2026-05-25T20:55:43.823030,6126,0.3000,0.0000,0.0000,0.0000
2026-05-25T20:55:43.923157,6127,0.3000,0.0000,0.0000,0.0000
2026-05-25T20:55:44.137391,6128,0.3000,0.0000,0.0000,0.0000
2026-05-25T20:55:44.237559,6129,0.3000,0.0000,0.0000,0.0000
2026-05-25T20:55:44.337818,6130,0.3000,0.0000,0.0000,0.0000
2026-05-25T20:55:44.437879,6131,0.3000,0.0000,0.0000,0.0000
2026-05-25T20:55:44.537830,6132,0.3000,0.0000,0.0000,0.0000
2026-05-25T20:55:44.638307,6133,0.3000,0.0000,0.0000,0.0000
2026-05-25T20:55:44.738290,6134,0.3000,0.0000,0.0000,0.0000
2026-05-25T20:55:44.838713,6135,0.3000,0.0000,0.0000,0.0000
2026-05-25T20:55:44.938840,6136,0.3000,0.0000,0.0000,0.0000
2026-05-25T20:55:45.038966,6137,0.3000,0.0000,0.0000,0.0000
2026-05-25T20:55:45.139621,6138,0.3000,0.0000,0.0000,0.0000
2026-05-25T20:55:45.357509,6139,0.3000,0.0000,0.0000,0.0000
2026-05-25T20:55:45.457598,6140,0.3000,0.0000,0.0000,0.0000
2026-05-25T20:55:45.557863,6141,0.3000,0.0000,0.0000,0.0000
2026-05-25T20:55:45.657852,6142,0.3000,0.0000,0.0000,0.0000
2026-05-25T20:55:45.757967,6143,0.3000,0.0000,0.0000,0.0000
2026-05-25T20:55:45.858116,6144,0.3000,0.0000,0.0000,0.0000
2026-05-25T20:55:45.958218,6145,0.3000,0.0000,0.0000,0.0000
2026-05-25T20:55:46.058209,6146,0.3000,0.0000,0.0000,0.0000
2026-05-25T20:55:46.158420,6147,0.3000,0.0000,0.0000,0.0000
2026-05-25T20:55:46.258568,6148,0.3000,0.0000,0.0000,0.0000
2026-05-25T20:55:46.358698,6149,0.0000,0.0000,0.0000,-0.5000
2026-05-25T20:55:46.577944,6150,0.0000,0.0000,0.0000,-0.5000
2026-05-25T20:55:46.677693,6151,0.0000,0.0000,0.0000,-0.5000
2026-05-25T20:55:46.777909,6152,0.0000,0.0000,0.0000,-0.5000
2026-05-25T20:55:46.877918,6153,0.0000,0.0000,0.0000,-0.5000
2026-05-25T20:55:46.978066,6154,0.0000,0.0000,0.0000,-0.5000
2026-05-25T20:55:47.078164,6155,0.0000,0.0000,0.0000,-0.5000
2026-05-25T20:55:47.178293,6156,0.0000,0.0000,0.0000,-0.5000
2026-05-25T20:55:47.279327,6157,0.0000,0.0000,0.0000,-0.5000
2026-05-25T20:55:47.379435,6158,0.0000,0.0000,0.0000,-0.5000
2026-05-25T20:55:47.597383,6159,0.0000,0.0000,0.0000,-0.5000
2026-05-25T20:55:47.697609,6160,0.0000,0.0000,0.0000,-0.5000
2026-05-25T20:55:47.797710,6161,0.0000,0.0000,0.0000,-0.5000
2026-05-25T20:55:47.900237,6162,0.0000,0.0000,0.0000,-0.5000
2026-05-25T20:55:47.998035,6163,0.0000,0.0000,0.0000,-0.5000
2026-05-25T20:55:48.098409,6164,0.0000,0.0000,0.0000,-0.5000
2026-05-25T20:55:48.198458,6165,0.0000,0.0000,0.0000,-0.5000
2026-05-25T20:55:48.298605,6166,0.0000,0.0000,0.0000,-0.5000
2026-05-25T20:55:48.398723,6167,0.0000,0.0000,0.0000,-0.5000
2026-05-25T20:55:48.500357,6168,0.0000,0.0000,0.0000,-0.5000
2026-05-25T20:55:48.600977,6169,0.0000,0.0000,0.0000,-0.5000
2026-05-25T20:55:48.727649,6170,0.0000,0.0000,0.0000,-0.5000
2026-05-25T20:55:48.829358,6171,0.0000,0.0000,0.0000,-0.5000
2026-05-25T20:55:48.929460,6172,0.0000,0.0000,0.0000,-0.5000
2026-05-25T20:55:49.030198,6173,0.0000,0.0000,0.0000,-0.5000
2026-05-25T20:55:49.130793,6174,0.0000,0.0000,0.0000,-0.5000
2026-05-25T20:55:49.230929,6175,0.0000,0.0000,0.0000,-0.5000
2026-05-25T20:55:49.331060,6176,0.0000,0.0000,0.0000,-0.5000
2026-05-25T20:55:49.431180,6177,0.0000,0.0000,0.0000,-0.5000
2026-05-25T20:55:49.531376,6178,0.0000,0.0000,0.0000,-0.5000
2026-05-25T20:55:49.828760,6179,-0.2000,0.0000,0.0000,-0.5000
2026-05-25T20:55:49.929945,6180,-0.2000,0.0000,0.0000,-0.5000
2026-05-25T20:55:50.030177,6181,-0.2000,0.0000,0.0000,-0.5000
2026-05-25T20:55:50.130214,6182,-0.2000,0.0000,0.0000,-0.5000
2026-05-25T20:55:50.230679,6183,-0.2000,0.0000,0.0000,-0.5000
2026-05-25T20:55:50.330885,6184,-0.2000,0.0000,0.0000,-0.5000
2026-05-25T20:55:50.433439,6185,-0.2000,0.0000,0.0000,-0.5000
2026-05-25T20:55:50.531553,6186,-0.2000,0.0000,0.0000,-0.5000
2026-05-25T20:55:50.631316,6187,-0.2000,0.0000,0.0000,-0.5000
2026-05-25T20:55:50.731440,6188,-0.2000,0.0000,0.0000,-0.5000
2026-05-25T20:55:50.831527,6189,-0.2000,0.0000,0.0000,-0.5000
2026-05-25T20:55:51.069738,6190,-0.2000,0.0000,0.0000,-0.5000
2026-05-25T20:55:51.169910,6191,-0.2000,0.0000,0.0000,-0.5000
2026-05-25T20:55:51.270046,6192,-0.2000,0.0000,0.0000,-0.5000
2026-05-25T20:55:51.370159,6193,-0.2000,0.0000,0.0000,-0.5000
2026-05-25T20:55:51.470309,6194,-0.2000,0.0000,0.0000,-0.5000
2026-05-25T20:55:51.570385,6195,-0.2000,0.0000,0.0000,-0.5000
2026-05-25T20:55:51.670440,6196,-0.2000,0.0000,0.0000,-0.5000
2026-05-25T20:55:51.770569,6197,-0.2000,0.0000,0.0000,-0.5000
2026-05-25T20:55:51.870748,6198,-0.2000,0.0000,0.0000,-0.5000
2026-05-25T20:55:51.970868,6199,-0.2000,0.0000,0.0000,-0.5000
2026-05-25T20:55:52.071207,6200,-0.2000,0.0000,0.0000,-0.5000
2026-05-25T20:55:52.291307,6201,-0.2000,0.0000,0.0000,-0.5000
2026-05-25T20:55:52.391497,6202,-0.2000,0.0000,0.0000,-0.5000
2026-05-25T20:55:52.491602,6203,-0.2000,0.0000,0.0000,-0.5000
2026-05-25T20:55:52.592782,6204,-0.2000,0.0000,0.0000,-0.5000
2026-05-25T20:55:52.691896,6205,-0.2000,0.0000,0.0000,-0.5000
2026-05-25T20:55:52.792012,6206,-0.2000,0.0000,0.0000,-0.5000
2026-05-25T20:55:52.892112,6207,-0.2000,0.0000,0.0000,-0.5000
2026-05-25T20:55:52.992263,6208,-0.2000,0.0000,0.0000,-0.5000
2026-05-25T20:55:53.093044,6209,0.0000,0.0000,0.0000,0.5000
2026-05-25T20:55:53.307593,6210,0.0000,0.0000,0.0000,0.5000
2026-05-25T20:55:53.408020,6211,0.0000,0.0000,0.0000,0.5000
2026-05-25T20:55:53.508023,6212,0.0000,0.0000,0.0000,0.5000
2026-05-25T20:55:53.608106,6213,0.0000,0.0000,0.0000,0.5000
2026-05-25T20:55:53.708189,6214,0.0000,0.0000,0.0000,0.5000
2026-05-25T20:55:53.808350,6215,0.0000,0.0000,0.0000,0.5000
2026-05-25T20:55:53.908722,6216,0.0000,0.0000,0.0000,0.5000
2026-05-25T20:55:54.008923,6217,0.0000,0.0000,0.0000,0.5000
2026-05-25T20:55:54.109005,6218,0.0000,0.0000,0.0000,0.5000
2026-05-25T20:55:54.209339,6219,0.0000,0.0000,0.0000,0.5000
2026-05-25T20:55:54.309548,6220,0.0000,0.0000,0.0000,0.5000
2026-05-25T20:55:54.547841,6221,0.0000,0.0000,0.0000,0.5000
2026-05-25T20:55:54.647967,6222,0.0000,0.0000,0.0000,0.5000
2026-05-25T20:55:54.749095,6223,0.0000,0.0000,0.0000,0.5000
2026-05-25T20:55:54.849244,6224,0.0000,0.0000,0.0000,0.5000
2026-05-25T20:55:54.949283,6225,0.0000,0.0000,0.0000,0.5000
2026-05-25T20:55:55.049401,6226,0.0000,0.0000,0.0000,0.5000
2026-05-25T20:55:55.149452,6227,0.0000,0.0000,0.0000,0.5000
2026-05-25T20:55:55.249566,6228,0.0000,0.0000,0.0000,0.5000
2026-05-25T20:55:55.349702,6229,0.0000,0.0000,0.0000,0.5000
2026-05-25T20:55:55.449952,6230,0.0000,0.0000,0.0000,0.5000
2026-05-25T20:55:55.550092,6231,0.0000,0.0000,0.0000,0.5000
2026-05-25T20:55:55.771369,6232,0.0000,0.0000,0.0000,0.5000
2026-05-25T20:55:55.868044,6233,0.0000,0.0000,0.0000,0.5000
2026-05-25T20:55:55.968159,6234,0.0000,0.0000,0.0000,0.5000
2026-05-25T20:55:56.068306,6235,0.0000,0.0000,0.0000,0.5000
2026-05-25T20:55:56.168407,6236,0.0000,0.0000,0.0000,0.5000
2026-05-25T20:55:56.268515,6237,0.0000,0.0000,0.0000,0.5000
2026-05-25T20:55:56.368703,6238,0.0000,0.0000,0.0000,0.5000
2026-05-25T20:55:56.468807,6239,0.3000,0.0000,0.0000,0.0000
2026-05-25T20:55:56.569397,6240,0.3000,0.0000,0.0000,0.0000
2026-05-25T20:55:56.792431,6241,0.3000,0.0000,0.0000,0.0000
2026-05-25T20:55:56.892513,6242,0.3000,0.0000,0.0000,0.0000
2026-05-25T20:55:56.992649,6243,0.3000,0.0000,0.0000,0.0000
2026-05-25T20:55:57.092796,6244,0.3000,0.0000,0.0000,0.0000
2026-05-25T20:55:57.192923,6245,0.3000,0.0000,0.0000,0.0000
2026-05-25T20:55:57.293093,6246,0.3000,0.0000,0.0000,0.0000
2026-05-25T20:55:57.393196,6247,0.3000,0.0000,0.0000,0.0000
2026-05-25T20:55:57.493310,6248,0.3000,0.0000,0.0000,0.0000
2026-05-25T20:55:57.593425,6249,0.3000,0.0000,0.0000,0.0000
2026-05-25T20:55:57.693615,6250,0.3000,0.0000,0.0000,0.0000
2026-05-25T20:55:57.793692,6251,0.3000,0.0000,0.0000,0.0000
2026-05-25T20:55:57.997853,6252,0.3000,0.0000,0.0000,0.0000
2026-05-25T20:55:58.097911,6253,0.3000,0.0000,0.0000,0.0000
2026-05-25T20:55:58.198558,6254,0.3000,0.0000,0.0000,0.0000
2026-05-25T20:55:58.298275,6255,0.3000,0.0000,0.0000,0.0000
2026-05-25T20:55:58.400345,6256,0.3000,0.0000,0.0000,0.0000
2026-05-25T20:55:58.500502,6257,0.3000,0.0000,0.0000,0.0000
2026-05-25T20:55:58.600576,6258,0.3000,0.0000,0.0000,0.0000
2026-05-25T20:55:58.700715,6259,0.3000,0.0000,0.0000,0.0000
2026-05-25T20:55:58.800883,6260,0.3000,0.0000,0.0000,0.0000
2026-05-25T20:55:58.900989,6261,0.3000,0.0000,0.0000,0.0000
2026-05-25T20:55:59.002209,6262,0.3000,0.0000,0.0000,0.0000
2026-05-25T20:55:59.101231,6263,0.3000,0.0000,0.0000,0.0000
2026-05-25T20:55:59.201356,6264,0.3000,0.0000,0.0000,0.0000
2026-05-25T20:55:59.488480,6265,0.3000,0.0000,0.0000,0.0000
2026-05-25T20:55:59.588517,6266,0.3000,0.0000,0.0000,0.0000
2026-05-25T20:55:59.688658,6267,0.3000,0.0000,0.0000,0.0000
2026-05-25T20:55:59.788820,6268,0.3000,0.0000,0.0000,0.0000
2026-05-25T20:55:59.888904,6269,0.0000,0.0000,0.0000,-0.5000
2026-05-25T20:55:59.989731,6270,0.0000,0.0000,0.0000,-0.5000
2026-05-25T20:56:00.089951,6271,0.0000,0.0000,0.0000,-0.5000
2026-05-25T20:56:00.190048,6272,0.0000,0.0000,0.0000,-0.5000
2026-05-25T20:56:00.290176,6273,0.0000,0.0000,0.0000,-0.5000
2026-05-25T20:56:00.428968,6274,0.0000,0.0000,0.0000,-0.5000
2026-05-25T20:56:00.528972,6275,0.0000,0.0000,0.0000,-0.5000
2026-05-25T20:56:00.629105,6276,0.0000,0.0000,0.0000,-0.5000
2026-05-25T20:56:00.729250,6277,0.0000,0.0000,0.0000,-0.5000
2026-05-25T20:56:00.829365,6278,0.0000,0.0000,0.0000,-0.5000
2026-05-25T20:56:00.929457,6279,0.0000,0.0000,0.0000,-0.5000
2026-05-25T20:56:01.031688,6280,0.0000,0.0000,0.0000,-0.5000
2026-05-25T20:56:01.131844,6281,0.0000,0.0000,0.0000,-0.5000
2026-05-25T20:56:01.232037,6282,0.0000,0.0000,0.0000,-0.5000
2026-05-25T20:56:01.332109,6283,0.0000,0.0000,0.0000,-0.5000
2026-05-25T20:56:01.432231,6284,0.0000,0.0000,0.0000,-0.5000
2026-05-25T20:56:01.617887,6285,0.0000,0.0000,0.0000,-0.5000
2026-05-25T20:56:01.718164,6286,0.0000,0.0000,0.0000,-0.5000
2026-05-25T20:56:01.818108,6287,0.0000,0.0000,0.0000,-0.5000
2026-05-25T20:56:01.918237,6288,0.0000,0.0000,0.0000,-0.5000
2026-05-25T20:56:02.018198,6289,0.0000,0.0000,0.0000,-0.5000
2026-05-25T20:56:02.118312,6290,0.0000,0.0000,0.0000,-0.5000
2026-05-25T20:56:02.218490,6291,0.0000,0.0000,0.0000,-0.5000
2026-05-25T20:56:02.318571,6292,0.0000,0.0000,0.0000,-0.5000
2026-05-25T20:56:02.418753,6293,0.0000,0.0000,0.0000,-0.5000
2026-05-25T20:56:02.519847,6294,0.0000,0.0000,0.0000,-0.5000
2026-05-25T20:56:02.619637,6295,0.0000,0.0000,0.0000,-0.5000
2026-05-25T20:56:02.719953,6296,0.0000,0.0000,0.0000,-0.5000
2026-05-25T20:56:02.998011,6297,0.0000,0.0000,0.0000,-0.5000
2026-05-25T20:56:03.098104,6298,0.0000,0.0000,0.0000,-0.5000
2026-05-25T20:56:03.198235,6299,-0.2000,0.0000,0.0000,-0.5000
2026-05-25T20:56:03.298312,6300,-0.2000,0.0000,0.0000,-0.5000
2026-05-25T20:56:03.398464,6301,-0.2000,0.0000,0.0000,-0.5000
2026-05-25T20:56:03.498631,6302,-0.2000,0.0000,0.0000,-0.5000
2026-05-25T20:56:03.598739,6303,-0.2000,0.0000,0.0000,-0.5000
2026-05-25T20:56:03.698884,6304,-0.2000,0.0000,0.0000,-0.5000
2026-05-25T20:56:03.798995,6305,-0.2000,0.0000,0.0000,-0.5000
2026-05-25T20:56:03.899105,6306,-0.2000,0.0000,0.0000,-0.5000
2026-05-25T20:56:03.999257,6307,-0.2000,0.0000,0.0000,-0.5000
2026-05-25T20:56:04.099392,6308,-0.2000,0.0000,0.0000,-0.5000
2026-05-25T20:56:04.199536,6309,-0.2000,0.0000,0.0000,-0.5000
2026-05-25T20:56:04.418087,6310,-0.2000,0.0000,0.0000,-0.5000
2026-05-25T20:56:04.518172,6311,-0.2000,0.0000,0.0000,-0.5000
2026-05-25T20:56:04.618525,6312,-0.2000,0.0000,0.0000,-0.5000
2026-05-25T20:56:04.718363,6313,-0.2000,0.0000,0.0000,-0.5000
2026-05-25T20:56:04.818497,6314,-0.2000,0.0000,0.0000,-0.5000
2026-05-25T20:56:04.918623,6315,-0.2000,0.0000,0.0000,-0.5000
2026-05-25T20:56:05.018800,6316,-0.2000,0.0000,0.0000,-0.5000
2026-05-25T20:56:05.118866,6317,-0.2000,0.0000,0.0000,-0.5000
2026-05-25T20:56:05.218983,6318,-0.2000,0.0000,0.0000,-0.5000
2026-05-25T20:56:05.319376,6319,-0.2000,0.0000,0.0000,-0.5000
2026-05-25T20:56:05.419324,6320,-0.2000,0.0000,0.0000,-0.5000
2026-05-25T20:56:05.637999,6321,-0.2000,0.0000,0.0000,-0.5000
2026-05-25T20:56:05.738156,6322,-0.2000,0.0000,0.0000,-0.5000
2026-05-25T20:56:05.838751,6323,-0.2000,0.0000,0.0000,-0.5000
2026-05-25T20:56:05.938461,6324,-0.2000,0.0000,0.0000,-0.5000
2026-05-25T20:56:06.038586,6325,-0.2000,0.0000,0.0000,-0.5000
2026-05-25T20:56:06.138738,6326,-0.2000,0.0000,0.0000,-0.5000
2026-05-25T20:56:06.238815,6327,-0.2000,0.0000,0.0000,-0.5000
2026-05-25T20:56:06.339040,6328,-0.2000,0.0000,0.0000,-0.5000
2026-05-25T20:56:06.439126,6329,0.0000,0.0000,0.0000,0.5000
2026-05-25T20:56:06.648218,6330,0.0000,0.0000,0.0000,0.5000
2026-05-25T20:56:06.748383,6331,0.0000,0.0000,0.0000,0.5000
2026-05-25T20:56:06.848401,6332,0.0000,0.0000,0.0000,0.5000
2026-05-25T20:56:06.949086,6333,0.0000,0.0000,0.0000,0.5000
2026-05-25T20:56:07.049324,6334,0.0000,0.0000,0.0000,0.5000
2026-05-25T20:56:07.149320,6335,0.0000,0.0000,0.0000,0.5000
2026-05-25T20:56:07.249382,6336,0.0000,0.0000,0.0000,0.5000
2026-05-25T20:56:07.349616,6337,0.0000,0.0000,0.0000,0.5000
2026-05-25T20:56:07.449651,6338,0.0000,0.0000,0.0000,0.5000
2026-05-25T20:56:07.549850,6339,0.0000,0.0000,0.0000,0.5000
2026-05-25T20:56:07.649984,6340,0.0000,0.0000,0.0000,0.5000
2026-05-25T20:56:07.868117,6341,0.0000,0.0000,0.0000,0.5000
2026-05-25T20:56:07.968148,6342,0.0000,0.0000,0.0000,0.5000
2026-05-25T20:56:08.068328,6343,0.0000,0.0000,0.0000,0.5000
2026-05-25T20:56:08.168396,6344,0.0000,0.0000,0.0000,0.5000
2026-05-25T20:56:08.268574,6345,0.0000,0.0000,0.0000,0.5000
2026-05-25T20:56:08.368753,6346,0.0000,0.0000,0.0000,0.5000
2026-05-25T20:56:08.468908,6347,0.0000,0.0000,0.0000,0.5000
2026-05-25T20:56:08.569368,6348,0.0000,0.0000,0.0000,0.5000
2026-05-25T20:56:08.669497,6349,0.0000,0.0000,0.0000,0.5000
2026-05-25T20:56:08.769733,6350,0.0000,0.0000,0.0000,0.5000
2026-05-25T20:56:08.869782,6351,0.0000,0.0000,0.0000,0.5000
2026-05-25T20:56:09.088070,6352,0.0000,0.0000,0.0000,0.5000
2026-05-25T20:56:09.188204,6353,0.0000,0.0000,0.0000,0.5000
2026-05-25T20:56:09.288428,6354,0.0000,0.0000,0.0000,0.5000
2026-05-25T20:56:09.388342,6355,0.0000,0.0000,0.0000,0.5000
2026-05-25T20:56:09.488523,6356,0.0000,0.0000,0.0000,0.5000
2026-05-25T20:56:09.588641,6357,0.0000,0.0000,0.0000,0.5000
2026-05-25T20:56:09.688761,6358,0.0000,0.0000,0.0000,0.5000
2026-05-25T20:56:09.788922,6359,0.3000,0.0000,0.0000,0.0000
2026-05-25T20:56:09.888983,6360,0.3000,0.0000,0.0000,0.0000
2026-05-25T20:56:09.989438,6361,0.3000,0.0000,0.0000,0.0000
2026-05-25T20:56:10.089613,6362,0.3000,0.0000,0.0000,0.0000
2026-05-25T20:56:10.308045,6363,0.3000,0.0000,0.0000,0.0000
2026-05-25T20:56:10.408054,6364,0.3000,0.0000,0.0000,0.0000
2026-05-25T20:56:10.508184,6365,0.3000,0.0000,0.0000,0.0000
2026-05-25T20:56:10.608366,6366,0.3000,0.0000,0.0000,0.0000
2026-05-25T20:56:10.708418,6367,0.3000,0.0000,0.0000,0.0000
2026-05-25T20:56:10.808522,6368,0.3000,0.0000,0.0000,0.0000
2026-05-25T20:56:10.908703,6369,0.3000,0.0000,0.0000,0.0000
2026-05-25T20:56:11.008833,6370,0.3000,0.0000,0.0000,0.0000
2026-05-25T20:56:11.108978,6371,0.3000,0.0000,0.0000,0.0000
2026-05-25T20:56:11.209378,6372,0.3000,0.0000,0.0000,0.0000
2026-05-25T20:56:11.309694,6373,0.3000,0.0000,0.0000,0.0000
2026-05-25T20:56:11.528073,6374,0.3000,0.0000,0.0000,0.0000
2026-05-25T20:56:11.628177,6375,0.3000,0.0000,0.0000,0.0000
2026-05-25T20:56:11.728620,6376,0.3000,0.0000,0.0000,0.0000
2026-05-25T20:56:11.828578,6377,0.3000,0.0000,0.0000,0.0000
2026-05-25T20:56:11.928881,6378,0.3000,0.0000,0.0000,0.0000
2026-05-25T20:56:12.028898,6379,0.3000,0.0000,0.0000,0.0000
2026-05-25T20:56:12.129049,6380,0.3000,0.0000,0.0000,0.0000
2026-05-25T20:56:12.229088,6381,0.3000,0.0000,0.0000,0.0000
2026-05-25T20:56:12.330189,6382,0.3000,0.0000,0.0000,0.0000
2026-05-25T20:56:12.430317,6383,0.3000,0.0000,0.0000,0.0000
2026-05-25T20:56:12.530408,6384,0.3000,0.0000,0.0000,0.0000
2026-05-25T20:56:12.748237,6385,0.3000,0.0000,0.0000,0.0000
2026-05-25T20:56:12.848323,6386,0.3000,0.0000,0.0000,0.0000
2026-05-25T20:56:12.948363,6387,0.3000,0.0000,0.0000,0.0000
2026-05-25T20:56:13.048592,6388,0.3000,0.0000,0.0000,0.0000
2026-05-25T20:56:13.148672,6389,0.0000,0.0000,0.0000,-0.5000
2026-05-25T20:56:13.249411,6390,0.0000,0.0000,0.0000,-0.5000
2026-05-25T20:56:13.348887,6391,0.0000,0.0000,0.0000,-0.5000
2026-05-25T20:56:13.449025,6392,0.0000,0.0000,0.0000,-0.5000
2026-05-25T20:56:13.549414,6393,0.0000,0.0000,0.0000,-0.5000
2026-05-25T20:56:13.768195,6394,0.0000,0.0000,0.0000,-0.5000
2026-05-25T20:56:13.868612,6395,0.0000,0.0000,0.0000,-0.5000
2026-05-25T20:56:13.968698,6396,0.0000,0.0000,0.0000,-0.5000
2026-05-25T20:56:14.070596,6397,0.0000,0.0000,0.0000,-0.5000
2026-05-25T20:56:14.170788,6398,0.0000,0.0000,0.0000,-0.5000
2026-05-25T20:56:14.271303,6399,0.0000,0.0000,0.0000,-0.5000
2026-05-25T20:56:14.371335,6400,0.0000,0.0000,0.0000,-0.5000
2026-05-25T20:56:14.471466,6401,0.0000,0.0000,0.0000,-0.5000
2026-05-25T20:56:14.571565,6402,0.0000,0.0000,0.0000,-0.5000
2026-05-25T20:56:14.788042,6403,0.0000,0.0000,0.0000,-0.5000
2026-05-25T20:56:14.888586,6404,0.0000,0.0000,0.0000,-0.5000
2026-05-25T20:56:14.988378,6405,0.0000,0.0000,0.0000,-0.5000
2026-05-25T20:56:15.088929,6406,0.0000,0.0000,0.0000,-0.5000
2026-05-25T20:56:15.188648,6407,0.0000,0.0000,0.0000,-0.5000
2026-05-25T20:56:15.288756,6408,0.0000,0.0000,0.0000,-0.5000
2026-05-25T20:56:15.389475,6409,0.0000,0.0000,0.0000,-0.5000
2026-05-25T20:56:15.489597,6410,0.0000,0.0000,0.0000,-0.5000
2026-05-25T20:56:15.590648,6411,0.0000,0.0000,0.0000,-0.5000
2026-05-25T20:56:15.690739,6412,0.0000,0.0000,0.0000,-0.5000
2026-05-25T20:56:15.792920,6413,0.0000,0.0000,0.0000,-0.5000
2026-05-25T20:56:16.011404,6414,0.0000,0.0000,0.0000,-0.5000
2026-05-25T20:56:16.111515,6415,0.0000,0.0000,0.0000,-0.5000
2026-05-25T20:56:16.211715,6416,0.0000,0.0000,0.0000,-0.5000
2026-05-25T20:56:16.312306,6417,0.0000,0.0000,0.0000,-0.5000
2026-05-25T20:56:16.412357,6418,0.0000,0.0000,0.0000,-0.5000
2026-05-25T20:56:16.512508,6419,-0.2000,0.0000,0.0000,-0.5000
2026-05-25T20:56:16.612646,6420,-0.2000,0.0000,0.0000,-0.5000
2026-05-25T20:56:16.712775,6421,-0.2000,0.0000,0.0000,-0.5000
2026-05-25T20:56:16.813030,6422,-0.2000,0.0000,0.0000,-0.5000
2026-05-25T20:56:16.912936,6423,-0.2000,0.0000,0.0000,-0.5000
2026-05-25T20:56:17.013254,6424,-0.2000,0.0000,0.0000,-0.5000
2026-05-25T20:56:17.113286,6425,-0.2000,0.0000,0.0000,-0.5000
2026-05-25T20:56:17.213320,6426,-0.2000,0.0000,0.0000,-0.5000
2026-05-25T20:56:17.428434,6427,-0.2000,0.0000,0.0000,-0.5000
2026-05-25T20:56:17.528356,6428,-0.2000,0.0000,0.0000,-0.5000
2026-05-25T20:56:17.628496,6429,-0.2000,0.0000,0.0000,-0.5000
2026-05-25T20:56:17.728565,6430,-0.2000,0.0000,0.0000,-0.5000
2026-05-25T20:56:17.828733,6431,-0.2000,0.0000,0.0000,-0.5000
2026-05-25T20:56:17.928708,6432,-0.2000,0.0000,0.0000,-0.5000
2026-05-25T20:56:18.028929,6433,-0.2000,0.0000,0.0000,-0.5000
2026-05-25T20:56:18.129094,6434,-0.2000,0.0000,0.0000,-0.5000
2026-05-25T20:56:18.229280,6435,-0.2000,0.0000,0.0000,-0.5000
2026-05-25T20:56:18.438356,6436,-0.2000,0.0000,0.0000,-0.5000
2026-05-25T20:56:18.538383,6437,-0.2000,0.0000,0.0000,-0.5000
2026-05-25T20:56:18.638512,6438,-0.2000,0.0000,0.0000,-0.5000
2026-05-25T20:56:18.738663,6439,-0.2000,0.0000,0.0000,-0.5000
2026-05-25T20:56:18.838830,6440,-0.2000,0.0000,0.0000,-0.5000
2026-05-25T20:56:18.938977,6441,-0.2000,0.0000,0.0000,-0.5000
2026-05-25T20:56:19.040623,6442,-0.2000,0.0000,0.0000,-0.5000
2026-05-25T20:56:19.140729,6443,-0.2000,0.0000,0.0000,-0.5000
2026-05-25T20:56:19.241508,6444,-0.2000,0.0000,0.0000,-0.5000
2026-05-25T20:56:19.448425,6445,-0.2000,0.0000,0.0000,-0.5000
2026-05-25T20:56:19.548502,6446,-0.2000,0.0000,0.0000,-0.5000
2026-05-25T20:56:19.648542,6447,-0.2000,0.0000,0.0000,-0.5000
2026-05-25T20:56:19.748669,6448,-0.2000,0.0000,0.0000,-0.5000
2026-05-25T20:56:19.848864,6449,0.0000,0.0000,0.0000,0.5000
2026-05-25T20:56:19.948945,6450,0.0000,0.0000,0.0000,0.5000
2026-05-25T20:56:20.049032,6451,0.0000,0.0000,0.0000,0.5000
2026-05-25T20:56:20.149172,6452,0.0000,0.0000,0.0000,0.5000
2026-05-25T20:56:20.249281,6453,0.0000,0.0000,0.0000,0.5000
2026-05-25T20:56:20.349316,6454,0.0000,0.0000,0.0000,0.5000
2026-05-25T20:56:20.449471,6455,0.0000,0.0000,0.0000,0.5000
2026-05-25T20:56:20.668198,6456,0.0000,0.0000,0.0000,0.5000
2026-05-25T20:56:20.768366,6457,0.0000,0.0000,0.0000,0.5000
2026-05-25T20:56:20.868538,6458,0.0000,0.0000,0.0000,0.5000
2026-05-25T20:56:20.968650,6459,0.0000,0.0000,0.0000,0.5000
2026-05-25T20:56:21.069343,6460,0.0000,0.0000,0.0000,0.5000
2026-05-25T20:56:21.169518,6461,0.0000,0.0000,0.0000,0.5000
2026-05-25T20:56:21.269628,6462,0.0000,0.0000,0.0000,0.5000
2026-05-25T20:56:21.369829,6463,0.0000,0.0000,0.0000,0.5000
2026-05-25T20:56:21.470009,6464,0.0000,0.0000,0.0000,0.5000
2026-05-25T20:56:21.688355,6465,0.0000,0.0000,0.0000,0.5000
2026-05-25T20:56:21.788412,6466,0.0000,0.0000,0.0000,0.5000
2026-05-25T20:56:21.888508,6467,0.0000,0.0000,0.0000,0.5000
2026-05-25T20:56:21.988681,6468,0.0000,0.0000,0.0000,0.5000
2026-05-25T20:56:22.088729,6469,0.0000,0.0000,0.0000,0.5000
2026-05-25T20:56:22.188942,6470,0.0000,0.0000,0.0000,0.5000
2026-05-25T20:56:22.288999,6471,0.0000,0.0000,0.0000,0.5000
2026-05-25T20:56:22.389222,6472,0.0000,0.0000,0.0000,0.5000
2026-05-25T20:56:22.489377,6473,0.0000,0.0000,0.0000,0.5000
2026-05-25T20:56:22.589324,6474,0.0000,0.0000,0.0000,0.5000
2026-05-25T20:56:22.689525,6475,0.0000,0.0000,0.0000,0.5000
2026-05-25T20:56:22.908454,6476,0.0000,0.0000,0.0000,0.5000
2026-05-25T20:56:23.008621,6477,0.0000,0.0000,0.0000,0.5000
2026-05-25T20:56:23.108762,6478,0.0000,0.0000,0.0000,0.5000
2026-05-25T20:56:23.208848,6479,0.3000,0.0000,0.0000,0.0000
2026-05-25T20:56:23.308950,6480,0.3000,0.0000,0.0000,0.0000
2026-05-25T20:56:23.409040,6481,0.3000,0.0000,0.0000,0.0000
2026-05-25T20:56:23.509241,6482,0.3000,0.0000,0.0000,0.0000
2026-05-25T20:56:23.609380,6483,0.3000,0.0000,0.0000,0.0000
2026-05-25T20:56:23.709459,6484,0.3000,0.0000,0.0000,0.0000
2026-05-25T20:56:23.918450,6485,0.3000,0.0000,0.0000,0.0000
2026-05-25T20:56:24.018793,6486,0.3000,0.0000,0.0000,0.0000
2026-05-25T20:56:24.119380,6487,0.3000,0.0000,0.0000,0.0000
2026-05-25T20:56:24.219522,6488,0.3000,0.0000,0.0000,0.0000
2026-05-25T20:56:24.320018,6489,0.3000,0.0000,0.0000,0.0000
2026-05-25T20:56:24.422377,6490,0.3000,0.0000,0.0000,0.0000
2026-05-25T20:56:24.522475,6491,0.3000,0.0000,0.0000,0.0000
2026-05-25T20:56:24.622698,6492,0.3000,0.0000,0.0000,0.0000
2026-05-25T20:56:24.722800,6493,0.3000,0.0000,0.0000,0.0000
2026-05-25T20:56:24.822972,6494,0.3000,0.0000,0.0000,0.0000
2026-05-25T20:56:24.923082,6495,0.3000,0.0000,0.0000,0.0000
2026-05-25T20:56:25.023197,6496,0.3000,0.0000,0.0000,0.0000
2026-05-25T20:56:25.123443,6497,0.3000,0.0000,0.0000,0.0000
2026-05-25T20:56:25.429103,6498,0.3000,0.0000,0.0000,0.0000
2026-05-25T20:56:25.528634,6499,0.3000,0.0000,0.0000,0.0000
2026-05-25T20:56:25.628751,6500,0.3000,0.0000,0.0000,0.0000
2026-05-25T20:56:25.729545,6501,0.3000,0.0000,0.0000,0.0000
2026-05-25T20:56:25.829064,6502,0.3000,0.0000,0.0000,0.0000
2026-05-25T20:56:25.929178,6503,0.3000,0.0000,0.0000,0.0000
2026-05-25T20:56:26.029297,6504,0.3000,0.0000,0.0000,0.0000
2026-05-25T20:56:26.129375,6505,0.3000,0.0000,0.0000,0.0000
2026-05-25T20:56:26.229569,6506,0.3000,0.0000,0.0000,0.0000
2026-05-25T20:56:26.329617,6507,0.3000,0.0000,0.0000,0.0000
2026-05-25T20:56:26.431395,6508,0.3000,0.0000,0.0000,0.0000
2026-05-25T20:56:26.531502,6509,0.0000,0.0000,0.0000,-0.5000
2026-05-25T20:56:26.631606,6510,0.0000,0.0000,0.0000,-0.5000
2026-05-25T20:56:26.848865,6511,0.0000,0.0000,0.0000,-0.5000
2026-05-25T20:56:26.948967,6512,0.0000,0.0000,0.0000,-0.5000
2026-05-25T20:56:27.049044,6513,0.0000,0.0000,0.0000,-0.5000
2026-05-25T20:56:27.149174,6514,0.0000,0.0000,0.0000,-0.5000
2026-05-25T20:56:27.249478,6515,0.0000,0.0000,0.0000,-0.5000
2026-05-25T20:56:27.349398,6516,0.0000,0.0000,0.0000,-0.5000
2026-05-25T20:56:27.449551,6517,0.0000,0.0000,0.0000,-0.5000
2026-05-25T20:56:27.549626,6518,0.0000,0.0000,0.0000,-0.5000
2026-05-25T20:56:27.650033,6519,0.0000,0.0000,0.0000,-0.5000
2026-05-25T20:56:27.750034,6520,0.0000,0.0000,0.0000,-0.5000
2026-05-25T20:56:27.850581,6521,0.0000,0.0000,0.0000,-0.5000
2026-05-25T20:56:28.078455,6522,0.0000,0.0000,0.0000,-0.5000
2026-05-25T20:56:28.178803,6523,0.0000,0.0000,0.0000,-0.5000
2026-05-25T20:56:28.278937,6524,0.0000,0.0000,0.0000,-0.5000
2026-05-25T20:56:28.381370,6525,0.0000,0.0000,0.0000,-0.5000
2026-05-25T20:56:28.481508,6526,0.0000,0.0000,0.0000,-0.5000
2026-05-25T20:56:28.581567,6527,0.0000,0.0000,0.0000,-0.5000
2026-05-25T20:56:28.681880,6528,0.0000,0.0000,0.0000,-0.5000
2026-05-25T20:56:28.781930,6529,0.0000,0.0000,0.0000,-0.5000
2026-05-25T20:56:28.881983,6530,0.0000,0.0000,0.0000,-0.5000
2026-05-25T20:56:28.982152,6531,0.0000,0.0000,0.0000,-0.5000
2026-05-25T20:56:29.082280,6532,0.0000,0.0000,0.0000,-0.5000
2026-05-25T20:56:29.182370,6533,0.0000,0.0000,0.0000,-0.5000
2026-05-25T20:56:29.282507,6534,0.0000,0.0000,0.0000,-0.5000
2026-05-25T20:56:29.498602,6535,0.0000,0.0000,0.0000,-0.5000
2026-05-25T20:56:29.598677,6536,0.0000,0.0000,0.0000,-0.5000
2026-05-25T20:56:29.699694,6537,0.0000,0.0000,0.0000,-0.5000
2026-05-25T20:56:29.798959,6538,0.0000,0.0000,0.0000,-0.5000
2026-05-25T20:56:29.899359,6539,-0.2000,0.0000,0.0000,-0.5000
2026-05-25T20:56:29.999489,6540,-0.2000,0.0000,0.0000,-0.5000
2026-05-25T20:56:30.099609,6541,-0.2000,0.0000,0.0000,-0.5000
2026-05-25T20:56:30.199748,6542,-0.2000,0.0000,0.0000,-0.5000
2026-05-25T20:56:30.300194,6543,-0.2000,0.0000,0.0000,-0.5000
2026-05-25T20:56:30.400020,6544,-0.2000,0.0000,0.0000,-0.5000
2026-05-25T20:56:30.500140,6545,-0.2000,0.0000,0.0000,-0.5000
2026-05-25T20:56:30.778712,6546,-0.2000,0.0000,0.0000,-0.5000
2026-05-25T20:56:30.878943,6547,-0.2000,0.0000,0.0000,-0.5000
2026-05-25T20:56:30.979403,6548,-0.2000,0.0000,0.0000,-0.5000
2026-05-25T20:56:31.079428,6549,-0.2000,0.0000,0.0000,-0.5000
2026-05-25T20:56:31.179615,6550,-0.2000,0.0000,0.0000,-0.5000
2026-05-25T20:56:31.279732,6551,-0.2000,0.0000,0.0000,-0.5000
2026-05-25T20:56:31.379884,6552,-0.2000,0.0000,0.0000,-0.5000
2026-05-25T20:56:31.479974,6553,-0.2000,0.0000,0.0000,-0.5000
2026-05-25T20:56:31.580239,6554,-0.2000,0.0000,0.0000,-0.5000
2026-05-25T20:56:31.680317,6555,-0.2000,0.0000,0.0000,-0.5000
2026-05-25T20:56:31.780909,6556,-0.2000,0.0000,0.0000,-0.5000
2026-05-25T20:56:31.880463,6557,-0.2000,0.0000,0.0000,-0.5000
2026-05-25T20:56:31.980633,6558,-0.2000,0.0000,0.0000,-0.5000
2026-05-25T20:56:32.208635,6559,-0.2000,0.0000,0.0000,-0.5000
2026-05-25T20:56:32.308683,6560,-0.2000,0.0000,0.0000,-0.5000
2026-05-25T20:56:32.409133,6561,-0.2000,0.0000,0.0000,-0.5000
2026-05-25T20:56:32.509360,6562,-0.2000,0.0000,0.0000,-0.5000
2026-05-25T20:56:32.609446,6563,-0.2000,0.0000,0.0000,-0.5000
2026-05-25T20:56:32.709661,6564,-0.2000,0.0000,0.0000,-0.5000
2026-05-25T20:56:32.809868,6565,-0.2000,0.0000,0.0000,-0.5000
2026-05-25T20:56:32.909900,6566,-0.2000,0.0000,0.0000,-0.5000
2026-05-25T20:56:33.010085,6567,-0.2000,0.0000,0.0000,-0.5000
2026-05-25T20:56:33.110121,6568,-0.2000,0.0000,0.0000,-0.5000
2026-05-25T20:56:33.210335,6569,0.0000,0.0000,0.0000,0.5000
2026-05-25T20:56:33.438667,6570,0.0000,0.0000,0.0000,0.5000
2026-05-25T20:56:33.538721,6571,0.0000,0.0000,0.0000,0.5000
2026-05-25T20:56:33.640419,6572,0.0000,0.0000,0.0000,0.5000
2026-05-25T20:56:33.740514,6573,0.0000,0.0000,0.0000,0.5000
2026-05-25T20:56:33.840565,6574,0.0000,0.0000,0.0000,0.5000
2026-05-25T20:56:33.940778,6575,0.0000,0.0000,0.0000,0.5000
2026-05-25T20:56:34.040862,6576,0.0000,0.0000,0.0000,0.5000
2026-05-25T20:56:34.141024,6577,0.0000,0.0000,0.0000,0.5000
2026-05-25T20:56:34.241325,6578,0.0000,0.0000,0.0000,0.5000
2026-05-25T20:56:34.448757,6579,0.0000,0.0000,0.0000,0.5000
2026-05-25T20:56:34.548805,6580,0.0000,0.0000,0.0000,0.5000
2026-05-25T20:56:34.648910,6581,0.0000,0.0000,0.0000,0.5000
2026-05-25T20:56:34.749102,6582,0.0000,0.0000,0.0000,0.5000
2026-05-25T20:56:34.849216,6583,0.0000,0.0000,0.0000,0.5000
2026-05-25T20:56:34.949345,6584,0.0000,0.0000,0.0000,0.5000
2026-05-25T20:56:35.049343,6585,0.0000,0.0000,0.0000,0.5000
2026-05-25T20:56:35.149436,6586,0.0000,0.0000,0.0000,0.5000
2026-05-25T20:56:35.249651,6587,0.0000,0.0000,0.0000,0.5000
2026-05-25T20:56:35.349738,6588,0.0000,0.0000,0.0000,0.5000
2026-05-25T20:56:35.449928,6589,0.0000,0.0000,0.0000,0.5000
2026-05-25T20:56:35.668705,6590,0.0000,0.0000,0.0000,0.5000
2026-05-25T20:56:35.768867,6591,0.0000,0.0000,0.0000,0.5000
2026-05-25T20:56:35.868882,6592,0.0000,0.0000,0.0000,0.5000
2026-05-25T20:56:35.969018,6593,0.0000,0.0000,0.0000,0.5000
2026-05-25T20:56:36.069182,6594,0.0000,0.0000,0.0000,0.5000
2026-05-25T20:56:36.169259,6595,0.0000,0.0000,0.0000,0.5000
2026-05-25T20:56:36.269379,6596,0.0000,0.0000,0.0000,0.5000
2026-05-25T20:56:36.369472,6597,0.0000,0.0000,0.0000,0.5000
2026-05-25T20:56:36.469593,6598,0.0000,0.0000,0.0000,0.5000
2026-05-25T20:56:36.569822,6599,0.3000,0.0000,0.0000,0.0000
2026-05-25T20:56:36.669865,6600,0.3000,0.0000,0.0000,0.0000
2026-05-25T20:56:36.889014,6601,0.3000,0.0000,0.0000,0.0000
2026-05-25T20:56:36.988851,6602,0.3000,0.0000,0.0000,0.0000
2026-05-25T20:56:37.089019,6603,0.3000,0.0000,0.0000,0.0000
2026-05-25T20:56:37.189108,6604,0.3000,0.0000,0.0000,0.0000
2026-05-25T20:56:37.289223,6605,0.3000,0.0000,0.0000,0.0000
2026-05-25T20:56:37.389315,6606,0.3000,0.0000,0.0000,0.0000
2026-05-25T20:56:37.491235,6607,0.3000,0.0000,0.0000,0.0000
2026-05-25T20:56:37.590114,6608,0.3000,0.0000,0.0000,0.0000
2026-05-25T20:56:37.690204,6609,0.3000,0.0000,0.0000,0.0000
2026-05-25T20:56:37.899877,6610,0.3000,0.0000,0.0000,0.0000
2026-05-25T20:56:37.999888,6611,0.3000,0.0000,0.0000,0.0000
2026-05-25T20:56:38.100059,6612,0.3000,0.0000,0.0000,0.0000
2026-05-25T20:56:38.200189,6613,0.3000,0.0000,0.0000,0.0000
2026-05-25T20:56:38.300326,6614,0.3000,0.0000,0.0000,0.0000
2026-05-25T20:56:38.400381,6615,0.3000,0.0000,0.0000,0.0000
2026-05-25T20:56:38.500509,6616,0.3000,0.0000,0.0000,0.0000
2026-05-25T20:56:38.600559,6617,0.3000,0.0000,0.0000,0.0000
2026-05-25T20:56:38.700685,6618,0.3000,0.0000,0.0000,0.0000
2026-05-25T20:56:38.800839,6619,0.3000,0.0000,0.0000,0.0000
2026-05-25T20:56:38.901036,6620,0.3000,0.0000,0.0000,0.0000
2026-05-25T20:56:39.118744,6621,0.3000,0.0000,0.0000,0.0000
2026-05-25T20:56:39.218907,6622,0.3000,0.0000,0.0000,0.0000
2026-05-25T20:56:39.318942,6623,0.3000,0.0000,0.0000,0.0000
2026-05-25T20:56:39.420268,6624,0.3000,0.0000,0.0000,0.0000
2026-05-25T20:56:39.520681,6625,0.3000,0.0000,0.0000,0.0000
2026-05-25T20:56:39.620837,6626,0.3000,0.0000,0.0000,0.0000
2026-05-25T20:56:39.720995,6627,0.3000,0.0000,0.0000,0.0000
2026-05-25T20:56:39.821133,6628,0.3000,0.0000,0.0000,0.0000
2026-05-25T20:56:39.921245,6629,0.0000,0.0000,0.0000,-0.5000
2026-05-25T20:56:40.021349,6630,0.0000,0.0000,0.0000,-0.5000
2026-05-25T20:56:40.121463,6631,0.0000,0.0000,0.0000,-0.5000
2026-05-25T20:56:40.398895,6632,0.0000,0.0000,0.0000,-0.5000
2026-05-25T20:56:40.499028,6633,0.0000,0.0000,0.0000,-0.5000
2026-05-25T20:56:40.599191,6634,0.0000,0.0000,0.0000,-0.5000
2026-05-25T20:56:40.699219,6635,0.0000,0.0000,0.0000,-0.5000
2026-05-25T20:56:40.799385,6636,0.0000,0.0000,0.0000,-0.5000
2026-05-25T20:56:40.899568,6637,0.0000,0.0000,0.0000,-0.5000
2026-05-25T20:56:40.999655,6638,0.0000,0.0000,0.0000,-0.5000
2026-05-25T20:56:41.099792,6639,0.0000,0.0000,0.0000,-0.5000
2026-05-25T20:56:41.199861,6640,0.0000,0.0000,0.0000,-0.5000
2026-05-25T20:56:41.300183,6641,0.0000,0.0000,0.0000,-0.5000
2026-05-25T20:56:41.400180,6642,0.0000,0.0000,0.0000,-0.5000
2026-05-25T20:56:41.500334,6643,0.0000,0.0000,0.0000,-0.5000
2026-05-25T20:56:41.600377,6644,0.0000,0.0000,0.0000,-0.5000
2026-05-25T20:56:41.700511,6645,0.0000,0.0000,0.0000,-0.5000
2026-05-25T20:56:41.800623,6646,0.0000,0.0000,0.0000,-0.5000
2026-05-25T20:56:42.058917,6647,0.0000,0.0000,0.0000,-0.5000
2026-05-25T20:56:42.158951,6648,0.0000,0.0000,0.0000,-0.5000
2026-05-25T20:56:42.259094,6649,0.0000,0.0000,0.0000,-0.5000
2026-05-25T20:56:42.359267,6650,0.0000,0.0000,0.0000,-0.5000
2026-05-25T20:56:42.459343,6651,0.0000,0.0000,0.0000,-0.5000
2026-05-25T20:56:42.559428,6652,0.0000,0.0000,0.0000,-0.5000
2026-05-25T20:56:42.659587,6653,0.0000,0.0000,0.0000,-0.5000
2026-05-25T20:56:42.759723,6654,0.0000,0.0000,0.0000,-0.5000
2026-05-25T20:56:42.859811,6655,0.0000,0.0000,0.0000,-0.5000
2026-05-25T20:56:42.959938,6656,0.0000,0.0000,0.0000,-0.5000
2026-05-25T20:56:43.060129,6657,0.0000,0.0000,0.0000,-0.5000
2026-05-25T20:56:43.218797,6658,0.0000,0.0000,0.0000,-0.5000
2026-05-25T20:56:43.318888,6659,-0.2000,0.0000,0.0000,-0.5000
2026-05-25T20:56:43.419233,6660,-0.2000,0.0000,0.0000,-0.5000
2026-05-25T20:56:43.519221,6661,-0.2000,0.0000,0.0000,-0.5000
2026-05-25T20:56:43.619325,6662,-0.2000,0.0000,0.0000,-0.5000
2026-05-25T20:56:43.720344,6663,-0.2000,0.0000,0.0000,-0.5000
2026-05-25T20:56:43.820395,6664,-0.2000,0.0000,0.0000,-0.5000
2026-05-25T20:56:43.920498,6665,-0.2000,0.0000,0.0000,-0.5000
2026-05-25T20:56:44.020912,6666,-0.2000,0.0000,0.0000,-0.5000
2026-05-25T20:56:44.289003,6667,-0.2000,0.0000,0.0000,-0.5000
2026-05-25T20:56:44.389208,6668,-0.2000,0.0000,0.0000,-0.5000
2026-05-25T20:56:44.489432,6669,-0.2000,0.0000,0.0000,-0.5000
2026-05-25T20:56:44.589497,6670,-0.2000,0.0000,0.0000,-0.5000
2026-05-25T20:56:44.689336,6671,-0.2000,0.0000,0.0000,-0.5000
2026-05-25T20:56:44.789490,6672,-0.2000,0.0000,0.0000,-0.5000
2026-05-25T20:56:44.889588,6673,-0.2000,0.0000,0.0000,-0.5000
2026-05-25T20:56:44.989752,6674,-0.2000,0.0000,0.0000,-0.5000
2026-05-25T20:56:45.091413,6675,-0.2000,0.0000,0.0000,-0.5000
2026-05-25T20:56:45.280977,6676,-0.2000,0.0000,0.0000,-0.5000
2026-05-25T20:56:45.381121,6677,-0.2000,0.0000,0.0000,-0.5000
2026-05-25T20:56:45.481238,6678,-0.2000,0.0000,0.0000,-0.5000
2026-05-25T20:56:45.581404,6679,-0.2000,0.0000,0.0000,-0.5000
2026-05-25T20:56:45.681479,6680,-0.2000,0.0000,0.0000,-0.5000
2026-05-25T20:56:45.781711,6681,-0.2000,0.0000,0.0000,-0.5000
2026-05-25T20:56:45.881784,6682,-0.2000,0.0000,0.0000,-0.5000
2026-05-25T20:56:45.981916,6683,-0.2000,0.0000,0.0000,-0.5000
2026-05-25T20:56:46.082029,6684,-0.2000,0.0000,0.0000,-0.5000
2026-05-25T20:56:46.308909,6685,-0.2000,0.0000,0.0000,-0.5000
2026-05-25T20:56:46.408962,6686,-0.2000,0.0000,0.0000,-0.5000
2026-05-25T20:56:46.509100,6687,-0.2000,0.0000,0.0000,-0.5000
2026-05-25T20:56:46.609303,6688,-0.2000,0.0000,0.0000,-0.5000
2026-05-25T20:56:46.709411,6689,0.0000,0.0000,0.0000,0.5000
2026-05-25T20:56:46.809647,6690,0.0000,0.0000,0.0000,0.5000
2026-05-25T20:56:46.909981,6691,0.0000,0.0000,0.0000,0.5000
2026-05-25T20:56:47.010285,6692,0.0000,0.0000,0.0000,0.5000
2026-05-25T20:56:47.110275,6693,0.0000,0.0000,0.0000,0.5000
2026-05-25T20:56:47.348935,6694,0.0000,0.0000,0.0000,0.5000
2026-05-25T20:56:47.449033,6695,0.0000,0.0000,0.0000,0.5000
2026-05-25T20:56:47.549181,6696,0.0000,0.0000,0.0000,0.5000
2026-05-25T20:56:47.649385,6697,0.0000,0.0000,0.0000,0.5000
2026-05-25T20:56:47.749510,6698,0.0000,0.0000,0.0000,0.5000
2026-05-25T20:56:47.849655,6699,0.0000,0.0000,0.0000,0.5000
2026-05-25T20:56:47.949749,6700,0.0000,0.0000,0.0000,0.5000
2026-05-25T20:56:48.050331,6701,0.0000,0.0000,0.0000,0.5000
2026-05-25T20:56:48.150472,6702,0.0000,0.0000,0.0000,0.5000
2026-05-25T20:56:48.250541,6703,0.0000,0.0000,0.0000,0.5000
2026-05-25T20:56:48.350691,6704,0.0000,0.0000,0.0000,0.5000
2026-05-25T20:56:48.569878,6705,0.0000,0.0000,0.0000,0.5000
2026-05-25T20:56:48.669053,6706,0.0000,0.0000,0.0000,0.5000
2026-05-25T20:56:48.770384,6707,0.0000,0.0000,0.0000,0.5000
2026-05-25T20:56:48.870487,6708,0.0000,0.0000,0.0000,0.5000
2026-05-25T20:56:48.970645,6709,0.0000,0.0000,0.0000,0.5000
2026-05-25T20:56:49.070700,6710,0.0000,0.0000,0.0000,0.5000
2026-05-25T20:56:49.170890,6711,0.0000,0.0000,0.0000,0.5000
2026-05-25T20:56:49.271037,6712,0.0000,0.0000,0.0000,0.5000
2026-05-25T20:56:49.371076,6713,0.0000,0.0000,0.0000,0.5000
2026-05-25T20:56:49.578823,6714,0.0000,0.0000,0.0000,0.5000
2026-05-25T20:56:49.679201,6715,0.0000,0.0000,0.0000,0.5000
2026-05-25T20:56:49.779142,6716,0.0000,0.0000,0.0000,0.5000
2026-05-25T20:56:49.879307,6717,0.0000,0.0000,0.0000,0.5000
2026-05-25T20:56:49.979406,6718,0.0000,0.0000,0.0000,0.5000
2026-05-25T20:56:50.079480,6719,0.3000,0.0000,0.0000,0.0000
2026-05-25T20:56:50.179719,6720,0.3000,0.0000,0.0000,0.0000
2026-05-25T20:56:50.279922,6721,0.3000,0.0000,0.0000,0.0000
2026-05-25T20:56:50.380537,6722,0.3000,0.0000,0.0000,0.0000
2026-05-25T20:56:50.599030,6723,0.3000,0.0000,0.0000,0.0000
2026-05-25T20:56:50.699103,6724,0.3000,0.0000,0.0000,0.0000
2026-05-25T20:56:50.799262,6725,0.3000,0.0000,0.0000,0.0000
2026-05-25T20:56:50.900335,6726,0.3000,0.0000,0.0000,0.0000
2026-05-25T20:56:51.000524,6727,0.3000,0.0000,0.0000,0.0000
2026-05-25T20:56:51.101204,6728,0.3000,0.0000,0.0000,0.0000
2026-05-25T20:56:51.200719,6729,0.3000,0.0000,0.0000,0.0000
2026-05-25T20:56:51.300898,6730,0.3000,0.0000,0.0000,0.0000
2026-05-25T20:56:51.401080,6731,0.3000,0.0000,0.0000,0.0000
2026-05-25T20:56:51.618998,6732,0.3000,0.0000,0.0000,0.0000
2026-05-25T20:56:51.719091,6733,0.3000,0.0000,0.0000,0.0000
2026-05-25T20:56:51.819174,6734,0.3000,0.0000,0.0000,0.0000
2026-05-25T20:56:51.921397,6735,0.3000,0.0000,0.0000,0.0000
2026-05-25T20:56:52.021598,6736,0.3000,0.0000,0.0000,0.0000
2026-05-25T20:56:52.121601,6737,0.3000,0.0000,0.0000,0.0000
2026-05-25T20:56:52.221797,6738,0.3000,0.0000,0.0000,0.0000
2026-05-25T20:56:52.321981,6739,0.3000,0.0000,0.0000,0.0000
2026-05-25T20:56:52.422010,6740,0.3000,0.0000,0.0000,0.0000
2026-05-25T20:56:52.589050,6741,0.3000,0.0000,0.0000,0.0000
2026-05-25T20:56:52.689147,6742,0.3000,0.0000,0.0000,0.0000
2026-05-25T20:56:52.789203,6743,0.3000,0.0000,0.0000,0.0000
2026-05-25T20:56:52.889423,6744,0.3000,0.0000,0.0000,0.0000
2026-05-25T20:56:52.989568,6745,0.3000,0.0000,0.0000,0.0000
2026-05-25T20:56:53.089743,6746,0.3000,0.0000,0.0000,0.0000
2026-05-25T20:56:53.190011,6747,0.3000,0.0000,0.0000,0.0000
2026-05-25T20:56:53.290575,6748,0.3000,0.0000,0.0000,0.0000
2026-05-25T20:56:53.392002,6749,0.0000,0.0000,0.0000,-0.5000
2026-05-25T20:56:53.490468,6750,0.0000,0.0000,0.0000,-0.5000
2026-05-25T20:56:53.591113,6751,0.0000,0.0000,0.0000,-0.5000
2026-05-25T20:56:53.859393,6752,0.0000,0.0000,0.0000,-0.5000
2026-05-25T20:56:53.959397,6753,0.0000,0.0000,0.0000,-0.5000
2026-05-25T20:56:54.059531,6754,0.0000,0.0000,0.0000,-0.5000
2026-05-25T20:56:54.159659,6755,0.0000,0.0000,0.0000,-0.5000
2026-05-25T20:56:54.260204,6756,0.0000,0.0000,0.0000,-0.5000
2026-05-25T20:56:54.359937,6757,0.0000,0.0000,0.0000,-0.5000
2026-05-25T20:56:54.460652,6758,0.0000,0.0000,0.0000,-0.5000
2026-05-25T20:56:54.560538,6759,0.0000,0.0000,0.0000,-0.5000
2026-05-25T20:56:54.660340,6760,0.0000,0.0000,0.0000,-0.5000
2026-05-25T20:56:54.849117,6761,0.0000,0.0000,0.0000,-0.5000
2026-05-25T20:56:54.949224,6762,0.0000,0.0000,0.0000,-0.5000
2026-05-25T20:56:55.049356,6763,0.0000,0.0000,0.0000,-0.5000
2026-05-25T20:56:55.149372,6764,0.0000,0.0000,0.0000,-0.5000
2026-05-25T20:56:55.249605,6765,0.0000,0.0000,0.0000,-0.5000
2026-05-25T20:56:55.349646,6766,0.0000,0.0000,0.0000,-0.5000
2026-05-25T20:56:55.449726,6767,0.0000,0.0000,0.0000,-0.5000
2026-05-25T20:56:55.549900,6768,0.0000,0.0000,0.0000,-0.5000
2026-05-25T20:56:55.650189,6769,0.0000,0.0000,0.0000,-0.5000
2026-05-25T20:56:55.849127,6770,0.0000,0.0000,0.0000,-0.5000
2026-05-25T20:56:55.949233,6771,0.0000,0.0000,0.0000,-0.5000
2026-05-25T20:56:56.049338,6772,0.0000,0.0000,0.0000,-0.5000
2026-05-25T20:56:56.149348,6773,0.0000,0.0000,0.0000,-0.5000
2026-05-25T20:56:56.249443,6774,0.0000,0.0000,0.0000,-0.5000
2026-05-25T20:56:56.349640,6775,0.0000,0.0000,0.0000,-0.5000
2026-05-25T20:56:56.449732,6776,0.0000,0.0000,0.0000,-0.5000
2026-05-25T20:56:56.549916,6777,0.0000,0.0000,0.0000,-0.5000
2026-05-25T20:56:56.650051,6778,0.0000,0.0000,0.0000,-0.5000
2026-05-25T20:56:56.750142,6779,-0.2000,0.0000,0.0000,-0.5000
2026-05-25T20:56:56.850321,6780,-0.2000,0.0000,0.0000,-0.5000
2026-05-25T20:56:57.089114,6781,-0.2000,0.0000,0.0000,-0.5000
2026-05-25T20:56:57.189224,6782,-0.2000,0.0000,0.0000,-0.5000
2026-05-25T20:56:57.289344,6783,-0.2000,0.0000,0.0000,-0.5000
2026-05-25T20:56:57.389305,6784,-0.2000,0.0000,0.0000,-0.5000
2026-05-25T20:56:57.490157,6785,-0.2000,0.0000,0.0000,-0.5000
2026-05-25T20:56:57.589651,6786,-0.2000,0.0000,0.0000,-0.5000
2026-05-25T20:56:57.689721,6787,-0.2000,0.0000,0.0000,-0.5000
2026-05-25T20:56:57.791311,6788,-0.2000,0.0000,0.0000,-0.5000
2026-05-25T20:56:57.891470,6789,-0.2000,0.0000,0.0000,-0.5000
2026-05-25T20:56:57.991605,6790,-0.2000,0.0000,0.0000,-0.5000
2026-05-25T20:56:58.091794,6791,-0.2000,0.0000,0.0000,-0.5000
2026-05-25T20:56:58.309141,6792,-0.2000,0.0000,0.0000,-0.5000
2026-05-25T20:56:58.409286,6793,-0.2000,0.0000,0.0000,-0.5000
2026-05-25T20:56:58.509353,6794,-0.2000,0.0000,0.0000,-0.5000
2026-05-25T20:56:58.609518,6795,-0.2000,0.0000,0.0000,-0.5000
2026-05-25T20:56:58.709704,6796,-0.2000,0.0000,0.0000,-0.5000
2026-05-25T20:56:58.809815,6797,-0.2000,0.0000,0.0000,-0.5000
2026-05-25T20:56:58.909897,6798,-0.2000,0.0000,0.0000,-0.5000
2026-05-25T20:56:59.009997,6799,-0.2000,0.0000,0.0000,-0.5000
2026-05-25T20:56:59.110176,6800,-0.2000,0.0000,0.0000,-0.5000
2026-05-25T20:56:59.210234,6801,-0.2000,0.0000,0.0000,-0.5000
2026-05-25T20:56:59.310571,6802,-0.2000,0.0000,0.0000,-0.5000
2026-05-25T20:56:59.530474,6803,-0.2000,0.0000,0.0000,-0.5000
2026-05-25T20:56:59.630899,6804,-0.2000,0.0000,0.0000,-0.5000
2026-05-25T20:56:59.730918,6805,-0.2000,0.0000,0.0000,-0.5000
2026-05-25T20:56:59.833408,6806,-0.2000,0.0000,0.0000,-0.5000
2026-05-25T20:56:59.933482,6807,-0.2000,0.0000,0.0000,-0.5000
2026-05-25T20:57:00.034233,6808,-0.2000,0.0000,0.0000,-0.5000
2026-05-25T20:57:00.133830,6809,0.0000,0.0000,0.0000,0.5000
2026-05-25T20:57:00.233888,6810,0.0000,0.0000,0.0000,0.5000
2026-05-25T20:57:00.334201,6811,0.0000,0.0000,0.0000,0.5000
2026-05-25T20:57:00.549313,6812,0.0000,0.0000,0.0000,0.5000
2026-05-25T20:57:00.649408,6813,0.0000,0.0000,0.0000,0.5000
2026-05-25T20:57:00.749448,6814,0.0000,0.0000,0.0000,0.5000
2026-05-25T20:57:00.849540,6815,0.0000,0.0000,0.0000,0.5000
2026-05-25T20:57:00.949641,6816,0.0000,0.0000,0.0000,0.5000
2026-05-25T20:57:01.051022,6817,0.0000,0.0000,0.0000,0.5000
2026-05-25T20:57:01.152332,6818,0.0000,0.0000,0.0000,0.5000
2026-05-25T20:57:01.252507,6819,0.0000,0.0000,0.0000,0.5000
2026-05-25T20:57:01.352584,6820,0.0000,0.0000,0.0000,0.5000
2026-05-25T20:57:01.452888,6821,0.0000,0.0000,0.0000,0.5000
2026-05-25T20:57:01.552822,6822,0.0000,0.0000,0.0000,0.5000
2026-05-25T20:57:01.769314,6823,0.0000,0.0000,0.0000,0.5000
2026-05-25T20:57:01.869386,6824,0.0000,0.0000,0.0000,0.5000
2026-05-25T20:57:01.969537,6825,0.0000,0.0000,0.0000,0.5000
2026-05-25T20:57:02.069668,6826,0.0000,0.0000,0.0000,0.5000
2026-05-25T20:57:02.169738,6827,0.0000,0.0000,0.0000,0.5000
2026-05-25T20:57:02.270032,6828,0.0000,0.0000,0.0000,0.5000
2026-05-25T20:57:02.370156,6829,0.0000,0.0000,0.0000,0.5000
2026-05-25T20:57:02.470211,6830,0.0000,0.0000,0.0000,0.5000
2026-05-25T20:57:02.570381,6831,0.0000,0.0000,0.0000,0.5000
2026-05-25T20:57:02.670494,6832,0.0000,0.0000,0.0000,0.5000
2026-05-25T20:57:02.770579,6833,0.0000,0.0000,0.0000,0.5000
2026-05-25T20:57:03.009259,6834,0.0000,0.0000,0.0000,0.5000
2026-05-25T20:57:03.109353,6835,0.0000,0.0000,0.0000,0.5000
2026-05-25T20:57:03.209636,6836,0.0000,0.0000,0.0000,0.5000
2026-05-25T20:57:03.309521,6837,0.0000,0.0000,0.0000,0.5000
2026-05-25T20:57:03.409664,6838,0.0000,0.0000,0.0000,0.5000
2026-05-25T20:57:03.509737,6839,0.3000,0.0000,0.0000,0.0000
2026-05-25T20:57:03.609828,6840,0.3000,0.0000,0.0000,0.0000
2026-05-25T20:57:03.710036,6841,0.3000,0.0000,0.0000,0.0000
2026-05-25T20:57:03.810102,6842,0.3000,0.0000,0.0000,0.0000
2026-05-25T20:57:04.029347,6843,0.3000,0.0000,0.0000,0.0000
2026-05-25T20:57:04.129335,6844,0.3000,0.0000,0.0000,0.0000
2026-05-25T20:57:04.229683,6845,0.3000,0.0000,0.0000,0.0000
2026-05-25T20:57:04.329462,6846,0.3000,0.0000,0.0000,0.0000
2026-05-25T20:57:04.430370,6847,0.3000,0.0000,0.0000,0.0000
2026-05-25T20:57:04.530446,6848,0.3000,0.0000,0.0000,0.0000
2026-05-25T20:57:04.630576,6849,0.3000,0.0000,0.0000,0.0000
2026-05-25T20:57:04.732278,6850,0.3000,0.0000,0.0000,0.0000
2026-05-25T20:57:04.832874,6851,0.3000,0.0000,0.0000,0.0000
2026-05-25T20:57:04.936273,6852,0.3000,0.0000,0.0000,0.0000
2026-05-25T20:57:05.034357,6853,0.3000,0.0000,0.0000,0.0000
2026-05-25T20:57:05.134468,6854,0.3000,0.0000,0.0000,0.0000
2026-05-25T20:57:05.234823,6855,0.3000,0.0000,0.0000,0.0000
2026-05-25T20:57:05.449387,6856,0.3000,0.0000,0.0000,0.0000
2026-05-25T20:57:05.549401,6857,0.3000,0.0000,0.0000,0.0000
2026-05-25T20:57:05.649460,6858,0.3000,0.0000,0.0000,0.0000
2026-05-25T20:57:05.749676,6859,0.3000,0.0000,0.0000,0.0000
2026-05-25T20:57:05.849834,6860,0.3000,0.0000,0.0000,0.0000
2026-05-25T20:57:05.949932,6861,0.3000,0.0000,0.0000,0.0000
2026-05-25T20:57:06.050034,6862,0.3000,0.0000,0.0000,0.0000
2026-05-25T20:57:06.150170,6863,0.3000,0.0000,0.0000,0.0000
2026-05-25T20:57:06.250663,6864,0.3000,0.0000,0.0000,0.0000
2026-05-25T20:57:06.350711,6865,0.3000,0.0000,0.0000,0.0000
2026-05-25T20:57:06.450928,6866,0.3000,0.0000,0.0000,0.0000
2026-05-25T20:57:06.550976,6867,0.3000,0.0000,0.0000,0.0000
2026-05-25T20:57:06.651128,6868,0.3000,0.0000,0.0000,0.0000
2026-05-25T20:57:06.899413,6869,0.0000,0.0000,0.0000,-0.5000
2026-05-25T20:57:06.999384,6870,0.0000,0.0000,0.0000,-0.5000
2026-05-25T20:57:07.099495,6871,0.0000,0.0000,0.0000,-0.5000
2026-05-25T20:57:07.199678,6872,0.0000,0.0000,0.0000,-0.5000
2026-05-25T20:57:07.299800,6873,0.0000,0.0000,0.0000,-0.5000
2026-05-25T20:57:07.399923,6874,0.0000,0.0000,0.0000,-0.5000
2026-05-25T20:57:07.500987,6875,0.0000,0.0000,0.0000,-0.5000
2026-05-25T20:57:07.600133,6876,0.0000,0.0000,0.0000,-0.5000
2026-05-25T20:57:07.700347,6877,0.0000,0.0000,0.0000,-0.5000
2026-05-25T20:57:07.800527,6878,0.0000,0.0000,0.0000,-0.5000
2026-05-25T20:57:07.900476,6879,0.0000,0.0000,0.0000,-0.5000
2026-05-25T20:57:08.122445,6880,0.0000,0.0000,0.0000,-0.5000
2026-05-25T20:57:08.222502,6881,0.0000,0.0000,0.0000,-0.5000
2026-05-25T20:57:08.322685,6882,0.0000,0.0000,0.0000,-0.5000
2026-05-25T20:57:08.422795,6883,0.0000,0.0000,0.0000,-0.5000
2026-05-25T20:57:08.522930,6884,0.0000,0.0000,0.0000,-0.5000
2026-05-25T20:57:08.623115,6885,0.0000,0.0000,0.0000,-0.5000
2026-05-25T20:57:08.723158,6886,0.0000,0.0000,0.0000,-0.5000
2026-05-25T20:57:08.823293,6887,0.0000,0.0000,0.0000,-0.5000
2026-05-25T20:57:08.923336,6888,0.0000,0.0000,0.0000,-0.5000
2026-05-25T20:57:09.023446,6889,0.0000,0.0000,0.0000,-0.5000
2026-05-25T20:57:09.123632,6890,0.0000,0.0000,0.0000,-0.5000
2026-05-25T20:57:09.369552,6891,0.0000,0.0000,0.0000,-0.5000
2026-05-25T20:57:09.469597,6892,0.0000,0.0000,0.0000,-0.5000
2026-05-25T20:57:09.569724,6893,0.0000,0.0000,0.0000,-0.5000
2026-05-25T20:57:09.669873,6894,0.0000,0.0000,0.0000,-0.5000
2026-05-25T20:57:09.770746,6895,0.0000,0.0000,0.0000,-0.5000
2026-05-25T20:57:09.871548,6896,0.0000,0.0000,0.0000,-0.5000
2026-05-25T20:57:09.970228,6897,0.0000,0.0000,0.0000,-0.5000
2026-05-25T20:57:10.070343,6898,0.0000,0.0000,0.0000,-0.5000
2026-05-25T20:57:10.170488,6899,-0.2000,0.0000,0.0000,-0.5000
2026-05-25T20:57:10.270662,6900,-0.2000,0.0000,0.0000,-0.5000
2026-05-25T20:57:10.371509,6901,-0.2000,0.0000,0.0000,-0.5000
2026-05-25T20:57:10.592412,6902,-0.2000,0.0000,0.0000,-0.5000
2026-05-25T20:57:10.689680,6903,-0.2000,0.0000,0.0000,-0.5000
2026-05-25T20:57:10.790385,6904,-0.2000,0.0000,0.0000,-0.5000
2026-05-25T20:57:10.890512,6905,-0.2000,0.0000,0.0000,-0.5000
2026-05-25T20:57:10.990626,6906,-0.2000,0.0000,0.0000,-0.5000
2026-05-25T20:57:11.090811,6907,-0.2000,0.0000,0.0000,-0.5000
2026-05-25T20:57:11.190916,6908,-0.2000,0.0000,0.0000,-0.5000
2026-05-25T20:57:11.291030,6909,-0.2000,0.0000,0.0000,-0.5000
2026-05-25T20:57:11.391135,6910,-0.2000,0.0000,0.0000,-0.5000
2026-05-25T20:57:11.491319,6911,-0.2000,0.0000,0.0000,-0.5000
2026-05-25T20:57:11.591389,6912,-0.2000,0.0000,0.0000,-0.5000
2026-05-25T20:57:11.809803,6913,-0.2000,0.0000,0.0000,-0.5000
2026-05-25T20:57:11.909948,6914,-0.2000,0.0000,0.0000,-0.5000
2026-05-25T20:57:12.009821,6915,-0.2000,0.0000,0.0000,-0.5000
2026-05-25T20:57:12.110011,6916,-0.2000,0.0000,0.0000,-0.5000
2026-05-25T20:57:12.210051,6917,-0.2000,0.0000,0.0000,-0.5000
2026-05-25T20:57:12.310203,6918,-0.2000,0.0000,0.0000,-0.5000
2026-05-25T20:57:12.410393,6919,-0.2000,0.0000,0.0000,-0.5000
2026-05-25T20:57:12.511369,6920,-0.2000,0.0000,0.0000,-0.5000
2026-05-25T20:57:12.611503,6921,-0.2000,0.0000,0.0000,-0.5000
2026-05-25T20:57:12.819540,6922,-0.2000,0.0000,0.0000,-0.5000
2026-05-25T20:57:12.920642,6923,-0.2000,0.0000,0.0000,-0.5000
2026-05-25T20:57:13.019775,6924,-0.2000,0.0000,0.0000,-0.5000
2026-05-25T20:57:13.120116,6925,-0.2000,0.0000,0.0000,-0.5000
2026-05-25T20:57:13.220009,6926,-0.2000,0.0000,0.0000,-0.5000
2026-05-25T20:57:13.320193,6927,-0.2000,0.0000,0.0000,-0.5000
2026-05-25T20:57:13.420317,6928,-0.2000,0.0000,0.0000,-0.5000
2026-05-25T20:57:13.520336,6929,0.0000,0.0000,0.0000,0.5000
2026-05-25T20:57:13.620500,6930,0.0000,0.0000,0.0000,0.5000
2026-05-25T20:57:13.720618,6931,0.0000,0.0000,0.0000,0.5000
2026-05-25T20:57:13.820725,6932,0.0000,0.0000,0.0000,0.5000
2026-05-25T20:57:14.039988,6933,0.0000,0.0000,0.0000,0.5000
2026-05-25T20:57:14.139686,6934,0.0000,0.0000,0.0000,0.5000
2026-05-25T20:57:14.239984,6935,0.0000,0.0000,0.0000,0.5000
2026-05-25T20:57:14.340057,6936,0.0000,0.0000,0.0000,0.5000
2026-05-25T20:57:14.440730,6937,0.0000,0.0000,0.0000,0.5000
2026-05-25T20:57:14.542365,6938,0.0000,0.0000,0.0000,0.5000
2026-05-25T20:57:14.642564,6939,0.0000,0.0000,0.0000,0.5000
2026-05-25T20:57:14.742664,6940,0.0000,0.0000,0.0000,0.5000
2026-05-25T20:57:14.842839,6941,0.0000,0.0000,0.0000,0.5000
2026-05-25T20:57:14.942961,6942,0.0000,0.0000,0.0000,0.5000
2026-05-25T20:57:15.043045,6943,0.0000,0.0000,0.0000,0.5000
2026-05-25T20:57:15.143180,6944,0.0000,0.0000,0.0000,0.5000
2026-05-25T20:57:15.243402,6945,0.0000,0.0000,0.0000,0.5000
2026-05-25T20:57:15.459598,6946,0.0000,0.0000,0.0000,0.5000
2026-05-25T20:57:15.560363,6947,0.0000,0.0000,0.0000,0.5000
2026-05-25T20:57:15.659780,6948,0.0000,0.0000,0.0000,0.5000
2026-05-25T20:57:15.760019,6949,0.0000,0.0000,0.0000,0.5000
2026-05-25T20:57:15.860101,6950,0.0000,0.0000,0.0000,0.5000
2026-05-25T20:57:15.960195,6951,0.0000,0.0000,0.0000,0.5000
2026-05-25T20:57:16.060322,6952,0.0000,0.0000,0.0000,0.5000
2026-05-25T20:57:16.160303,6953,0.0000,0.0000,0.0000,0.5000
2026-05-25T20:57:16.260642,6954,0.0000,0.0000,0.0000,0.5000
2026-05-25T20:57:16.469911,6955,0.0000,0.0000,0.0000,0.5000
2026-05-25T20:57:16.569915,6956,0.0000,0.0000,0.0000,0.5000
2026-05-25T20:57:16.670976,6957,0.0000,0.0000,0.0000,0.5000
2026-05-25T20:57:16.770139,6958,0.0000,0.0000,0.0000,0.5000
2026-05-25T20:57:16.870261,6959,0.3000,0.0000,0.0000,0.0000
2026-05-25T20:57:16.970377,6960,0.3000,0.0000,0.0000,0.0000
2026-05-25T20:57:17.070551,6961,0.3000,0.0000,0.0000,0.0000
2026-05-25T20:57:17.170655,6962,0.3000,0.0000,0.0000,0.0000
2026-05-25T20:57:17.270820,6963,0.3000,0.0000,0.0000,0.0000
2026-05-25T20:57:17.479618,6964,0.3000,0.0000,0.0000,0.0000
2026-05-25T20:57:17.579680,6965,0.3000,0.0000,0.0000,0.0000
2026-05-25T20:57:17.679886,6966,0.3000,0.0000,0.0000,0.0000
2026-05-25T20:57:17.779942,6967,0.3000,0.0000,0.0000,0.0000
2026-05-25T20:57:17.880073,6968,0.3000,0.0000,0.0000,0.0000
2026-05-25T20:57:17.980236,6969,0.3000,0.0000,0.0000,0.0000
2026-05-25T20:57:18.080303,6970,0.3000,0.0000,0.0000,0.0000
2026-05-25T20:57:18.180517,6971,0.3000,0.0000,0.0000,0.0000
2026-05-25T20:57:18.281393,6972,0.3000,0.0000,0.0000,0.0000
2026-05-25T20:57:18.381659,6973,0.3000,0.0000,0.0000,0.0000
2026-05-25T20:57:18.481642,6974,0.3000,0.0000,0.0000,0.0000
2026-05-25T20:57:18.693702,6975,0.3000,0.0000,0.0000,0.0000
2026-05-25T20:57:18.793779,6976,0.3000,0.0000,0.0000,0.0000
2026-05-25T20:57:18.893831,6977,0.3000,0.0000,0.0000,0.0000
2026-05-25T20:57:18.994001,6978,0.3000,0.0000,0.0000,0.0000
2026-05-25T20:57:19.094366,6979,0.3000,0.0000,0.0000,0.0000
2026-05-25T20:57:19.194460,6980,0.3000,0.0000,0.0000,0.0000
2026-05-25T20:57:19.294617,6981,0.3000,0.0000,0.0000,0.0000
2026-05-25T20:57:19.394722,6982,0.3000,0.0000,0.0000,0.0000
2026-05-25T20:57:19.494811,6983,0.3000,0.0000,0.0000,0.0000
2026-05-25T20:57:19.710100,6984,0.3000,0.0000,0.0000,0.0000
2026-05-25T20:57:19.810197,6985,0.3000,0.0000,0.0000,0.0000
2026-05-25T20:57:19.910237,6986,0.3000,0.0000,0.0000,0.0000
2026-05-25T20:57:20.010366,6987,0.3000,0.0000,0.0000,0.0000
2026-05-25T20:57:20.110509,6988,0.3000,0.0000,0.0000,0.0000
2026-05-25T20:57:20.210611,6989,0.0000,0.0000,0.0000,-0.5000
2026-05-25T20:57:20.310873,6990,0.0000,0.0000,0.0000,-0.5000
2026-05-25T20:57:20.410936,6991,0.0000,0.0000,0.0000,-0.5000
2026-05-25T20:57:20.511013,6992,0.0000,0.0000,0.0000,-0.5000
2026-05-25T20:57:20.611197,6993,0.0000,0.0000,0.0000,-0.5000
2026-05-25T20:57:20.711323,6994,0.0000,0.0000,0.0000,-0.5000
2026-05-25T20:57:20.929613,6995,0.0000,0.0000,0.0000,-0.5000
2026-05-25T20:57:21.029712,6996,0.0000,0.0000,0.0000,-0.5000
2026-05-25T20:57:21.129846,6997,0.0000,0.0000,0.0000,-0.5000
2026-05-25T20:57:21.229971,6998,0.0000,0.0000,0.0000,-0.5000
2026-05-25T20:57:21.330134,6999,0.0000,0.0000,0.0000,-0.5000
2026-05-25T20:57:21.430234,7000,0.0000,0.0000,0.0000,-0.5000
2026-05-25T20:57:21.530283,7001,0.0000,0.0000,0.0000,-0.5000
2026-05-25T20:57:21.630474,7002,0.0000,0.0000,0.0000,-0.5000
2026-05-25T20:57:21.730589,7003,0.0000,0.0000,0.0000,-0.5000
2026-05-25T20:57:21.830720,7004,0.0000,0.0000,0.0000,-0.5000
2026-05-25T20:57:21.930918,7005,0.0000,0.0000,0.0000,-0.5000
2026-05-25T20:57:22.030977,7006,0.0000,0.0000,0.0000,-0.5000
2026-05-25T20:57:22.131140,7007,0.0000,0.0000,0.0000,-0.5000
2026-05-25T20:57:22.389962,7008,0.0000,0.0000,0.0000,-0.5000
2026-05-25T20:57:22.490435,7009,0.0000,0.0000,0.0000,-0.5000
2026-05-25T20:57:22.590605,7010,0.0000,0.0000,0.0000,-0.5000
2026-05-25T20:57:22.690753,7011,0.0000,0.0000,0.0000,-0.5000
2026-05-25T20:57:22.790860,7012,0.0000,0.0000,0.0000,-0.5000
2026-05-25T20:57:22.890931,7013,0.0000,0.0000,0.0000,-0.5000
2026-05-25T20:57:22.991179,7014,0.0000,0.0000,0.0000,-0.5000
2026-05-25T20:57:23.091251,7015,0.0000,0.0000,0.0000,-0.5000
2026-05-25T20:57:23.191361,7016,0.0000,0.0000,0.0000,-0.5000
2026-05-25T20:57:23.419911,7017,0.0000,0.0000,0.0000,-0.5000
2026-05-25T20:57:23.520035,7018,0.0000,0.0000,0.0000,-0.5000
2026-05-25T20:57:23.620250,7019,-0.2000,0.0000,0.0000,-0.5000
2026-05-25T20:57:23.721914,7020,-0.2000,0.0000,0.0000,-0.5000
2026-05-25T20:57:23.820385,7021,-0.2000,0.0000,0.0000,-0.5000
2026-05-25T20:57:23.920513,7022,-0.2000,0.0000,0.0000,-0.5000
2026-05-25T20:57:24.021266,7023,-0.2000,0.0000,0.0000,-0.5000
2026-05-25T20:57:24.121091,7024,-0.2000,0.0000,0.0000,-0.5000
2026-05-25T20:57:24.221415,7025,-0.2000,0.0000,0.0000,-0.5000
2026-05-25T20:57:24.321432,7026,-0.2000,0.0000,0.0000,-0.5000
2026-05-25T20:57:24.421498,7027,-0.2000,0.0000,0.0000,-0.5000
2026-05-25T20:57:24.640937,7028,-0.2000,0.0000,0.0000,-0.5000
2026-05-25T20:57:24.739881,7029,-0.2000,0.0000,0.0000,-0.5000
2026-05-25T20:57:24.840131,7030,-0.2000,0.0000,0.0000,-0.5000
2026-05-25T20:57:24.940502,7031,-0.2000,0.0000,0.0000,-0.5000
2026-05-25T20:57:25.040445,7032,-0.2000,0.0000,0.0000,-0.5000
2026-05-25T20:57:25.140559,7033,-0.2000,0.0000,0.0000,-0.5000
2026-05-25T20:57:25.240679,7034,-0.2000,0.0000,0.0000,-0.5000
2026-05-25T20:57:25.340807,7035,-0.2000,0.0000,0.0000,-0.5000
2026-05-25T20:57:25.440932,7036,-0.2000,0.0000,0.0000,-0.5000
2026-05-25T20:57:25.541059,7037,-0.2000,0.0000,0.0000,-0.5000
2026-05-25T20:57:25.641334,7038,-0.2000,0.0000,0.0000,-0.5000
2026-05-25T20:57:25.860178,7039,-0.2000,0.0000,0.0000,-0.5000
2026-05-25T20:57:25.960296,7040,-0.2000,0.0000,0.0000,-0.5000
2026-05-25T20:57:26.060795,7041,-0.2000,0.0000,0.0000,-0.5000
2026-05-25T20:57:26.161061,7042,-0.2000,0.0000,0.0000,-0.5000
2026-05-25T20:57:26.261122,7043,-0.2000,0.0000,0.0000,-0.5000
2026-05-25T20:57:26.361278,7044,-0.2000,0.0000,0.0000,-0.5000
2026-05-25T20:57:26.461395,7045,-0.2000,0.0000,0.0000,-0.5000
2026-05-25T20:57:26.561690,7046,-0.2000,0.0000,0.0000,-0.5000
2026-05-25T20:57:26.661654,7047,-0.2000,0.0000,0.0000,-0.5000
2026-05-25T20:57:26.880397,7048,-0.2000,0.0000,0.0000,-0.5000
2026-05-25T20:57:26.980619,7049,0.0000,0.0000,0.0000,0.5000
2026-05-25T20:57:27.080838,7050,0.0000,0.0000,0.0000,0.5000
2026-05-25T20:57:27.180886,7051,0.0000,0.0000,0.0000,0.5000
2026-05-25T20:57:27.281049,7052,0.0000,0.0000,0.0000,0.5000
2026-05-25T20:57:27.381213,7053,0.0000,0.0000,0.0000,0.5000
2026-05-25T20:57:27.481412,7054,0.0000,0.0000,0.0000,0.5000
2026-05-25T20:57:27.581340,7055,0.0000,0.0000,0.0000,0.5000
2026-05-25T20:57:27.681518,7056,0.0000,0.0000,0.0000,0.5000
2026-05-25T20:57:27.781602,7057,0.0000,0.0000,0.0000,0.5000
2026-05-25T20:57:27.881704,7058,0.0000,0.0000,0.0000,0.5000
2026-05-25T20:57:28.099865,7059,0.0000,0.0000,0.0000,0.5000
2026-05-25T20:57:28.199967,7060,0.0000,0.0000,0.0000,0.5000
2026-05-25T20:57:28.300161,7061,0.0000,0.0000,0.0000,0.5000
2026-05-25T20:57:28.400166,7062,0.0000,0.0000,0.0000,0.5000
2026-05-25T20:57:28.500452,7063,0.0000,0.0000,0.0000,0.5000
2026-05-25T20:57:28.600359,7064,0.0000,0.0000,0.0000,0.5000
2026-05-25T20:57:28.700477,7065,0.0000,0.0000,0.0000,0.5000
2026-05-25T20:57:28.800639,7066,0.0000,0.0000,0.0000,0.5000
2026-05-25T20:57:28.900706,7067,0.0000,0.0000,0.0000,0.5000
2026-05-25T20:57:29.000873,7068,0.0000,0.0000,0.0000,0.5000
2026-05-25T20:57:29.101157,7069,0.0000,0.0000,0.0000,0.5000
2026-05-25T20:57:29.201648,7070,0.0000,0.0000,0.0000,0.5000
2026-05-25T20:57:29.301325,7071,0.0000,0.0000,0.0000,0.5000
2026-05-25T20:57:29.401431,7072,0.0000,0.0000,0.0000,0.5000
2026-05-25T20:57:29.501474,7073,0.0000,0.0000,0.0000,0.5000
2026-05-25T20:57:29.603335,7074,0.0000,0.0000,0.0000,0.5000
2026-05-25T20:57:29.703571,7075,0.0000,0.0000,0.0000,0.5000
2026-05-25T20:57:29.932905,7076,0.0000,0.0000,0.0000,0.5000
2026-05-25T20:57:30.032982,7077,0.0000,0.0000,0.0000,0.5000
2026-05-25T20:57:30.133139,7078,0.0000,0.0000,0.0000,0.5000
2026-05-25T20:57:30.233295,7079,0.3000,0.0000,0.0000,0.0000
2026-05-25T20:57:30.333331,7080,0.3000,0.0000,0.0000,0.0000
2026-05-25T20:57:30.433501,7081,0.3000,0.0000,0.0000,0.0000
2026-05-25T20:57:30.533798,7082,0.3000,0.0000,0.0000,0.0000
2026-05-25T20:57:30.633716,7083,0.3000,0.0000,0.0000,0.0000
2026-05-25T20:57:30.734009,7084,0.3000,0.0000,0.0000,0.0000
2026-05-25T20:57:30.833958,7085,0.3000,0.0000,0.0000,0.0000
2026-05-25T20:57:30.934091,7086,0.3000,0.0000,0.0000,0.0000
2026-05-25T20:57:31.199980,7087,0.3000,0.0000,0.0000,0.0000
2026-05-25T20:57:31.300181,7088,0.3000,0.0000,0.0000,0.0000
2026-05-25T20:57:31.400257,7089,0.3000,0.0000,0.0000,0.0000
2026-05-25T20:57:31.500360,7090,0.3000,0.0000,0.0000,0.0000
2026-05-25T20:57:31.600942,7091,0.3000,0.0000,0.0000,0.0000
2026-05-25T20:57:31.700844,7092,0.3000,0.0000,0.0000,0.0000
2026-05-25T20:57:31.800743,7093,0.3000,0.0000,0.0000,0.0000
2026-05-25T20:57:31.900889,7094,0.3000,0.0000,0.0000,0.0000
2026-05-25T20:57:32.002078,7095,0.3000,0.0000,0.0000,0.0000
2026-05-25T20:57:32.101137,7096,0.3000,0.0000,0.0000,0.0000
2026-05-25T20:57:32.201301,7097,0.3000,0.0000,0.0000,0.0000
2026-05-25T20:57:32.301391,7098,0.3000,0.0000,0.0000,0.0000
2026-05-25T20:57:32.401541,7099,0.3000,0.0000,0.0000,0.0000
2026-05-25T20:57:32.669973,7100,0.3000,0.0000,0.0000,0.0000
2026-05-25T20:57:32.770321,7101,0.3000,0.0000,0.0000,0.0000
2026-05-25T20:57:32.870187,7102,0.3000,0.0000,0.0000,0.0000
2026-05-25T20:57:32.970251,7103,0.3000,0.0000,0.0000,0.0000
2026-05-25T20:57:33.070392,7104,0.3000,0.0000,0.0000,0.0000
2026-05-25T20:57:33.170538,7105,0.3000,0.0000,0.0000,0.0000
2026-05-25T20:57:33.270548,7106,0.3000,0.0000,0.0000,0.0000
2026-05-25T20:57:33.370749,7107,0.3000,0.0000,0.0000,0.0000
2026-05-25T20:57:33.470906,7108,0.3000,0.0000,0.0000,0.0000
2026-05-25T20:57:33.571025,7109,0.0000,0.0000,0.0000,-0.5000
2026-05-25T20:57:33.671145,7110,0.0000,0.0000,0.0000,-0.5000
2026-05-25T20:57:33.771274,7111,0.0000,0.0000,0.0000,-0.5000
2026-05-25T20:57:33.871307,7112,0.0000,0.0000,0.0000,-0.5000
2026-05-25T20:57:34.089980,7113,0.0000,0.0000,0.0000,-0.5000
2026-05-25T20:57:34.190106,7114,0.0000,0.0000,0.0000,-0.5000
2026-05-25T20:57:34.290203,7115,0.0000,0.0000,0.0000,-0.5000
2026-05-25T20:57:34.390594,7116,0.0000,0.0000,0.0000,-0.5000
2026-05-25T20:57:34.490824,7117,0.0000,0.0000,0.0000,-0.5000
2026-05-25T20:57:34.590867,7118,0.0000,0.0000,0.0000,-0.5000
2026-05-25T20:57:34.691046,7119,0.0000,0.0000,0.0000,-0.5000
2026-05-25T20:57:34.791121,7120,0.0000,0.0000,0.0000,-0.5000
2026-05-25T20:57:34.891252,7121,0.0000,0.0000,0.0000,-0.5000
2026-05-25T20:57:34.991360,7122,0.0000,0.0000,0.0000,-0.5000
2026-05-25T20:57:35.091677,7123,0.0000,0.0000,0.0000,-0.5000
2026-05-25T20:57:35.311968,7124,0.0000,0.0000,0.0000,-0.5000
2026-05-25T20:57:35.410379,7125,0.0000,0.0000,0.0000,-0.5000
2026-05-25T20:57:35.511724,7126,0.0000,0.0000,0.0000,-0.5000
2026-05-25T20:57:35.611886,7127,0.0000,0.0000,0.0000,-0.5000
2026-05-25T20:57:35.711910,7128,0.0000,0.0000,0.0000,-0.5000
2026-05-25T20:57:35.812150,7129,0.0000,0.0000,0.0000,-0.5000
2026-05-25T20:57:35.912168,7130,0.0000,0.0000,0.0000,-0.5000
2026-05-25T20:57:36.012318,7131,0.0000,0.0000,0.0000,-0.5000
2026-05-25T20:57:36.112423,7132,0.0000,0.0000,0.0000,-0.5000
2026-05-25T20:57:36.212507,7133,0.0000,0.0000,0.0000,-0.5000
2026-05-25T20:57:36.312699,7134,0.0000,0.0000,0.0000,-0.5000
2026-05-25T20:57:36.412809,7135,0.0000,0.0000,0.0000,-0.5000
2026-05-25T20:57:36.512921,7136,0.0000,0.0000,0.0000,-0.5000
2026-05-25T20:57:36.730085,7137,0.0000,0.0000,0.0000,-0.5000
2026-05-25T20:57:36.830164,7138,0.0000,0.0000,0.0000,-0.5000
2026-05-25T20:57:36.930299,7139,-0.2000,0.0000,0.0000,-0.5000
2026-05-25T20:57:37.030378,7140,-0.2000,0.0000,0.0000,-0.5000
2026-05-25T20:57:37.130936,7141,-0.2000,0.0000,0.0000,-0.5000
2026-05-25T20:57:37.231151,7142,-0.2000,0.0000,0.0000,-0.5000
2026-05-25T20:57:37.331289,7143,-0.2000,0.0000,0.0000,-0.5000
2026-05-25T20:57:37.431401,7144,-0.2000,0.0000,0.0000,-0.5000
2026-05-25T20:57:37.531540,7145,-0.2000,0.0000,0.0000,-0.5000
2026-05-25T20:57:37.760209,7146,-0.2000,0.0000,0.0000,-0.5000
2026-05-25T20:57:37.860185,7147,-0.2000,0.0000,0.0000,-0.5000
2026-05-25T20:57:37.960345,7148,-0.2000,0.0000,0.0000,-0.5000
2026-05-25T20:57:38.060428,7149,-0.2000,0.0000,0.0000,-0.5000
2026-05-25T20:57:38.160565,7150,-0.2000,0.0000,0.0000,-0.5000
2026-05-25T20:57:38.260673,7151,-0.2000,0.0000,0.0000,-0.5000
2026-05-25T20:57:38.360807,7152,-0.2000,0.0000,0.0000,-0.5000
2026-05-25T20:57:38.460944,7153,-0.2000,0.0000,0.0000,-0.5000
2026-05-25T20:57:38.561073,7154,-0.2000,0.0000,0.0000,-0.5000
2026-05-25T20:57:38.661110,7155,-0.2000,0.0000,0.0000,-0.5000
2026-05-25T20:57:38.761338,7156,-0.2000,0.0000,0.0000,-0.5000
2026-05-25T20:57:39.040301,7157,-0.2000,0.0000,0.0000,-0.5000
2026-05-25T20:57:39.140194,7158,-0.2000,0.0000,0.0000,-0.5000
2026-05-25T20:57:39.240420,7159,-0.2000,0.0000,0.0000,-0.5000
2026-05-25T20:57:39.340391,7160,-0.2000,0.0000,0.0000,-0.5000
2026-05-25T20:57:39.440510,7161,-0.2000,0.0000,0.0000,-0.5000
2026-05-25T20:57:39.540629,7162,-0.2000,0.0000,0.0000,-0.5000
2026-05-25T20:57:39.640845,7163,-0.2000,0.0000,0.0000,-0.5000
2026-05-25T20:57:39.740945,7164,-0.2000,0.0000,0.0000,-0.5000
2026-05-25T20:57:39.841061,7165,-0.2000,0.0000,0.0000,-0.5000
2026-05-25T20:57:39.941204,7166,-0.2000,0.0000,0.0000,-0.5000
2026-05-25T20:57:40.041316,7167,-0.2000,0.0000,0.0000,-0.5000
2026-05-25T20:57:40.210104,7168,-0.2000,0.0000,0.0000,-0.5000
2026-05-25T20:57:40.310171,7169,0.0000,0.0000,0.0000,0.5000
2026-05-25T20:57:40.412433,7170,0.0000,0.0000,0.0000,0.5000
2026-05-25T20:57:40.513037,7171,0.0000,0.0000,0.0000,0.5000
2026-05-25T20:57:40.613245,7172,0.0000,0.0000,0.0000,0.5000
2026-05-25T20:57:40.713379,7173,0.0000,0.0000,0.0000,0.5000
2026-05-25T20:57:40.813425,7174,0.0000,0.0000,0.0000,0.5000
2026-05-25T20:57:41.060065,7175,0.0000,0.0000,0.0000,0.5000
2026-05-25T20:57:41.160212,7176,0.0000,0.0000,0.0000,0.5000
2026-05-25T20:57:41.260349,7177,0.0000,0.0000,0.0000,0.5000
2026-05-25T20:57:41.361554,7178,0.0000,0.0000,0.0000,0.5000
2026-05-25T20:57:41.462309,7179,0.0000,0.0000,0.0000,0.5000
2026-05-25T20:57:41.562381,7180,0.0000,0.0000,0.0000,0.5000
2026-05-25T20:57:41.665435,7181,0.0000,0.0000,0.0000,0.5000
2026-05-25T20:57:41.762949,7182,0.0000,0.0000,0.0000,0.5000
2026-05-25T20:57:41.864434,7183,0.0000,0.0000,0.0000,0.5000
2026-05-25T20:57:41.966313,7184,0.0000,0.0000,0.0000,0.5000
2026-05-25T20:57:42.066956,7185,0.0000,0.0000,0.0000,0.5000
2026-05-25T20:57:42.167135,7186,0.0000,0.0000,0.0000,0.5000
2026-05-25T20:57:42.268483,7187,0.0000,0.0000,0.0000,0.5000
2026-05-25T20:57:42.480174,7188,0.0000,0.0000,0.0000,0.5000
2026-05-25T20:57:42.580261,7189,0.0000,0.0000,0.0000,0.5000
2026-05-25T20:57:42.680362,7190,0.0000,0.0000,0.0000,0.5000
2026-05-25T20:57:42.780506,7191,0.0000,0.0000,0.0000,0.5000
2026-05-25T20:57:42.880625,7192,0.0000,0.0000,0.0000,0.5000
2026-05-25T20:57:42.980813,7193,0.0000,0.0000,0.0000,0.5000
2026-05-25T20:57:43.080883,7194,0.0000,0.0000,0.0000,0.5000
2026-05-25T20:57:43.181228,7195,0.0000,0.0000,0.0000,0.5000
2026-05-25T20:57:43.281210,7196,0.0000,0.0000,0.0000,0.5000
2026-05-25T20:57:43.381235,7197,0.0000,0.0000,0.0000,0.5000
2026-05-25T20:57:43.481379,7198,0.0000,0.0000,0.0000,0.5000
2026-05-25T20:57:43.700189,7199,0.3000,0.0000,0.0000,0.0000
2026-05-25T20:57:43.801281,7200,0.3000,0.0000,0.0000,0.0000
2026-05-25T20:57:43.901331,7201,0.3000,0.0000,0.0000,0.0000
2026-05-25T20:57:44.001777,7202,0.3000,0.0000,0.0000,0.0000
2026-05-25T20:57:44.101903,7203,0.3000,0.0000,0.0000,0.0000
2026-05-25T20:57:44.202025,7204,0.3000,0.0000,0.0000,0.0000
2026-05-25T20:57:44.302184,7205,0.3000,0.0000,0.0000,0.0000
2026-05-25T20:57:44.402684,7206,0.3000,0.0000,0.0000,0.0000
2026-05-25T20:57:44.502720,7207,0.3000,0.0000,0.0000,0.0000
2026-05-25T20:57:44.602910,7208,0.3000,0.0000,0.0000,0.0000
2026-05-25T20:57:44.702996,7209,0.3000,0.0000,0.0000,0.0000
2026-05-25T20:57:44.803422,7210,0.3000,0.0000,0.0000,0.0000
2026-05-25T20:57:44.903518,7211,0.3000,0.0000,0.0000,0.0000
2026-05-25T20:57:45.122014,7212,0.3000,0.0000,0.0000,0.0000
2026-05-25T20:57:45.221992,7213,0.3000,0.0000,0.0000,0.0000
2026-05-25T20:57:45.322102,7214,0.3000,0.0000,0.0000,0.0000
2026-05-25T20:57:45.423410,7215,0.3000,0.0000,0.0000,0.0000
2026-05-25T20:57:45.523499,7216,0.3000,0.0000,0.0000,0.0000
2026-05-25T20:57:45.623619,7217,0.3000,0.0000,0.0000,0.0000
2026-05-25T20:57:45.723869,7218,0.3000,0.0000,0.0000,0.0000
2026-05-25T20:57:45.823946,7219,0.3000,0.0000,0.0000,0.0000
2026-05-25T20:57:45.924306,7220,0.3000,0.0000,0.0000,0.0000
2026-05-25T20:57:46.190279,7221,0.3000,0.0000,0.0000,0.0000
2026-05-25T20:57:46.290356,7222,0.3000,0.0000,0.0000,0.0000
2026-05-25T20:57:46.391516,7223,0.3000,0.0000,0.0000,0.0000
2026-05-25T20:57:46.492235,7224,0.3000,0.0000,0.0000,0.0000
2026-05-25T20:57:46.592341,7225,0.3000,0.0000,0.0000,0.0000
2026-05-25T20:57:46.692364,7226,0.3000,0.0000,0.0000,0.0000
2026-05-25T20:57:46.793007,7227,0.3000,0.0000,0.0000,0.0000
2026-05-25T20:57:46.892584,7228,0.3000,0.0000,0.0000,0.0000
2026-05-25T20:57:46.992740,7229,0.0000,0.0000,0.0000,-0.5000
2026-05-25T20:57:47.092889,7230,0.0000,0.0000,0.0000,-0.5000
2026-05-25T20:57:47.192984,7231,0.0000,0.0000,0.0000,-0.5000
2026-05-25T20:57:47.293187,7232,0.0000,0.0000,0.0000,-0.5000
2026-05-25T20:57:47.393301,7233,0.0000,0.0000,0.0000,-0.5000
2026-05-25T20:57:47.630389,7234,0.0000,0.0000,0.0000,-0.5000
2026-05-25T20:57:47.730406,7235,0.0000,0.0000,0.0000,-0.5000
2026-05-25T20:57:47.830453,7236,0.0000,0.0000,0.0000,-0.5000
2026-05-25T20:57:47.930604,7237,0.0000,0.0000,0.0000,-0.5000
2026-05-25T20:57:48.030789,7238,0.0000,0.0000,0.0000,-0.5000
2026-05-25T20:57:48.130853,7239,0.0000,0.0000,0.0000,-0.5000
2026-05-25T20:57:48.230960,7240,0.0000,0.0000,0.0000,-0.5000
2026-05-25T20:57:48.331162,7241,0.0000,0.0000,0.0000,-0.5000
2026-05-25T20:57:48.431220,7242,0.0000,0.0000,0.0000,-0.5000
2026-05-25T20:57:48.531327,7243,0.0000,0.0000,0.0000,-0.5000
2026-05-25T20:57:48.631549,7244,0.0000,0.0000,0.0000,-0.5000
2026-05-25T20:57:48.860247,7245,0.0000,0.0000,0.0000,-0.5000
2026-05-25T20:57:48.960420,7246,0.0000,0.0000,0.0000,-0.5000
2026-05-25T20:57:49.060313,7247,0.0000,0.0000,0.0000,-0.5000
2026-05-25T20:57:49.160509,7248,0.0000,0.0000,0.0000,-0.5000
2026-05-25T20:57:49.260642,7249,0.0000,0.0000,0.0000,-0.5000
2026-05-25T20:57:49.360781,7250,0.0000,0.0000,0.0000,-0.5000
2026-05-25T20:57:49.460920,7251,0.0000,0.0000,0.0000,-0.5000
2026-05-25T20:57:49.561038,7252,0.0000,0.0000,0.0000,-0.5000
2026-05-25T20:57:49.661191,7253,0.0000,0.0000,0.0000,-0.5000
2026-05-25T20:57:49.761243,7254,0.0000,0.0000,0.0000,-0.5000
2026-05-25T20:57:49.861423,7255,0.0000,0.0000,0.0000,-0.5000
2026-05-25T20:57:49.961503,7256,0.0000,0.0000,0.0000,-0.5000
2026-05-25T20:57:50.061619,7257,0.0000,0.0000,0.0000,-0.5000
2026-05-25T20:57:50.161778,7258,0.0000,0.0000,0.0000,-0.5000
2026-05-25T20:57:50.261860,7259,-0.2000,0.0000,0.0000,-0.5000
2026-05-25T20:57:50.520324,7260,-0.2000,0.0000,0.0000,-0.5000
2026-05-25T20:57:50.620348,7261,-0.2000,0.0000,0.0000,-0.5000
2026-05-25T20:57:50.720531,7262,-0.2000,0.0000,0.0000,-0.5000
2026-05-25T20:57:50.820626,7263,-0.2000,0.0000,0.0000,-0.5000
2026-05-25T20:57:50.920752,7264,-0.2000,0.0000,0.0000,-0.5000
2026-05-25T20:57:51.020871,7265,-0.2000,0.0000,0.0000,-0.5000
2026-05-25T20:57:51.121013,7266,-0.2000,0.0000,0.0000,-0.5000
2026-05-25T20:57:51.221184,7267,-0.2000,0.0000,0.0000,-0.5000
2026-05-25T20:57:51.321298,7268,-0.2000,0.0000,0.0000,-0.5000
2026-05-25T20:57:51.421753,7269,-0.2000,0.0000,0.0000,-0.5000
2026-05-25T20:57:51.521951,7270,-0.2000,0.0000,0.0000,-0.5000
2026-05-25T20:57:51.622076,7271,-0.2000,0.0000,0.0000,-0.5000
2026-05-25T20:57:51.722301,7272,-0.2000,0.0000,0.0000,-0.5000
2026-05-25T20:57:51.940291,7273,-0.2000,0.0000,0.0000,-0.5000
2026-05-25T20:57:52.040729,7274,-0.2000,0.0000,0.0000,-0.5000
2026-05-25T20:57:52.140864,7275,-0.2000,0.0000,0.0000,-0.5000
2026-05-25T20:57:52.240993,7276,-0.2000,0.0000,0.0000,-0.5000
2026-05-25T20:57:52.341202,7277,-0.2000,0.0000,0.0000,-0.5000
2026-05-25T20:57:52.441266,7278,-0.2000,0.0000,0.0000,-0.5000
2026-05-25T20:57:52.541434,7279,-0.2000,0.0000,0.0000,-0.5000
2026-05-25T20:57:52.641612,7280,-0.2000,0.0000,0.0000,-0.5000
2026-05-25T20:57:52.741733,7281,-0.2000,0.0000,0.0000,-0.5000
2026-05-25T20:57:52.841899,7282,-0.2000,0.0000,0.0000,-0.5000
2026-05-25T20:57:52.942560,7283,-0.2000,0.0000,0.0000,-0.5000
2026-05-25T20:57:53.190424,7284,-0.2000,0.0000,0.0000,-0.5000
2026-05-25T20:57:53.290384,7285,-0.2000,0.0000,0.0000,-0.5000
2026-05-25T20:57:53.390621,7286,-0.2000,0.0000,0.0000,-0.5000
2026-05-25T20:57:53.490677,7287,-0.2000,0.0000,0.0000,-0.5000
2026-05-25T20:57:53.590775,7288,-0.2000,0.0000,0.0000,-0.5000
2026-05-25T20:57:53.690903,7289,0.0000,0.0000,0.0000,0.5000
2026-05-25T20:57:53.791365,7290,0.0000,0.0000,0.0000,0.5000
2026-05-25T20:57:53.891431,7291,0.0000,0.0000,0.0000,0.5000
2026-05-25T20:57:53.991624,7292,0.0000,0.0000,0.0000,0.5000
2026-05-25T20:57:54.105300,7293,0.0000,0.0000,0.0000,0.5000
2026-05-25T20:57:54.205501,7294,0.0000,0.0000,0.0000,0.5000
2026-05-25T20:57:54.305748,7295,0.0000,0.0000,0.0000,0.5000
2026-05-25T20:57:54.405834,7296,0.0000,0.0000,0.0000,0.5000
2026-05-25T20:57:54.505949,7297,0.0000,0.0000,0.0000,0.5000
2026-05-25T20:57:54.606153,7298,0.0000,0.0000,0.0000,0.5000
2026-05-25T20:57:54.706166,7299,0.0000,0.0000,0.0000,0.5000
2026-05-25T20:57:54.806318,7300,0.0000,0.0000,0.0000,0.5000
2026-05-25T20:57:54.906484,7301,0.0000,0.0000,0.0000,0.5000
2026-05-25T20:57:55.006646,7302,0.0000,0.0000,0.0000,0.5000
2026-05-25T20:57:55.106841,7303,0.0000,0.0000,0.0000,0.5000
2026-05-25T20:57:55.209357,7304,0.0000,0.0000,0.0000,0.5000
2026-05-25T20:57:55.309742,7305,0.0000,0.0000,0.0000,0.5000
2026-05-25T20:57:55.409855,7306,0.0000,0.0000,0.0000,0.5000
2026-05-25T20:57:55.580530,7307,0.0000,0.0000,0.0000,0.5000
2026-05-25T20:57:55.681412,7308,0.0000,0.0000,0.0000,0.5000
2026-05-25T20:57:55.781543,7309,0.0000,0.0000,0.0000,0.5000
2026-05-25T20:57:55.881948,7310,0.0000,0.0000,0.0000,0.5000
2026-05-25T20:57:55.982091,7311,0.0000,0.0000,0.0000,0.5000
2026-05-25T20:57:56.082191,7312,0.0000,0.0000,0.0000,0.5000
2026-05-25T20:57:56.182282,7313,0.0000,0.0000,0.0000,0.5000
2026-05-25T20:57:56.282619,7314,0.0000,0.0000,0.0000,0.5000
2026-05-25T20:57:56.383497,7315,0.0000,0.0000,0.0000,0.5000
2026-05-25T20:57:56.483454,7316,0.0000,0.0000,0.0000,0.5000
2026-05-25T20:57:56.583672,7317,0.0000,0.0000,0.0000,0.5000
2026-05-25T20:57:56.830445,7318,0.0000,0.0000,0.0000,0.5000
2026-05-25T20:57:56.931020,7319,0.3000,0.0000,0.0000,0.0000
2026-05-25T20:57:57.031226,7320,0.3000,0.0000,0.0000,0.0000
2026-05-25T20:57:57.131287,7321,0.3000,0.0000,0.0000,0.0000
2026-05-25T20:57:57.231339,7322,0.3000,0.0000,0.0000,0.0000
2026-05-25T20:57:57.331501,7323,0.3000,0.0000,0.0000,0.0000
2026-05-25T20:57:57.433658,7324,0.3000,0.0000,0.0000,0.0000
2026-05-25T20:57:57.531715,7325,0.3000,0.0000,0.0000,0.0000
2026-05-25T20:57:57.631849,7326,0.3000,0.0000,0.0000,0.0000
2026-05-25T20:57:57.732277,7327,0.3000,0.0000,0.0000,0.0000
2026-05-25T20:57:57.832370,7328,0.3000,0.0000,0.0000,0.0000
2026-05-25T20:57:57.940279,7329,0.3000,0.0000,0.0000,0.0000
2026-05-25T20:57:58.052607,7330,0.3000,0.0000,0.0000,0.0000
2026-05-25T20:57:58.153778,7331,0.3000,0.0000,0.0000,0.0000
2026-05-25T20:57:58.253957,7332,0.3000,0.0000,0.0000,0.0000
2026-05-25T20:57:58.353964,7333,0.3000,0.0000,0.0000,0.0000
2026-05-25T20:57:58.454027,7334,0.3000,0.0000,0.0000,0.0000
2026-05-25T20:57:58.554531,7335,0.3000,0.0000,0.0000,0.0000
2026-05-25T20:57:58.654285,7336,0.3000,0.0000,0.0000,0.0000
2026-05-25T20:57:58.754369,7337,0.3000,0.0000,0.0000,0.0000
2026-05-25T20:57:58.854434,7338,0.3000,0.0000,0.0000,0.0000
2026-05-25T20:57:58.957350,7339,0.3000,0.0000,0.0000,0.0000
2026-05-25T20:57:59.057518,7340,0.3000,0.0000,0.0000,0.0000
2026-05-25T20:57:59.270613,7341,0.3000,0.0000,0.0000,0.0000
2026-05-25T20:57:59.370663,7342,0.3000,0.0000,0.0000,0.0000
2026-05-25T20:57:59.470787,7343,0.3000,0.0000,0.0000,0.0000
2026-05-25T20:57:59.570877,7344,0.3000,0.0000,0.0000,0.0000
2026-05-25T20:57:59.671071,7345,0.3000,0.0000,0.0000,0.0000
2026-05-25T20:57:59.771246,7346,0.3000,0.0000,0.0000,0.0000
2026-05-25T20:57:59.871271,7347,0.3000,0.0000,0.0000,0.0000
2026-05-25T20:57:59.971368,7348,0.3000,0.0000,0.0000,0.0000
2026-05-25T20:58:00.071482,7349,0.0000,0.0000,0.0000,-0.5000
2026-05-25T20:58:00.171625,7350,0.0000,0.0000,0.0000,-0.5000
2026-05-25T20:58:00.271741,7351,0.0000,0.0000,0.0000,-0.5000
2026-05-25T20:58:00.490548,7352,0.0000,0.0000,0.0000,-0.5000
2026-05-25T20:58:00.590616,7353,0.0000,0.0000,0.0000,-0.5000
2026-05-25T20:58:00.690809,7354,0.0000,0.0000,0.0000,-0.5000
2026-05-25T20:58:00.791371,7355,0.0000,0.0000,0.0000,-0.5000
2026-05-25T20:58:00.891539,7356,0.0000,0.0000,0.0000,-0.5000
2026-05-25T20:58:00.991598,7357,0.0000,0.0000,0.0000,-0.5000
2026-05-25T20:58:01.092911,7358,0.0000,0.0000,0.0000,-0.5000
2026-05-25T20:58:01.192018,7359,0.0000,0.0000,0.0000,-0.5000
2026-05-25T20:58:01.292386,7360,0.0000,0.0000,0.0000,-0.5000
2026-05-25T20:58:01.392187,7361,0.0000,0.0000,0.0000,-0.5000
2026-05-25T20:58:01.492634,7362,0.0000,0.0000,0.0000,-0.5000
2026-05-25T20:58:01.710983,7363,0.0000,0.0000,0.0000,-0.5000
2026-05-25T20:58:01.810740,7364,0.0000,0.0000,0.0000,-0.5000
2026-05-25T20:58:01.910993,7365,0.0000,0.0000,0.0000,-0.5000
2026-05-25T20:58:02.010969,7366,0.0000,0.0000,0.0000,-0.5000
2026-05-25T20:58:02.111184,7367,0.0000,0.0000,0.0000,-0.5000
2026-05-25T20:58:02.211570,7368,0.0000,0.0000,0.0000,-0.5000
2026-05-25T20:58:02.311435,7369,0.0000,0.0000,0.0000,-0.5000
2026-05-25T20:58:02.411649,7370,0.0000,0.0000,0.0000,-0.5000
2026-05-25T20:58:02.511913,7371,0.0000,0.0000,0.0000,-0.5000
2026-05-25T20:58:02.703532,7372,0.0000,0.0000,0.0000,-0.5000
2026-05-25T20:58:02.804308,7373,0.0000,0.0000,0.0000,-0.5000
2026-05-25T20:58:02.905625,7374,0.0000,0.0000,0.0000,-0.5000
2026-05-25T20:58:03.004505,7375,0.0000,0.0000,0.0000,-0.5000
2026-05-25T20:58:03.104712,7376,0.0000,0.0000,0.0000,-0.5000
2026-05-25T20:58:03.204950,7377,0.0000,0.0000,0.0000,-0.5000
2026-05-25T20:58:03.305127,7378,0.0000,0.0000,0.0000,-0.5000
2026-05-25T20:58:03.405280,7379,-0.2000,0.0000,0.0000,-0.5000
2026-05-25T20:58:03.505315,7380,-0.2000,0.0000,0.0000,-0.5000
2026-05-25T20:58:03.605447,7381,-0.2000,0.0000,0.0000,-0.5000
2026-05-25T20:58:03.705617,7382,-0.2000,0.0000,0.0000,-0.5000
2026-05-25T20:58:03.980754,7383,-0.2000,0.0000,0.0000,-0.5000
2026-05-25T20:58:04.080795,7384,-0.2000,0.0000,0.0000,-0.5000
2026-05-25T20:58:04.181029,7385,-0.2000,0.0000,0.0000,-0.5000
2026-05-25T20:58:04.281153,7386,-0.2000,0.0000,0.0000,-0.5000
2026-05-25T20:58:04.381240,7387,-0.2000,0.0000,0.0000,-0.5000
2026-05-25T20:58:04.481371,7388,-0.2000,0.0000,0.0000,-0.5000
2026-05-25T20:58:04.581595,7389,-0.2000,0.0000,0.0000,-0.5000
2026-05-25T20:58:04.681566,7390,-0.2000,0.0000,0.0000,-0.5000
2026-05-25T20:58:04.781750,7391,-0.2000,0.0000,0.0000,-0.5000
2026-05-25T20:58:04.881905,7392,-0.2000,0.0000,0.0000,-0.5000
2026-05-25T20:58:04.982048,7393,-0.2000,0.0000,0.0000,-0.5000
2026-05-25T20:58:05.082159,7394,-0.2000,0.0000,0.0000,-0.5000
2026-05-25T20:58:05.182290,7395,-0.2000,0.0000,0.0000,-0.5000
2026-05-25T20:58:05.283444,7396,-0.2000,0.0000,0.0000,-0.5000
2026-05-25T20:58:05.382486,7397,-0.2000,0.0000,0.0000,-0.5000
2026-05-25T20:58:05.601832,7398,-0.2000,0.0000,0.0000,-0.5000
2026-05-25T20:58:05.701911,7399,-0.2000,0.0000,0.0000,-0.5000
2026-05-25T20:58:05.802141,7400,-0.2000,0.0000,0.0000,-0.5000
2026-05-25T20:58:05.902335,7401,-0.2000,0.0000,0.0000,-0.5000
2026-05-25T20:58:06.002362,7402,-0.2000,0.0000,0.0000,-0.5000
2026-05-25T20:58:06.102510,7403,-0.2000,0.0000,0.0000,-0.5000
2026-05-25T20:58:06.203498,7404,-0.2000,0.0000,0.0000,-0.5000
2026-05-25T20:58:06.303619,7405,-0.2000,0.0000,0.0000,-0.5000
2026-05-25T20:58:06.403796,7406,-0.2000,0.0000,0.0000,-0.5000
2026-05-25T20:58:06.621635,7407,-0.2000,0.0000,0.0000,-0.5000
2026-05-25T20:58:06.721552,7408,-0.2000,0.0000,0.0000,-0.5000
2026-05-25T20:58:06.822414,7409,0.0000,0.0000,0.0000,0.5000
2026-05-25T20:58:06.921880,7410,0.0000,0.0000,0.0000,0.5000
2026-05-25T20:58:07.021933,7411,0.0000,0.0000,0.0000,0.5000
2026-05-25T20:58:07.122488,7412,0.0000,0.0000,0.0000,0.5000
2026-05-25T20:58:07.222684,7413,0.0000,0.0000,0.0000,0.5000
2026-05-25T20:58:07.322806,7414,0.0000,0.0000,0.0000,0.5000
2026-05-25T20:58:07.422956,7415,0.0000,0.0000,0.0000,0.5000
2026-05-25T20:58:07.523065,7416,0.0000,0.0000,0.0000,0.5000
2026-05-25T20:58:07.623167,7417,0.0000,0.0000,0.0000,0.5000
2026-05-25T20:58:07.861227,7418,0.0000,0.0000,0.0000,0.5000
2026-05-25T20:58:07.961311,7419,0.0000,0.0000,0.0000,0.5000
2026-05-25T20:58:08.063395,7420,0.0000,0.0000,0.0000,0.5000
2026-05-25T20:58:08.163585,7421,0.0000,0.0000,0.0000,0.5000
2026-05-25T20:58:08.263638,7422,0.0000,0.0000,0.0000,0.5000
2026-05-25T20:58:08.363895,7423,0.0000,0.0000,0.0000,0.5000
2026-05-25T20:58:08.463908,7424,0.0000,0.0000,0.0000,0.5000
2026-05-25T20:58:08.564071,7425,0.0000,0.0000,0.0000,0.5000
2026-05-25T20:58:08.664206,7426,0.0000,0.0000,0.0000,0.5000
2026-05-25T20:58:08.804695,7427,0.0000,0.0000,0.0000,0.5000
2026-05-25T20:58:08.904794,7428,0.0000,0.0000,0.0000,0.5000
2026-05-25T20:58:09.004897,7429,0.0000,0.0000,0.0000,0.5000
2026-05-25T20:58:09.106799,7430,0.0000,0.0000,0.0000,0.5000
2026-05-25T20:58:09.205214,7431,0.0000,0.0000,0.0000,0.5000
2026-05-25T20:58:09.305303,7432,0.0000,0.0000,0.0000,0.5000
2026-05-25T20:58:09.405395,7433,0.0000,0.0000,0.0000,0.5000
2026-05-25T20:58:09.506404,7434,0.0000,0.0000,0.0000,0.5000
2026-05-25T20:58:09.606579,7435,0.0000,0.0000,0.0000,0.5000
2026-05-25T20:58:09.706697,7436,0.0000,0.0000,0.0000,0.5000
2026-05-25T20:58:09.807863,7437,0.0000,0.0000,0.0000,0.5000
2026-05-25T20:58:10.090794,7438,0.0000,0.0000,0.0000,0.5000
2026-05-25T20:58:10.191971,7439,0.3000,0.0000,0.0000,0.0000
2026-05-25T20:58:10.291977,7440,0.3000,0.0000,0.0000,0.0000
2026-05-25T20:58:10.392131,7441,0.3000,0.0000,0.0000,0.0000
2026-05-25T20:58:10.492543,7442,0.3000,0.0000,0.0000,0.0000
2026-05-25T20:58:10.592449,7443,0.3000,0.0000,0.0000,0.0000
2026-05-25T20:58:10.692601,7444,0.3000,0.0000,0.0000,0.0000
2026-05-25T20:58:10.792690,7445,0.3000,0.0000,0.0000,0.0000
2026-05-25T20:58:10.892904,7446,0.3000,0.0000,0.0000,0.0000
2026-05-25T20:58:10.993583,7447,0.3000,0.0000,0.0000,0.0000
2026-05-25T20:58:11.093591,7448,0.3000,0.0000,0.0000,0.0000
2026-05-25T20:58:11.330750,7449,0.3000,0.0000,0.0000,0.0000
2026-05-25T20:58:11.430815,7450,0.3000,0.0000,0.0000,0.0000
2026-05-25T20:58:11.530882,7451,0.3000,0.0000,0.0000,0.0000
2026-05-25T20:58:11.630958,7452,0.3000,0.0000,0.0000,0.0000
2026-05-25T20:58:11.731718,7453,0.3000,0.0000,0.0000,0.0000
2026-05-25T20:58:11.831901,7454,0.3000,0.0000,0.0000,0.0000
2026-05-25T20:58:11.932143,7455,0.3000,0.0000,0.0000,0.0000
2026-05-25T20:58:12.032119,7456,0.3000,0.0000,0.0000,0.0000
2026-05-25T20:58:12.132265,7457,0.3000,0.0000,0.0000,0.0000
2026-05-25T20:58:12.232385,7458,0.3000,0.0000,0.0000,0.0000
2026-05-25T20:58:12.332514,7459,0.3000,0.0000,0.0000,0.0000
2026-05-25T20:58:12.550730,7460,0.3000,0.0000,0.0000,0.0000
2026-05-25T20:58:12.650835,7461,0.3000,0.0000,0.0000,0.0000
2026-05-25T20:58:12.750981,7462,0.3000,0.0000,0.0000,0.0000
2026-05-25T20:58:12.851737,7463,0.3000,0.0000,0.0000,0.0000
2026-05-25T20:58:12.951171,7464,0.3000,0.0000,0.0000,0.0000
2026-05-25T20:58:13.051297,7465,0.3000,0.0000,0.0000,0.0000
2026-05-25T20:58:13.151392,7466,0.3000,0.0000,0.0000,0.0000
2026-05-25T20:58:13.251480,7467,0.3000,0.0000,0.0000,0.0000
2026-05-25T20:58:13.351635,7468,0.3000,0.0000,0.0000,0.0000
2026-05-25T20:58:13.451834,7469,0.0000,0.0000,0.0000,-0.5000
2026-05-25T20:58:13.551969,7470,0.0000,0.0000,0.0000,-0.5000
2026-05-25T20:58:13.790746,7471,0.0000,0.0000,0.0000,-0.5000
2026-05-25T20:58:13.890894,7472,0.0000,0.0000,0.0000,-0.5000
2026-05-25T20:58:13.991006,7473,0.0000,0.0000,0.0000,-0.5000
2026-05-25T20:58:14.091109,7474,0.0000,0.0000,0.0000,-0.5000
2026-05-25T20:58:14.191269,7475,0.0000,0.0000,0.0000,-0.5000
2026-05-25T20:58:14.291401,7476,0.0000,0.0000,0.0000,-0.5000
2026-05-25T20:58:14.391522,7477,0.0000,0.0000,0.0000,-0.5000
2026-05-25T20:58:14.491617,7478,0.0000,0.0000,0.0000,-0.5000
2026-05-25T20:58:14.591737,7479,0.0000,0.0000,0.0000,-0.5000
2026-05-25T20:58:14.692413,7480,0.0000,0.0000,0.0000,-0.5000
2026-05-25T20:58:14.792547,7481,0.0000,0.0000,0.0000,-0.5000
2026-05-25T20:58:14.892720,7482,0.0000,0.0000,0.0000,-0.5000
2026-05-25T20:58:14.992828,7483,0.0000,0.0000,0.0000,-0.5000
2026-05-25T20:58:15.274352,7484,0.0000,0.0000,0.0000,-0.5000
2026-05-25T20:58:15.374498,7485,0.0000,0.0000,0.0000,-0.5000
2026-05-25T20:58:15.474666,7486,0.0000,0.0000,0.0000,-0.5000
2026-05-25T20:58:15.574758,7487,0.0000,0.0000,0.0000,-0.5000
2026-05-25T20:58:15.674886,7488,0.0000,0.0000,0.0000,-0.5000
2026-05-25T20:58:15.775078,7489,0.0000,0.0000,0.0000,-0.5000
2026-05-25T20:58:15.875187,7490,0.0000,0.0000,0.0000,-0.5000
2026-05-25T20:58:15.975349,7491,0.0000,0.0000,0.0000,-0.5000
2026-05-25T20:58:16.075427,7492,0.0000,0.0000,0.0000,-0.5000
2026-05-25T20:58:16.175505,7493,0.0000,0.0000,0.0000,-0.5000
2026-05-25T20:58:16.275695,7494,0.0000,0.0000,0.0000,-0.5000
2026-05-25T20:58:16.490843,7495,0.0000,0.0000,0.0000,-0.5000
2026-05-25T20:58:16.590981,7496,0.0000,0.0000,0.0000,-0.5000
2026-05-25T20:58:16.691037,7497,0.0000,0.0000,0.0000,-0.5000
2026-05-25T20:58:16.791874,7498,0.0000,0.0000,0.0000,-0.5000
2026-05-25T20:58:16.891317,7499,-0.2000,0.0000,0.0000,-0.5000
2026-05-25T20:58:16.991391,7500,-0.2000,0.0000,0.0000,-0.5000
2026-05-25T20:58:17.091468,7501,-0.2000,0.0000,0.0000,-0.5000
2026-05-25T20:58:17.191712,7502,-0.2000,0.0000,0.0000,-0.5000
2026-05-25T20:58:17.291823,7503,-0.2000,0.0000,0.0000,-0.5000
2026-05-25T20:58:17.391985,7504,-0.2000,0.0000,0.0000,-0.5000
2026-05-25T20:58:17.492126,7505,-0.2000,0.0000,0.0000,-0.5000
2026-05-25T20:58:17.620849,7506,-0.2000,0.0000,0.0000,-0.5000
2026-05-25T20:58:17.720961,7507,-0.2000,0.0000,0.0000,-0.5000
2026-05-25T20:58:17.821062,7508,-0.2000,0.0000,0.0000,-0.5000
2026-05-25T20:58:17.921122,7509,-0.2000,0.0000,0.0000,-0.5000
2026-05-25T20:58:18.021315,7510,-0.2000,0.0000,0.0000,-0.5000
2026-05-25T20:58:18.121375,7511,-0.2000,0.0000,0.0000,-0.5000
2026-05-25T20:58:18.221472,7512,-0.2000,0.0000,0.0000,-0.5000
2026-05-25T20:58:18.321741,7513,-0.2000,0.0000,0.0000,-0.5000
2026-05-25T20:58:18.421822,7514,-0.2000,0.0000,0.0000,-0.5000
2026-05-25T20:58:18.521998,7515,-0.2000,0.0000,0.0000,-0.5000
2026-05-25T20:58:18.622076,7516,-0.2000,0.0000,0.0000,-0.5000
2026-05-25T20:58:18.722178,7517,-0.2000,0.0000,0.0000,-0.5000
2026-05-25T20:58:18.930876,7518,-0.2000,0.0000,0.0000,-0.5000
2026-05-25T20:58:19.031000,7519,-0.2000,0.0000,0.0000,-0.5000
2026-05-25T20:58:19.131146,7520,-0.2000,0.0000,0.0000,-0.5000
2026-05-25T20:58:19.231311,7521,-0.2000,0.0000,0.0000,-0.5000
2026-05-25T20:58:19.331419,7522,-0.2000,0.0000,0.0000,-0.5000
2026-05-25T20:58:19.431561,7523,-0.2000,0.0000,0.0000,-0.5000
2026-05-25T20:58:19.531660,7524,-0.2000,0.0000,0.0000,-0.5000
2026-05-25T20:58:19.633400,7525,-0.2000,0.0000,0.0000,-0.5000
2026-05-25T20:58:19.733579,7526,-0.2000,0.0000,0.0000,-0.5000
2026-05-25T20:58:19.833636,7527,-0.2000,0.0000,0.0000,-0.5000
2026-05-25T20:58:19.934792,7528,-0.2000,0.0000,0.0000,-0.5000
2026-05-25T20:58:20.033882,7529,0.0000,0.0000,0.0000,0.5000
2026-05-25T20:58:20.133989,7530,0.0000,0.0000,0.0000,0.5000
2026-05-25T20:58:20.351000,7531,0.0000,0.0000,0.0000,0.5000
2026-05-25T20:58:20.451123,7532,0.0000,0.0000,0.0000,0.5000
2026-05-25T20:58:20.551232,7533,0.0000,0.0000,0.0000,0.5000
2026-05-25T20:58:20.651379,7534,0.0000,0.0000,0.0000,0.5000
2026-05-25T20:58:20.751542,7535,0.0000,0.0000,0.0000,0.5000
2026-05-25T20:58:20.851777,7536,0.0000,0.0000,0.0000,0.5000
2026-05-25T20:58:20.951977,7537,0.0000,0.0000,0.0000,0.5000
2026-05-25T20:58:21.052487,7538,0.0000,0.0000,0.0000,0.5000
2026-05-25T20:58:21.152789,7539,0.0000,0.0000,0.0000,0.5000
2026-05-25T20:58:21.343676,7540,0.0000,0.0000,0.0000,0.5000
2026-05-25T20:58:21.441091,7541,0.0000,0.0000,0.0000,0.5000
2026-05-25T20:58:21.541444,7542,0.0000,0.0000,0.0000,0.5000
2026-05-25T20:58:21.641594,7543,0.0000,0.0000,0.0000,0.5000
2026-05-25T20:58:21.741688,7544,0.0000,0.0000,0.0000,0.5000
2026-05-25T20:58:21.841803,7545,0.0000,0.0000,0.0000,0.5000
2026-05-25T20:58:21.942048,7546,0.0000,0.0000,0.0000,0.5000
2026-05-25T20:58:22.042013,7547,0.0000,0.0000,0.0000,0.5000
2026-05-25T20:58:22.142467,7548,0.0000,0.0000,0.0000,0.5000
2026-05-25T20:58:22.381130,7549,0.0000,0.0000,0.0000,0.5000
2026-05-25T20:58:22.481346,7550,0.0000,0.0000,0.0000,0.5000
2026-05-25T20:58:22.584368,7551,0.0000,0.0000,0.0000,0.5000
2026-05-25T20:58:22.684627,7552,0.0000,0.0000,0.0000,0.5000
2026-05-25T20:58:22.784742,7553,0.0000,0.0000,0.0000,0.5000
2026-05-25T20:58:22.885736,7554,0.0000,0.0000,0.0000,0.5000
2026-05-25T20:58:22.985839,7555,0.0000,0.0000,0.0000,0.5000
2026-05-25T20:58:23.085892,7556,0.0000,0.0000,0.0000,0.5000
2026-05-25T20:58:23.186165,7557,0.0000,0.0000,0.0000,0.5000
2026-05-25T20:58:23.286250,7558,0.0000,0.0000,0.0000,0.5000
2026-05-25T20:58:23.386370,7559,0.3000,0.0000,0.0000,0.0000
2026-05-25T20:58:23.601148,7560,0.3000,0.0000,0.0000,0.0000
2026-05-25T20:58:23.702324,7561,0.3000,0.0000,0.0000,0.0000
2026-05-25T20:58:23.802372,7562,0.3000,0.0000,0.0000,0.0000
2026-05-25T20:58:23.902522,7563,0.3000,0.0000,0.0000,0.0000
2026-05-25T20:58:24.003421,7564,0.3000,0.0000,0.0000,0.0000
2026-05-25T20:58:24.103478,7565,0.3000,0.0000,0.0000,0.0000
2026-05-25T20:58:24.203688,7566,0.3000,0.0000,0.0000,0.0000
2026-05-25T20:58:24.304841,7567,0.3000,0.0000,0.0000,0.0000
2026-05-25T20:58:24.404343,7568,0.3000,0.0000,0.0000,0.0000
2026-05-25T20:58:24.611039,7569,0.3000,0.0000,0.0000,0.0000
2026-05-25T20:58:24.711114,7570,0.3000,0.0000,0.0000,0.0000
2026-05-25T20:58:24.811236,7571,0.3000,0.0000,0.0000,0.0000
2026-05-25T20:58:24.911419,7572,0.3000,0.0000,0.0000,0.0000
2026-05-25T20:58:25.012378,7573,0.3000,0.0000,0.0000,0.0000
2026-05-25T20:58:25.112604,7574,0.3000,0.0000,0.0000,0.0000
2026-05-25T20:58:25.212833,7575,0.3000,0.0000,0.0000,0.0000
2026-05-25T20:58:25.313110,7576,0.3000,0.0000,0.0000,0.0000
2026-05-25T20:58:25.413023,7577,0.3000,0.0000,0.0000,0.0000
2026-05-25T20:58:25.513133,7578,0.3000,0.0000,0.0000,0.0000
2026-05-25T20:58:25.613244,7579,0.3000,0.0000,0.0000,0.0000
2026-05-25T20:58:25.841442,7580,0.3000,0.0000,0.0000,0.0000
2026-05-25T20:58:25.941253,7581,0.3000,0.0000,0.0000,0.0000
2026-05-25T20:58:26.041323,7582,0.3000,0.0000,0.0000,0.0000
2026-05-25T20:58:26.141416,7583,0.3000,0.0000,0.0000,0.0000
2026-05-25T20:58:26.241544,7584,0.3000,0.0000,0.0000,0.0000
2026-05-25T20:58:26.341695,7585,0.3000,0.0000,0.0000,0.0000
2026-05-25T20:58:26.442003,7586,0.3000,0.0000,0.0000,0.0000
2026-05-25T20:58:26.542374,7587,0.3000,0.0000,0.0000,0.0000
2026-05-25T20:58:26.642559,7588,0.3000,0.0000,0.0000,0.0000
2026-05-25T20:58:26.742613,7589,0.0000,0.0000,0.0000,-0.5000
2026-05-25T20:58:26.842798,7590,0.0000,0.0000,0.0000,-0.5000
2026-05-25T20:58:26.943011,7591,0.0000,0.0000,0.0000,-0.5000
2026-05-25T20:58:27.071074,7592,0.0000,0.0000,0.0000,-0.5000
2026-05-25T20:58:27.171167,7593,0.0000,0.0000,0.0000,-0.5000
2026-05-25T20:58:27.271320,7594,0.0000,0.0000,0.0000,-0.5000
2026-05-25T20:58:27.371396,7595,0.0000,0.0000,0.0000,-0.5000
2026-05-25T20:58:27.471483,7596,0.0000,0.0000,0.0000,-0.5000
2026-05-25T20:58:27.571636,7597,0.0000,0.0000,0.0000,-0.5000
2026-05-25T20:58:27.671744,7598,0.0000,0.0000,0.0000,-0.5000
2026-05-25T20:58:27.772361,7599,0.0000,0.0000,0.0000,-0.5000
2026-05-25T20:58:27.872528,7600,0.0000,0.0000,0.0000,-0.5000
2026-05-25T20:58:28.092212,7601,0.0000,0.0000,0.0000,-0.5000
2026-05-25T20:58:28.191179,7602,0.0000,0.0000,0.0000,-0.5000
2026-05-25T20:58:28.291316,7603,0.0000,0.0000,0.0000,-0.5000
2026-05-25T20:58:28.391367,7604,0.0000,0.0000,0.0000,-0.5000
2026-05-25T20:58:28.491635,7605,0.0000,0.0000,0.0000,-0.5000
2026-05-25T20:58:28.591650,7606,0.0000,0.0000,0.0000,-0.5000
2026-05-25T20:58:28.691845,7607,0.0000,0.0000,0.0000,-0.5000
2026-05-25T20:58:28.791845,7608,0.0000,0.0000,0.0000,-0.5000
2026-05-25T20:58:28.894426,7609,0.0000,0.0000,0.0000,-0.5000
2026-05-25T20:58:28.994486,7610,0.0000,0.0000,0.0000,-0.5000
2026-05-25T20:58:29.094622,7611,0.0000,0.0000,0.0000,-0.5000
2026-05-25T20:58:29.194861,7612,0.0000,0.0000,0.0000,-0.5000
2026-05-25T20:58:29.296725,7613,0.0000,0.0000,0.0000,-0.5000
2026-05-25T20:58:29.511083,7614,0.0000,0.0000,0.0000,-0.5000
2026-05-25T20:58:29.611229,7615,0.0000,0.0000,0.0000,-0.5000
2026-05-25T20:58:29.711329,7616,0.0000,0.0000,0.0000,-0.5000
2026-05-25T20:58:29.811484,7617,0.0000,0.0000,0.0000,-0.5000
2026-05-25T20:58:29.911511,7618,0.0000,0.0000,0.0000,-0.5000
2026-05-25T20:58:30.012371,7619,-0.2000,0.0000,0.0000,-0.5000
2026-05-25T20:58:30.111796,7620,-0.2000,0.0000,0.0000,-0.5000
2026-05-25T20:58:30.211853,7621,-0.2000,0.0000,0.0000,-0.5000
2026-05-25T20:58:30.312071,7622,-0.2000,0.0000,0.0000,-0.5000
2026-05-25T20:58:30.412185,7623,-0.2000,0.0000,0.0000,-0.5000
2026-05-25T20:58:30.512267,7624,-0.2000,0.0000,0.0000,-0.5000
2026-05-25T20:58:30.774762,7625,-0.2000,0.0000,0.0000,-0.5000
2026-05-25T20:58:30.874973,7626,-0.2000,0.0000,0.0000,-0.5000
2026-05-25T20:58:30.975027,7627,-0.2000,0.0000,0.0000,-0.5000
2026-05-25T20:58:31.075119,7628,-0.2000,0.0000,0.0000,-0.5000
2026-05-25T20:58:31.175282,7629,-0.2000,0.0000,0.0000,-0.5000
2026-05-25T20:58:31.275325,7630,-0.2000,0.0000,0.0000,-0.5000
2026-05-25T20:58:31.375453,7631,-0.2000,0.0000,0.0000,-0.5000
2026-05-25T20:58:31.475637,7632,-0.2000,0.0000,0.0000,-0.5000
2026-05-25T20:58:31.575994,7633,-0.2000,0.0000,0.0000,-0.5000
2026-05-25T20:58:31.781170,7634,-0.2000,0.0000,0.0000,-0.5000
2026-05-25T20:58:31.881677,7635,-0.2000,0.0000,0.0000,-0.5000
2026-05-25T20:58:31.981449,7636,-0.2000,0.0000,0.0000,-0.5000
2026-05-25T20:58:32.081522,7637,-0.2000,0.0000,0.0000,-0.5000
2026-05-25T20:58:32.181670,7638,-0.2000,0.0000,0.0000,-0.5000
2026-05-25T20:58:32.281899,7639,-0.2000,0.0000,0.0000,-0.5000
2026-05-25T20:58:32.381905,7640,-0.2000,0.0000,0.0000,-0.5000
2026-05-25T20:58:32.482072,7641,-0.2000,0.0000,0.0000,-0.5000
2026-05-25T20:58:32.582228,7642,-0.2000,0.0000,0.0000,-0.5000
2026-05-25T20:58:32.801487,7643,-0.2000,0.0000,0.0000,-0.5000
2026-05-25T20:58:32.901269,7644,-0.2000,0.0000,0.0000,-0.5000
2026-05-25T20:58:33.001459,7645,-0.2000,0.0000,0.0000,-0.5000
2026-05-25T20:58:33.101580,7646,-0.2000,0.0000,0.0000,-0.5000
2026-05-25T20:58:33.201744,7647,-0.2000,0.0000,0.0000,-0.5000
2026-05-25T20:58:33.301864,7648,-0.2000,0.0000,0.0000,-0.5000
2026-05-25T20:58:33.402015,7649,0.0000,0.0000,0.0000,0.5000
2026-05-25T20:58:33.502126,7650,0.0000,0.0000,0.0000,0.5000
2026-05-25T20:58:33.602209,7651,0.0000,0.0000,0.0000,0.5000
2026-05-25T20:58:33.702265,7652,0.0000,0.0000,0.0000,0.5000
2026-05-25T20:58:33.802424,7653,0.0000,0.0000,0.0000,0.5000
2026-05-25T20:58:34.041098,7654,0.0000,0.0000,0.0000,0.5000
2026-05-25T20:58:34.141271,7655,0.0000,0.0000,0.0000,0.5000
2026-05-25T20:58:34.241401,7656,0.0000,0.0000,0.0000,0.5000
2026-05-25T20:58:34.341492,7657,0.0000,0.0000,0.0000,0.5000
2026-05-25T20:58:34.441653,7658,0.0000,0.0000,0.0000,0.5000
2026-05-25T20:58:34.541909,7659,0.0000,0.0000,0.0000,0.5000
2026-05-25T20:58:34.641966,7660,0.0000,0.0000,0.0000,0.5000
2026-05-25T20:58:34.742039,7661,0.0000,0.0000,0.0000,0.5000
2026-05-25T20:58:34.842283,7662,0.0000,0.0000,0.0000,0.5000
2026-05-25T20:58:34.942358,7663,0.0000,0.0000,0.0000,0.5000
2026-05-25T20:58:35.042479,7664,0.0000,0.0000,0.0000,0.5000
2026-05-25T20:58:35.331954,7665,0.0000,0.0000,0.0000,0.5000
2026-05-25T20:58:35.431926,7666,0.0000,0.0000,0.0000,0.5000
2026-05-25T20:58:35.532092,7667,0.0000,0.0000,0.0000,0.5000
2026-05-25T20:58:35.633384,7668,0.0000,0.0000,0.0000,0.5000
2026-05-25T20:58:35.733500,7669,0.0000,0.0000,0.0000,0.5000
2026-05-25T20:58:35.833642,7670,0.0000,0.0000,0.0000,0.5000
2026-05-25T20:58:35.933904,7671,0.0000,0.0000,0.0000,0.5000
2026-05-25T20:58:36.033888,7672,0.0000,0.0000,0.0000,0.5000
2026-05-25T20:58:36.134046,7673,0.0000,0.0000,0.0000,0.5000
2026-05-25T20:58:36.234189,7674,0.0000,0.0000,0.0000,0.5000
2026-05-25T20:58:36.334355,7675,0.0000,0.0000,0.0000,0.5000
2026-05-25T20:58:36.434393,7676,0.0000,0.0000,0.0000,0.5000
2026-05-25T20:58:36.534568,7677,0.0000,0.0000,0.0000,0.5000
2026-05-25T20:58:36.751271,7678,0.0000,0.0000,0.0000,0.5000
2026-05-25T20:58:36.851363,7679,0.3000,0.0000,0.0000,0.0000
2026-05-25T20:58:36.951328,7680,0.3000,0.0000,0.0000,0.0000
2026-05-25T20:58:37.051540,7681,0.3000,0.0000,0.0000,0.0000
2026-05-25T20:58:37.151644,7682,0.3000,0.0000,0.0000,0.0000
2026-05-25T20:58:37.252191,7683,0.3000,0.0000,0.0000,0.0000
2026-05-25T20:58:37.351956,7684,0.3000,0.0000,0.0000,0.0000
2026-05-25T20:58:37.452047,7685,0.3000,0.0000,0.0000,0.0000
2026-05-25T20:58:37.552566,7686,0.3000,0.0000,0.0000,0.0000
2026-05-25T20:58:37.652310,7687,0.3000,0.0000,0.0000,0.0000
2026-05-25T20:58:37.753148,7688,0.3000,0.0000,0.0000,0.0000
2026-05-25T20:58:37.861237,7689,0.3000,0.0000,0.0000,0.0000
2026-05-25T20:58:38.001252,7690,0.3000,0.0000,0.0000,0.0000
2026-05-25T20:58:38.101311,7691,0.3000,0.0000,0.0000,0.0000
2026-05-25T20:58:38.201369,7692,0.3000,0.0000,0.0000,0.0000
2026-05-25T20:58:38.301566,7693,0.3000,0.0000,0.0000,0.0000
2026-05-25T20:58:38.402259,7694,0.3000,0.0000,0.0000,0.0000
2026-05-25T20:58:38.502234,7695,0.3000,0.0000,0.0000,0.0000
2026-05-25T20:58:38.602207,7696,0.3000,0.0000,0.0000,0.0000
2026-05-25T20:58:38.702348,7697,0.3000,0.0000,0.0000,0.0000
2026-05-25T20:58:38.802423,7698,0.3000,0.0000,0.0000,0.0000
2026-05-25T20:58:38.902785,7699,0.3000,0.0000,0.0000,0.0000
2026-05-25T20:58:39.181321,7700,0.3000,0.0000,0.0000,0.0000
2026-05-25T20:58:39.281602,7701,0.3000,0.0000,0.0000,0.0000
2026-05-25T20:58:39.381665,7702,0.3000,0.0000,0.0000,0.0000
2026-05-25T20:58:39.482435,7703,0.3000,0.0000,0.0000,0.0000
2026-05-25T20:58:39.582915,7704,0.3000,0.0000,0.0000,0.0000
2026-05-25T20:58:39.683032,7705,0.3000,0.0000,0.0000,0.0000
2026-05-25T20:58:39.783222,7706,0.3000,0.0000,0.0000,0.0000
2026-05-25T20:58:39.883307,7707,0.3000,0.0000,0.0000,0.0000
2026-05-25T20:58:39.983754,7708,0.3000,0.0000,0.0000,0.0000
2026-05-25T20:58:40.192384,7709,0.0000,0.0000,0.0000,-0.5000
2026-05-25T20:58:40.292487,7710,0.0000,0.0000,0.0000,-0.5000
2026-05-25T20:58:40.392610,7711,0.0000,0.0000,0.0000,-0.5000
2026-05-25T20:58:40.493401,7712,0.0000,0.0000,0.0000,-0.5000
2026-05-25T20:58:40.593531,7713,0.0000,0.0000,0.0000,-0.5000
2026-05-25T20:58:40.693603,7714,0.0000,0.0000,0.0000,-0.5000
2026-05-25T20:58:40.793800,7715,0.0000,0.0000,0.0000,-0.5000
2026-05-25T20:58:40.893848,7716,0.0000,0.0000,0.0000,-0.5000
2026-05-25T20:58:40.993969,7717,0.0000,0.0000,0.0000,-0.5000
2026-05-25T20:58:41.094167,7718,0.0000,0.0000,0.0000,-0.5000
2026-05-25T20:58:41.194215,7719,0.0000,0.0000,0.0000,-0.5000
2026-05-25T20:58:41.411390,7720,0.0000,0.0000,0.0000,-0.5000
2026-05-25T20:58:41.511430,7721,0.0000,0.0000,0.0000,-0.5000
2026-05-25T20:58:41.611530,7722,0.0000,0.0000,0.0000,-0.5000
2026-05-25T20:58:41.711679,7723,0.0000,0.0000,0.0000,-0.5000
2026-05-25T20:58:41.811737,7724,0.0000,0.0000,0.0000,-0.5000
2026-05-25T20:58:41.911885,7725,0.0000,0.0000,0.0000,-0.5000
2026-05-25T20:58:42.012277,7726,0.0000,0.0000,0.0000,-0.5000
2026-05-25T20:58:42.112393,7727,0.0000,0.0000,0.0000,-0.5000
2026-05-25T20:58:42.212427,7728,0.0000,0.0000,0.0000,-0.5000
2026-05-25T20:58:42.431446,7729,0.0000,0.0000,0.0000,-0.5000
2026-05-25T20:58:42.531557,7730,0.0000,0.0000,0.0000,-0.5000
2026-05-25T20:58:42.631601,7731,0.0000,0.0000,0.0000,-0.5000
2026-05-25T20:58:42.731799,7732,0.0000,0.0000,0.0000,-0.5000
2026-05-25T20:58:42.831966,7733,0.0000,0.0000,0.0000,-0.5000
2026-05-25T20:58:42.932086,7734,0.0000,0.0000,0.0000,-0.5000
2026-05-25T20:58:43.032191,7735,0.0000,0.0000,0.0000,-0.5000
2026-05-25T20:58:43.132345,7736,0.0000,0.0000,0.0000,-0.5000
2026-05-25T20:58:43.232375,7737,0.0000,0.0000,0.0000,-0.5000
2026-05-25T20:58:43.451500,7738,0.0000,0.0000,0.0000,-0.5000
2026-05-25T20:58:43.551578,7739,-0.2000,0.0000,0.0000,-0.5000
2026-05-25T20:58:43.652022,7740,-0.2000,0.0000,0.0000,-0.5000
2026-05-25T20:58:43.752437,7741,-0.2000,0.0000,0.0000,-0.5000
2026-05-25T20:58:43.852488,7742,-0.2000,0.0000,0.0000,-0.5000
2026-05-25T20:58:43.952587,7743,-0.2000,0.0000,0.0000,-0.5000
2026-05-25T20:58:44.052725,7744,-0.2000,0.0000,0.0000,-0.5000
2026-05-25T20:58:44.152880,7745,-0.2000,0.0000,0.0000,-0.5000
2026-05-25T20:58:44.253071,7746,-0.2000,0.0000,0.0000,-0.5000
2026-05-25T20:58:44.353240,7747,-0.2000,0.0000,0.0000,-0.5000
2026-05-25T20:58:44.453462,7748,-0.2000,0.0000,0.0000,-0.5000
2026-05-25T20:58:44.672143,7749,-0.2000,0.0000,0.0000,-0.5000
2026-05-25T20:58:44.771687,7750,-0.2000,0.0000,0.0000,-0.5000
2026-05-25T20:58:44.871849,7751,-0.2000,0.0000,0.0000,-0.5000
2026-05-25T20:58:44.971902,7752,-0.2000,0.0000,0.0000,-0.5000
2026-05-25T20:58:45.072350,7753,-0.2000,0.0000,0.0000,-0.5000
2026-05-25T20:58:45.172536,7754,-0.2000,0.0000,0.0000,-0.5000
2026-05-25T20:58:45.272583,7755,-0.2000,0.0000,0.0000,-0.5000
2026-05-25T20:58:45.373006,7756,-0.2000,0.0000,0.0000,-0.5000
2026-05-25T20:58:45.472883,7757,-0.2000,0.0000,0.0000,-0.5000
2026-05-25T20:58:45.573067,7758,-0.2000,0.0000,0.0000,-0.5000
2026-05-25T20:58:45.673166,7759,-0.2000,0.0000,0.0000,-0.5000
2026-05-25T20:58:45.773313,7760,-0.2000,0.0000,0.0000,-0.5000
2026-05-25T20:58:45.873345,7761,-0.2000,0.0000,0.0000,-0.5000
2026-05-25T20:58:45.973540,7762,-0.2000,0.0000,0.0000,-0.5000
2026-05-25T20:58:46.073626,7763,-0.2000,0.0000,0.0000,-0.5000
2026-05-25T20:58:46.304457,7764,-0.2000,0.0000,0.0000,-0.5000
2026-05-25T20:58:46.404573,7765,-0.2000,0.0000,0.0000,-0.5000
2026-05-25T20:58:46.506324,7766,-0.2000,0.0000,0.0000,-0.5000
2026-05-25T20:58:46.606560,7767,-0.2000,0.0000,0.0000,-0.5000
2026-05-25T20:58:46.706632,7768,-0.2000,0.0000,0.0000,-0.5000
2026-05-25T20:58:46.806781,7769,0.0000,0.0000,0.0000,0.5000
2026-05-25T20:58:46.906882,7770,0.0000,0.0000,0.0000,0.5000
2026-05-25T20:58:47.007029,7771,0.0000,0.0000,0.0000,0.5000
2026-05-25T20:58:47.107186,7772,0.0000,0.0000,0.0000,0.5000
2026-05-25T20:58:47.207261,7773,0.0000,0.0000,0.0000,0.5000
2026-05-25T20:58:47.307350,7774,0.0000,0.0000,0.0000,0.5000
2026-05-25T20:58:47.511516,7775,0.0000,0.0000,0.0000,0.5000
2026-05-25T20:58:47.611553,7776,0.0000,0.0000,0.0000,0.5000
2026-05-25T20:58:47.711738,7777,0.0000,0.0000,0.0000,0.5000
2026-05-25T20:58:47.812540,7778,0.0000,0.0000,0.0000,0.5000
2026-05-25T20:58:47.912524,7779,0.0000,0.0000,0.0000,0.5000
2026-05-25T20:58:48.012620,7780,0.0000,0.0000,0.0000,0.5000
2026-05-25T20:58:48.112817,7781,0.0000,0.0000,0.0000,0.5000
2026-05-25T20:58:48.212890,7782,0.0000,0.0000,0.0000,0.5000
2026-05-25T20:58:48.313046,7783,0.0000,0.0000,0.0000,0.5000
2026-05-25T20:58:48.531583,7784,0.0000,0.0000,0.0000,0.5000
2026-05-25T20:58:48.631634,7785,0.0000,0.0000,0.0000,0.5000
2026-05-25T20:58:48.731861,7786,0.0000,0.0000,0.0000,0.5000
2026-05-25T20:58:48.831922,7787,0.0000,0.0000,0.0000,0.5000
2026-05-25T20:58:48.932071,7788,0.0000,0.0000,0.0000,0.5000
2026-05-25T20:58:49.032107,7789,0.0000,0.0000,0.0000,0.5000
2026-05-25T20:58:49.132305,7790,0.0000,0.0000,0.0000,0.5000
2026-05-25T20:58:49.232370,7791,0.0000,0.0000,0.0000,0.5000
2026-05-25T20:58:49.332443,7792,0.0000,0.0000,0.0000,0.5000
2026-05-25T20:58:49.432598,7793,0.0000,0.0000,0.0000,0.5000
2026-05-25T20:58:49.532746,7794,0.0000,0.0000,0.0000,0.5000
2026-05-25T20:58:49.751605,7795,0.0000,0.0000,0.0000,0.5000
2026-05-25T20:58:49.851982,7796,0.0000,0.0000,0.0000,0.5000
2026-05-25T20:58:49.954904,7797,0.0000,0.0000,0.0000,0.5000
2026-05-25T20:58:50.051908,7798,0.0000,0.0000,0.0000,0.5000
2026-05-25T20:58:50.151982,7799,0.3000,0.0000,0.0000,0.0000
2026-05-25T20:58:50.252221,7800,0.3000,0.0000,0.0000,0.0000
2026-05-25T20:58:50.352275,7801,0.3000,0.0000,0.0000,0.0000
2026-05-25T20:58:50.452341,7802,0.3000,0.0000,0.0000,0.0000
2026-05-25T20:58:50.552500,7803,0.3000,0.0000,0.0000,0.0000
2026-05-25T20:58:50.652634,7804,0.3000,0.0000,0.0000,0.0000
2026-05-25T20:58:50.752744,7805,0.3000,0.0000,0.0000,0.0000
2026-05-25T20:58:50.973717,7806,0.3000,0.0000,0.0000,0.0000
2026-05-25T20:58:51.073915,7807,0.3000,0.0000,0.0000,0.0000
2026-05-25T20:58:51.174245,7808,0.3000,0.0000,0.0000,0.0000
2026-05-25T20:58:51.274255,7809,0.3000,0.0000,0.0000,0.0000
2026-05-25T20:58:51.374387,7810,0.3000,0.0000,0.0000,0.0000
2026-05-25T20:58:51.474925,7811,0.3000,0.0000,0.0000,0.0000
2026-05-25T20:58:51.575071,7812,0.3000,0.0000,0.0000,0.0000
2026-05-25T20:58:51.675351,7813,0.3000,0.0000,0.0000,0.0000
2026-05-25T20:58:51.775313,7814,0.3000,0.0000,0.0000,0.0000
2026-05-25T20:58:51.875382,7815,0.3000,0.0000,0.0000,0.0000
2026-05-25T20:58:51.975476,7816,0.3000,0.0000,0.0000,0.0000
2026-05-25T20:58:52.241586,7817,0.3000,0.0000,0.0000,0.0000
2026-05-25T20:58:52.341715,7818,0.3000,0.0000,0.0000,0.0000
2026-05-25T20:58:52.441837,7819,0.3000,0.0000,0.0000,0.0000
2026-05-25T20:58:52.542486,7820,0.3000,0.0000,0.0000,0.0000
2026-05-25T20:58:52.642678,7821,0.3000,0.0000,0.0000,0.0000
2026-05-25T20:58:52.742732,7822,0.3000,0.0000,0.0000,0.0000
2026-05-25T20:58:52.843136,7823,0.3000,0.0000,0.0000,0.0000
2026-05-25T20:58:52.943076,7824,0.3000,0.0000,0.0000,0.0000
2026-05-25T20:58:53.043194,7825,0.3000,0.0000,0.0000,0.0000
2026-05-25T20:58:53.143251,7826,0.3000,0.0000,0.0000,0.0000
2026-05-25T20:58:53.243365,7827,0.3000,0.0000,0.0000,0.0000
2026-05-25T20:58:53.343412,7828,0.3000,0.0000,0.0000,0.0000
2026-05-25T20:58:53.443536,7829,0.0000,0.0000,0.0000,-0.5000
2026-05-25T20:58:53.721686,7830,0.0000,0.0000,0.0000,-0.5000
2026-05-25T20:58:53.821821,7831,0.0000,0.0000,0.0000,-0.5000
2026-05-25T20:58:53.921936,7832,0.0000,0.0000,0.0000,-0.5000
2026-05-25T20:58:54.023366,7833,0.0000,0.0000,0.0000,-0.5000
2026-05-25T20:58:54.123521,7834,0.0000,0.0000,0.0000,-0.5000
2026-05-25T20:58:54.223705,7835,0.0000,0.0000,0.0000,-0.5000
2026-05-25T20:58:54.323787,7836,0.0000,0.0000,0.0000,-0.5000
2026-05-25T20:58:54.423891,7837,0.0000,0.0000,0.0000,-0.5000
2026-05-25T20:58:54.524064,7838,0.0000,0.0000,0.0000,-0.5000
2026-05-25T20:58:54.624307,7839,0.0000,0.0000,0.0000,-0.5000
2026-05-25T20:58:54.724344,7840,0.0000,0.0000,0.0000,-0.5000
2026-05-25T20:58:54.824369,7841,0.0000,0.0000,0.0000,-0.5000
2026-05-25T20:58:54.924475,7842,0.0000,0.0000,0.0000,-0.5000
2026-05-25T20:58:55.152290,7843,0.0000,0.0000,0.0000,-0.5000
2026-05-25T20:58:55.252436,7844,0.0000,0.0000,0.0000,-0.5000
2026-05-25T20:58:55.352493,7845,0.0000,0.0000,0.0000,-0.5000
2026-05-25T20:58:55.452676,7846,0.0000,0.0000,0.0000,-0.5000
2026-05-25T20:58:55.554065,7847,0.0000,0.0000,0.0000,-0.5000
2026-05-25T20:58:55.653072,7848,0.0000,0.0000,0.0000,-0.5000
2026-05-25T20:58:55.753236,7849,0.0000,0.0000,0.0000,-0.5000
2026-05-25T20:58:55.853346,7850,0.0000,0.0000,0.0000,-0.5000
2026-05-25T20:58:55.953514,7851,0.0000,0.0000,0.0000,-0.5000
2026-05-25T20:58:56.162069,7852,0.0000,0.0000,0.0000,-0.5000
2026-05-25T20:58:56.261916,7853,0.0000,0.0000,0.0000,-0.5000
2026-05-25T20:58:56.362448,7854,0.0000,0.0000,0.0000,-0.5000
2026-05-25T20:58:56.462474,7855,0.0000,0.0000,0.0000,-0.5000
2026-05-25T20:58:56.562690,7856,0.0000,0.0000,0.0000,-0.5000
2026-05-25T20:58:56.662715,7857,0.0000,0.0000,0.0000,-0.5000
2026-05-25T20:58:56.763023,7858,0.0000,0.0000,0.0000,-0.5000
2026-05-25T20:58:56.863112,7859,-0.2000,0.0000,0.0000,-0.5000
2026-05-25T20:58:56.963273,7860,-0.2000,0.0000,0.0000,-0.5000
2026-05-25T20:58:57.063372,7861,-0.2000,0.0000,0.0000,-0.5000
2026-05-25T20:58:57.163388,7862,-0.2000,0.0000,0.0000,-0.5000
2026-05-25T20:58:57.263669,7863,-0.2000,0.0000,0.0000,-0.5000
2026-05-25T20:58:57.375340,7864,-0.2000,0.0000,0.0000,-0.5000
2026-05-25T20:58:57.475525,7865,-0.2000,0.0000,0.0000,-0.5000
2026-05-25T20:58:57.576321,7866,-0.2000,0.0000,0.0000,-0.5000
2026-05-25T20:58:57.676352,7867,-0.2000,0.0000,0.0000,-0.5000
2026-05-25T20:58:57.776556,7868,-0.2000,0.0000,0.0000,-0.5000
2026-05-25T20:58:57.876634,7869,-0.2000,0.0000,0.0000,-0.5000
2026-05-25T20:58:57.976796,7870,-0.2000,0.0000,0.0000,-0.5000
2026-05-25T20:58:58.076898,7871,-0.2000,0.0000,0.0000,-0.5000
2026-05-25T20:58:58.177109,7872,-0.2000,0.0000,0.0000,-0.5000
2026-05-25T20:58:58.277253,7873,-0.2000,0.0000,0.0000,-0.5000
2026-05-25T20:58:58.377375,7874,-0.2000,0.0000,0.0000,-0.5000
2026-05-25T20:58:58.491606,7875,-0.2000,0.0000,0.0000,-0.5000
2026-05-25T20:58:58.592433,7876,-0.2000,0.0000,0.0000,-0.5000
2026-05-25T20:58:58.692672,7877,-0.2000,0.0000,0.0000,-0.5000
2026-05-25T20:58:58.792736,7878,-0.2000,0.0000,0.0000,-0.5000
2026-05-25T20:58:58.892885,7879,-0.2000,0.0000,0.0000,-0.5000
2026-05-25T20:58:58.993022,7880,-0.2000,0.0000,0.0000,-0.5000
2026-05-25T20:58:59.093112,7881,-0.2000,0.0000,0.0000,-0.5000
2026-05-25T20:58:59.193320,7882,-0.2000,0.0000,0.0000,-0.5000
2026-05-25T20:58:59.293425,7883,-0.2000,0.0000,0.0000,-0.5000
2026-05-25T20:58:59.393510,7884,-0.2000,0.0000,0.0000,-0.5000
2026-05-25T20:58:59.511644,7885,-0.2000,0.0000,0.0000,-0.5000
2026-05-25T20:58:59.611725,7886,-0.2000,0.0000,0.0000,-0.5000
2026-05-25T20:58:59.711895,7887,-0.2000,0.0000,0.0000,-0.5000
2026-05-25T20:58:59.812050,7888,-0.2000,0.0000,0.0000,-0.5000
2026-05-25T20:58:59.912133,7889,0.0000,0.0000,0.0000,0.5000
2026-05-25T20:59:00.012273,7890,0.0000,0.0000,0.0000,0.5000
2026-05-25T20:59:00.112385,7891,0.0000,0.0000,0.0000,0.5000
2026-05-25T20:59:00.212516,7892,0.0000,0.0000,0.0000,0.5000
2026-05-25T20:59:00.312654,7893,0.0000,0.0000,0.0000,0.5000
2026-05-25T20:59:00.412852,7894,0.0000,0.0000,0.0000,0.5000
2026-05-25T20:59:00.512969,7895,0.0000,0.0000,0.0000,0.5000
2026-05-25T20:59:00.613112,7896,0.0000,0.0000,0.0000,0.5000
2026-05-25T20:59:00.811865,7897,0.0000,0.0000,0.0000,0.5000
2026-05-25T20:59:00.912500,7898,0.0000,0.0000,0.0000,0.5000
2026-05-25T20:59:01.012107,7899,0.0000,0.0000,0.0000,0.5000
2026-05-25T20:59:01.112224,7900,0.0000,0.0000,0.0000,0.5000
2026-05-25T20:59:01.212326,7901,0.0000,0.0000,0.0000,0.5000
2026-05-25T20:59:01.313480,7902,0.0000,0.0000,0.0000,0.5000
2026-05-25T20:59:01.412482,7903,0.0000,0.0000,0.0000,0.5000
2026-05-25T20:59:01.512614,7904,0.0000,0.0000,0.0000,0.5000
2026-05-25T20:59:01.612819,7905,0.0000,0.0000,0.0000,0.5000
2026-05-25T20:59:01.821789,7906,0.0000,0.0000,0.0000,0.5000
2026-05-25T20:59:01.921841,7907,0.0000,0.0000,0.0000,0.5000
2026-05-25T20:59:02.021978,7908,0.0000,0.0000,0.0000,0.5000
2026-05-25T20:59:02.122131,7909,0.0000,0.0000,0.0000,0.5000
2026-05-25T20:59:02.222833,7910,0.0000,0.0000,0.0000,0.5000
2026-05-25T20:59:02.322396,7911,0.0000,0.0000,0.0000,0.5000
2026-05-25T20:59:02.423403,7912,0.0000,0.0000,0.0000,0.5000
2026-05-25T20:59:02.522626,7913,0.0000,0.0000,0.0000,0.5000
2026-05-25T20:59:02.622810,7914,0.0000,0.0000,0.0000,0.5000
2026-05-25T20:59:02.831814,7915,0.0000,0.0000,0.0000,0.5000
2026-05-25T20:59:02.931898,7916,0.0000,0.0000,0.0000,0.5000
2026-05-25T20:59:03.032494,7917,0.0000,0.0000,0.0000,0.5000
2026-05-25T20:59:03.132678,7918,0.0000,0.0000,0.0000,0.5000
2026-05-25T20:59:03.232760,7919,0.3000,0.0000,0.0000,0.0000
2026-05-25T20:59:03.332954,7920,0.3000,0.0000,0.0000,0.0000
2026-05-25T20:59:03.433050,7921,0.3000,0.0000,0.0000,0.0000
2026-05-25T20:59:03.533179,7922,0.3000,0.0000,0.0000,0.0000
2026-05-25T20:59:03.633444,7923,0.3000,0.0000,0.0000,0.0000
2026-05-25T20:59:03.841851,7924,0.3000,0.0000,0.0000,0.0000
2026-05-25T20:59:03.941889,7925,0.3000,0.0000,0.0000,0.0000
2026-05-25T20:59:04.042042,7926,0.3000,0.0000,0.0000,0.0000
2026-05-25T20:59:04.143362,7927,0.3000,0.0000,0.0000,0.0000
2026-05-25T20:59:04.243545,7928,0.3000,0.0000,0.0000,0.0000
2026-05-25T20:59:04.344359,7929,0.3000,0.0000,0.0000,0.0000
2026-05-25T20:59:04.443835,7930,0.3000,0.0000,0.0000,0.0000
2026-05-25T20:59:04.543893,7931,0.3000,0.0000,0.0000,0.0000
2026-05-25T20:59:04.644024,7932,0.3000,0.0000,0.0000,0.0000
2026-05-25T20:59:04.852096,7933,0.3000,0.0000,0.0000,0.0000
2026-05-25T20:59:04.951959,7934,0.3000,0.0000,0.0000,0.0000
2026-05-25T20:59:05.052098,7935,0.3000,0.0000,0.0000,0.0000
2026-05-25T20:59:05.152518,7936,0.3000,0.0000,0.0000,0.0000
2026-05-25T20:59:05.252617,7937,0.3000,0.0000,0.0000,0.0000
2026-05-25T20:59:05.352731,7938,0.3000,0.0000,0.0000,0.0000
2026-05-25T20:59:05.453342,7939,0.3000,0.0000,0.0000,0.0000
2026-05-25T20:59:05.553445,7940,0.3000,0.0000,0.0000,0.0000
2026-05-25T20:59:05.653123,7941,0.3000,0.0000,0.0000,0.0000
2026-05-25T20:59:05.753276,7942,0.3000,0.0000,0.0000,0.0000
2026-05-25T20:59:05.853355,7943,0.3000,0.0000,0.0000,0.0000
2026-05-25T20:59:06.091866,7944,0.3000,0.0000,0.0000,0.0000
2026-05-25T20:59:06.192062,7945,0.3000,0.0000,0.0000,0.0000
2026-05-25T20:59:06.292121,7946,0.3000,0.0000,0.0000,0.0000
2026-05-25T20:59:06.392241,7947,0.3000,0.0000,0.0000,0.0000
2026-05-25T20:59:06.492407,7948,0.3000,0.0000,0.0000,0.0000
2026-05-25T20:59:06.592424,7949,0.0000,0.0000,0.0000,-0.5000
2026-05-25T20:59:06.693788,7950,0.0000,0.0000,0.0000,-0.5000
2026-05-25T20:59:06.792692,7951,0.0000,0.0000,0.0000,-0.5000
2026-05-25T20:59:06.892902,7952,0.0000,0.0000,0.0000,-0.5000
2026-05-25T20:59:06.992989,7953,0.0000,0.0000,0.0000,-0.5000
2026-05-25T20:59:07.093187,7954,0.0000,0.0000,0.0000,-0.5000
2026-05-25T20:59:07.193288,7955,0.0000,0.0000,0.0000,-0.5000
2026-05-25T20:59:07.293329,7956,0.0000,0.0000,0.0000,-0.5000
2026-05-25T20:59:07.512012,7957,0.0000,0.0000,0.0000,-0.5000
2026-05-25T20:59:07.612091,7958,0.0000,0.0000,0.0000,-0.5000
2026-05-25T20:59:07.712194,7959,0.0000,0.0000,0.0000,-0.5000
2026-05-25T20:59:07.812331,7960,0.0000,0.0000,0.0000,-0.5000
2026-05-25T20:59:07.912488,7961,0.0000,0.0000,0.0000,-0.5000
2026-05-25T20:59:08.012626,7962,0.0000,0.0000,0.0000,-0.5000
2026-05-25T20:59:08.112787,7963,0.0000,0.0000,0.0000,-0.5000
2026-05-25T20:59:08.212835,7964,0.0000,0.0000,0.0000,-0.5000
2026-05-25T20:59:08.313019,7965,0.0000,0.0000,0.0000,-0.5000
2026-05-25T20:59:08.532121,7966,0.0000,0.0000,0.0000,-0.5000
2026-05-25T20:59:08.632150,7967,0.0000,0.0000,0.0000,-0.5000
2026-05-25T20:59:08.733792,7968,0.0000,0.0000,0.0000,-0.5000
2026-05-25T20:59:08.832300,7969,0.0000,0.0000,0.0000,-0.5000
2026-05-25T20:59:08.932385,7970,0.0000,0.0000,0.0000,-0.5000
2026-05-25T20:59:09.032531,7971,0.0000,0.0000,0.0000,-0.5000
2026-05-25T20:59:09.132694,7972,0.0000,0.0000,0.0000,-0.5000
2026-05-25T20:59:09.233686,7973,0.0000,0.0000,0.0000,-0.5000
2026-05-25T20:59:09.332946,7974,0.0000,0.0000,0.0000,-0.5000
2026-05-25T20:59:09.433025,7975,0.0000,0.0000,0.0000,-0.5000
2026-05-25T20:59:09.533181,7976,0.0000,0.0000,0.0000,-0.5000
2026-05-25T20:59:09.752360,7977,0.0000,0.0000,0.0000,-0.5000
2026-05-25T20:59:09.852414,7978,0.0000,0.0000,0.0000,-0.5000
2026-05-25T20:59:09.952642,7979,-0.2000,0.0000,0.0000,-0.5000
2026-05-25T20:59:10.052578,7980,-0.2000,0.0000,0.0000,-0.5000
2026-05-25T20:59:10.153283,7981,-0.2000,0.0000,0.0000,-0.5000
2026-05-25T20:59:10.253224,7982,-0.2000,0.0000,0.0000,-0.5000
2026-05-25T20:59:10.353175,7983,-0.2000,0.0000,0.0000,-0.5000
2026-05-25T20:59:10.455284,7984,-0.2000,0.0000,0.0000,-0.5000
2026-05-25T20:59:10.555731,7985,-0.2000,0.0000,0.0000,-0.5000
2026-05-25T20:59:10.761864,7986,-0.2000,0.0000,0.0000,-0.5000
2026-05-25T20:59:10.862018,7987,-0.2000,0.0000,0.0000,-0.5000
2026-05-25T20:59:10.963270,7988,-0.2000,0.0000,0.0000,-0.5000
2026-05-25T20:59:11.063403,7989,-0.2000,0.0000,0.0000,-0.5000
2026-05-25T20:59:11.163577,7990,-0.2000,0.0000,0.0000,-0.5000
2026-05-25T20:59:11.263695,7991,-0.2000,0.0000,0.0000,-0.5000
2026-05-25T20:59:11.363798,7992,-0.2000,0.0000,0.0000,-0.5000
2026-05-25T20:59:11.464209,7993,-0.2000,0.0000,0.0000,-0.5000
2026-05-25T20:59:11.564006,7994,-0.2000,0.0000,0.0000,-0.5000
2026-05-25T20:59:11.664379,7995,-0.2000,0.0000,0.0000,-0.5000
2026-05-25T20:59:11.764430,7996,-0.2000,0.0000,0.0000,-0.5000
2026-05-25T20:59:11.982418,7997,-0.2000,0.0000,0.0000,-0.5000
2026-05-25T20:59:12.082471,7998,-0.2000,0.0000,0.0000,-0.5000
2026-05-25T20:59:12.182526,7999,-0.2000,0.0000,0.0000,-0.5000
2026-05-25T20:59:12.282676,8000,-0.2000,0.0000,0.0000,-0.5000
2026-05-25T20:59:12.382659,8001,-0.2000,0.0000,0.0000,-0.5000
2026-05-25T20:59:12.482812,8002,-0.2000,0.0000,0.0000,-0.5000
2026-05-25T20:59:12.582871,8003,-0.2000,0.0000,0.0000,-0.5000
2026-05-25T20:59:12.682932,8004,-0.2000,0.0000,0.0000,-0.5000
2026-05-25T20:59:12.783001,8005,-0.2000,0.0000,0.0000,-0.5000
2026-05-25T20:59:12.883065,8006,-0.2000,0.0000,0.0000,-0.5000
2026-05-25T20:59:12.983126,8007,-0.2000,0.0000,0.0000,-0.5000
2026-05-25T20:59:13.083850,8008,-0.2000,0.0000,0.0000,-0.5000
2026-05-25T20:59:13.183238,8009,0.0000,0.0000,0.0000,0.5000
2026-05-25T20:59:13.472541,8010,0.0000,0.0000,0.0000,0.5000
2026-05-25T20:59:13.572060,8011,0.0000,0.0000,0.0000,0.5000
2026-05-25T20:59:13.672207,8012,0.0000,0.0000,0.0000,0.5000
2026-05-25T20:59:13.772258,8013,0.0000,0.0000,0.0000,0.5000
2026-05-25T20:59:13.872333,8014,0.0000,0.0000,0.0000,0.5000
2026-05-25T20:59:13.972497,8015,0.0000,0.0000,0.0000,0.5000
2026-05-25T20:59:14.072654,8016,0.0000,0.0000,0.0000,0.5000
2026-05-25T20:59:14.172675,8017,0.0000,0.0000,0.0000,0.5000
2026-05-25T20:59:14.272857,8018,0.0000,0.0000,0.0000,0.5000
2026-05-25T20:59:14.372825,8019,0.0000,0.0000,0.0000,0.5000
2026-05-25T20:59:14.472907,8020,0.0000,0.0000,0.0000,0.5000
2026-05-25T20:59:14.572998,8021,0.0000,0.0000,0.0000,0.5000
2026-05-25T20:59:14.673113,8022,0.0000,0.0000,0.0000,0.5000
2026-05-25T20:59:14.773208,8023,0.0000,0.0000,0.0000,0.5000
2026-05-25T20:59:14.874397,8024,0.0000,0.0000,0.0000,0.5000
2026-05-25T20:59:15.092062,8025,0.0000,0.0000,0.0000,0.5000
2026-05-25T20:59:15.192132,8026,0.0000,0.0000,0.0000,0.5000
2026-05-25T20:59:15.292254,8027,0.0000,0.0000,0.0000,0.5000
2026-05-25T20:59:15.392495,8028,0.0000,0.0000,0.0000,0.5000
2026-05-25T20:59:15.493013,8029,0.0000,0.0000,0.0000,0.5000
2026-05-25T20:59:15.594551,8030,0.0000,0.0000,0.0000,0.5000
2026-05-25T20:59:15.693949,8031,0.0000,0.0000,0.0000,0.5000
2026-05-25T20:59:15.796258,8032,0.0000,0.0000,0.0000,0.5000
2026-05-25T20:59:15.895620,8033,0.0000,0.0000,0.0000,0.5000
2026-05-25T20:59:16.112734,8034,0.0000,0.0000,0.0000,0.5000
2026-05-25T20:59:16.212922,8035,0.0000,0.0000,0.0000,0.5000
2026-05-25T20:59:16.314815,8036,0.0000,0.0000,0.0000,0.5000
2026-05-25T20:59:16.415118,8037,0.0000,0.0000,0.0000,0.5000
2026-05-25T20:59:16.517388,8038,0.0000,0.0000,0.0000,0.5000
2026-05-25T20:59:16.617530,8039,0.3000,0.0000,0.0000,0.0000
2026-05-25T20:59:16.717637,8040,0.3000,0.0000,0.0000,0.0000
2026-05-25T20:59:16.817779,8041,0.3000,0.0000,0.0000,0.0000
2026-05-25T20:59:16.917880,8042,0.3000,0.0000,0.0000,0.0000
2026-05-25T20:59:17.131979,8043,0.3000,0.0000,0.0000,0.0000
2026-05-25T20:59:17.232115,8044,0.3000,0.0000,0.0000,0.0000
2026-05-25T20:59:17.332288,8045,0.3000,0.0000,0.0000,0.0000
2026-05-25T20:59:17.432339,8046,0.3000,0.0000,0.0000,0.0000
2026-05-25T20:59:17.532500,8047,0.3000,0.0000,0.0000,0.0000
2026-05-25T20:59:17.632666,8048,0.3000,0.0000,0.0000,0.0000
2026-05-25T20:59:17.732749,8049,0.3000,0.0000,0.0000,0.0000
2026-05-25T20:59:17.832891,8050,0.3000,0.0000,0.0000,0.0000
2026-05-25T20:59:17.933020,8051,0.3000,0.0000,0.0000,0.0000
2026-05-25T20:59:18.033142,8052,0.3000,0.0000,0.0000,0.0000
2026-05-25T20:59:18.133272,8053,0.3000,0.0000,0.0000,0.0000
2026-05-25T20:59:18.241920,8054,0.3000,0.0000,0.0000,0.0000
2026-05-25T20:59:18.342151,8055,0.3000,0.0000,0.0000,0.0000
2026-05-25T20:59:18.442250,8056,0.3000,0.0000,0.0000,0.0000
2026-05-25T20:59:18.542411,8057,0.3000,0.0000,0.0000,0.0000
2026-05-25T20:59:18.642474,8058,0.3000,0.0000,0.0000,0.0000
2026-05-25T20:59:18.742608,8059,0.3000,0.0000,0.0000,0.0000
2026-05-25T20:59:18.952101,8060,0.3000,0.0000,0.0000,0.0000
2026-05-25T20:59:19.052192,8061,0.3000,0.0000,0.0000,0.0000
2026-05-25T20:59:19.152758,8062,0.3000,0.0000,0.0000,0.0000
2026-05-25T20:59:19.252960,8063,0.3000,0.0000,0.0000,0.0000
2026-05-25T20:59:19.353091,8064,0.3000,0.0000,0.0000,0.0000
2026-05-25T20:59:19.453195,8065,0.3000,0.0000,0.0000,0.0000
2026-05-25T20:59:19.553320,8066,0.3000,0.0000,0.0000,0.0000
2026-05-25T20:59:19.653285,8067,0.3000,0.0000,0.0000,0.0000
2026-05-25T20:59:19.753440,8068,0.3000,0.0000,0.0000,0.0000
2026-05-25T20:59:19.853604,8069,0.0000,0.0000,0.0000,-0.5000
2026-05-25T20:59:19.953685,8070,0.0000,0.0000,0.0000,-0.5000
2026-05-25T20:59:20.162816,8071,0.0000,0.0000,0.0000,-0.5000
2026-05-25T20:59:20.262212,8072,0.0000,0.0000,0.0000,-0.5000
2026-05-25T20:59:20.363345,8073,0.0000,0.0000,0.0000,-0.5000
2026-05-25T20:59:20.463335,8074,0.0000,0.0000,0.0000,-0.5000
2026-05-25T20:59:20.563503,8075,0.0000,0.0000,0.0000,-0.5000
2026-05-25T20:59:20.663578,8076,0.0000,0.0000,0.0000,-0.5000
2026-05-25T20:59:20.763735,8077,0.0000,0.0000,0.0000,-0.5000
2026-05-25T20:59:20.863839,8078,0.0000,0.0000,0.0000,-0.5000
2026-05-25T20:59:20.964012,8079,0.0000,0.0000,0.0000,-0.5000
2026-05-25T20:59:21.182140,8080,0.0000,0.0000,0.0000,-0.5000
2026-05-25T20:59:21.282214,8081,0.0000,0.0000,0.0000,-0.5000
2026-05-25T20:59:21.385377,8082,0.0000,0.0000,0.0000,-0.5000
2026-05-25T20:59:21.485454,8083,0.0000,0.0000,0.0000,-0.5000
2026-05-25T20:59:21.585647,8084,0.0000,0.0000,0.0000,-0.5000
2026-05-25T20:59:21.685774,8085,0.0000,0.0000,0.0000,-0.5000
2026-05-25T20:59:21.785892,8086,0.0000,0.0000,0.0000,-0.5000
2026-05-25T20:59:21.885995,8087,0.0000,0.0000,0.0000,-0.5000
2026-05-25T20:59:21.986118,8088,0.0000,0.0000,0.0000,-0.5000
2026-05-25T20:59:22.086303,8089,0.0000,0.0000,0.0000,-0.5000
2026-05-25T20:59:22.186370,8090,0.0000,0.0000,0.0000,-0.5000
2026-05-25T20:59:22.402223,8091,0.0000,0.0000,0.0000,-0.5000
2026-05-25T20:59:22.502500,8092,0.0000,0.0000,0.0000,-0.5000
2026-05-25T20:59:22.602506,8093,0.0000,0.0000,0.0000,-0.5000
2026-05-25T20:59:22.702639,8094,0.0000,0.0000,0.0000,-0.5000
2026-05-25T20:59:22.802791,8095,0.0000,0.0000,0.0000,-0.5000
2026-05-25T20:59:22.902893,8096,0.0000,0.0000,0.0000,-0.5000
2026-05-25T20:59:23.002962,8097,0.0000,0.0000,0.0000,-0.5000
2026-05-25T20:59:23.103084,8098,0.0000,0.0000,0.0000,-0.5000
2026-05-25T20:59:23.203305,8099,-0.2000,0.0000,0.0000,-0.5000
2026-05-25T20:59:23.303307,8100,-0.2000,0.0000,0.0000,-0.5000
2026-05-25T20:59:23.403558,8101,-0.2000,0.0000,0.0000,-0.5000
2026-05-25T20:59:23.622152,8102,-0.2000,0.0000,0.0000,-0.5000
2026-05-25T20:59:23.722298,8103,-0.2000,0.0000,0.0000,-0.5000
2026-05-25T20:59:23.822338,8104,-0.2000,0.0000,0.0000,-0.5000
2026-05-25T20:59:23.923001,8105,-0.2000,0.0000,0.0000,-0.5000
2026-05-25T20:59:24.022669,8106,-0.2000,0.0000,0.0000,-0.5000
2026-05-25T20:59:24.122742,8107,-0.2000,0.0000,0.0000,-0.5000
2026-05-25T20:59:24.223019,8108,-0.2000,0.0000,0.0000,-0.5000
2026-05-25T20:59:24.323010,8109,-0.2000,0.0000,0.0000,-0.5000
2026-05-25T20:59:24.423172,8110,-0.2000,0.0000,0.0000,-0.5000
2026-05-25T20:59:24.523318,8111,-0.2000,0.0000,0.0000,-0.5000
2026-05-25T20:59:24.623333,8112,-0.2000,0.0000,0.0000,-0.5000
2026-05-25T20:59:24.842317,8113,-0.2000,0.0000,0.0000,-0.5000
2026-05-25T20:59:24.942414,8114,-0.2000,0.0000,0.0000,-0.5000
2026-05-25T20:59:25.042492,8115,-0.2000,0.0000,0.0000,-0.5000
2026-05-25T20:59:25.142554,8116,-0.2000,0.0000,0.0000,-0.5000
2026-05-25T20:59:25.242791,8117,-0.2000,0.0000,0.0000,-0.5000
2026-05-25T20:59:25.342900,8118,-0.2000,0.0000,0.0000,-0.5000
2026-05-25T20:59:25.443061,8119,-0.2000,0.0000,0.0000,-0.5000
2026-05-25T20:59:25.543165,8120,-0.2000,0.0000,0.0000,-0.5000
2026-05-25T20:59:25.643277,8121,-0.2000,0.0000,0.0000,-0.5000
2026-05-25T20:59:25.743397,8122,-0.2000,0.0000,0.0000,-0.5000
2026-05-25T20:59:25.843567,8123,-0.2000,0.0000,0.0000,-0.5000
2026-05-25T20:59:26.062162,8124,-0.2000,0.0000,0.0000,-0.5000
2026-05-25T20:59:26.162415,8125,-0.2000,0.0000,0.0000,-0.5000
2026-05-25T20:59:26.262365,8126,-0.2000,0.0000,0.0000,-0.5000
2026-05-25T20:59:26.362559,8127,-0.2000,0.0000,0.0000,-0.5000
2026-05-25T20:59:26.462653,8128,-0.2000,0.0000,0.0000,-0.5000
2026-05-25T20:59:26.562857,8129,0.0000,0.0000,0.0000,0.5000
2026-05-25T20:59:26.663104,8130,0.0000,0.0000,0.0000,0.5000
2026-05-25T20:59:26.763158,8131,0.0000,0.0000,0.0000,0.5000
2026-05-25T20:59:26.863200,8132,0.0000,0.0000,0.0000,0.5000
2026-05-25T20:59:26.963312,8133,0.0000,0.0000,0.0000,0.5000
2026-05-25T20:59:27.063446,8134,0.0000,0.0000,0.0000,0.5000
2026-05-25T20:59:27.166349,8135,0.0000,0.0000,0.0000,0.5000
2026-05-25T20:59:27.266342,8136,0.0000,0.0000,0.0000,0.5000
2026-05-25T20:59:27.366489,8137,0.0000,0.0000,0.0000,0.5000
2026-05-25T20:59:27.466617,8138,0.0000,0.0000,0.0000,0.5000
2026-05-25T20:59:27.732294,8139,0.0000,0.0000,0.0000,0.5000
2026-05-25T20:59:27.833166,8140,0.0000,0.0000,0.0000,0.5000
2026-05-25T20:59:27.933369,8141,0.0000,0.0000,0.0000,0.5000
2026-05-25T20:59:28.033480,8142,0.0000,0.0000,0.0000,0.5000
2026-05-25T20:59:28.133961,8143,0.0000,0.0000,0.0000,0.5000
2026-05-25T20:59:28.233745,8144,0.0000,0.0000,0.0000,0.5000
2026-05-25T20:59:28.334859,8145,0.0000,0.0000,0.0000,0.5000
2026-05-25T20:59:28.434047,8146,0.0000,0.0000,0.0000,0.5000
2026-05-25T20:59:28.534157,8147,0.0000,0.0000,0.0000,0.5000
2026-05-25T20:59:28.634262,8148,0.0000,0.0000,0.0000,0.5000
2026-05-25T20:59:28.734519,8149,0.0000,0.0000,0.0000,0.5000
2026-05-25T20:59:28.982364,8150,0.0000,0.0000,0.0000,0.5000
2026-05-25T20:59:29.083341,8151,0.0000,0.0000,0.0000,0.5000
2026-05-25T20:59:29.183454,8152,0.0000,0.0000,0.0000,0.5000
2026-05-25T20:59:29.283651,8153,0.0000,0.0000,0.0000,0.5000
2026-05-25T20:59:29.383733,8154,0.0000,0.0000,0.0000,0.5000
2026-05-25T20:59:29.483919,8155,0.0000,0.0000,0.0000,0.5000
2026-05-25T20:59:29.584071,8156,0.0000,0.0000,0.0000,0.5000
2026-05-25T20:59:29.684714,8157,0.0000,0.0000,0.0000,0.5000
2026-05-25T20:59:29.784204,8158,0.0000,0.0000,0.0000,0.5000
2026-05-25T20:59:29.992372,8159,0.3000,0.0000,0.0000,0.0000
2026-05-25T20:59:30.092820,8160,0.3000,0.0000,0.0000,0.0000
2026-05-25T20:59:30.193004,8161,0.3000,0.0000,0.0000,0.0000
2026-05-25T20:59:30.293155,8162,0.3000,0.0000,0.0000,0.0000
2026-05-25T20:59:30.393322,8163,0.3000,0.0000,0.0000,0.0000
2026-05-25T20:59:30.493294,8164,0.3000,0.0000,0.0000,0.0000
2026-05-25T20:59:30.593444,8165,0.3000,0.0000,0.0000,0.0000
2026-05-25T20:59:30.693760,8166,0.3000,0.0000,0.0000,0.0000
2026-05-25T20:59:30.793737,8167,0.3000,0.0000,0.0000,0.0000
2026-05-25T20:59:30.894387,8168,0.3000,0.0000,0.0000,0.0000
2026-05-25T20:59:30.994241,8169,0.3000,0.0000,0.0000,0.0000
2026-05-25T20:59:31.094120,8170,0.3000,0.0000,0.0000,0.0000
2026-05-25T20:59:31.194493,8171,0.3000,0.0000,0.0000,0.0000
2026-05-25T20:59:31.352685,8172,0.3000,0.0000,0.0000,0.0000
2026-05-25T20:59:31.452697,8173,0.3000,0.0000,0.0000,0.0000
2026-05-25T20:59:31.554028,8174,0.3000,0.0000,0.0000,0.0000
2026-05-25T20:59:31.653104,8175,0.3000,0.0000,0.0000,0.0000
2026-05-25T20:59:31.753190,8176,0.3000,0.0000,0.0000,0.0000
2026-05-25T20:59:31.853393,8177,0.3000,0.0000,0.0000,0.0000
2026-05-25T20:59:31.953369,8178,0.3000,0.0000,0.0000,0.0000
2026-05-25T20:59:32.053514,8179,0.3000,0.0000,0.0000,0.0000
2026-05-25T20:59:32.153678,8180,0.3000,0.0000,0.0000,0.0000
2026-05-25T20:59:32.253908,8181,0.3000,0.0000,0.0000,0.0000
2026-05-25T20:59:32.354106,8182,0.3000,0.0000,0.0000,0.0000
2026-05-25T20:59:32.662571,8183,0.3000,0.0000,0.0000,0.0000
2026-05-25T20:59:32.762650,8184,0.3000,0.0000,0.0000,0.0000
2026-05-25T20:59:32.862825,8185,0.3000,0.0000,0.0000,0.0000
2026-05-25T20:59:32.962953,8186,0.3000,0.0000,0.0000,0.0000
2026-05-25T20:59:33.063040,8187,0.3000,0.0000,0.0000,0.0000
2026-05-25T20:59:33.163372,8188,0.3000,0.0000,0.0000,0.0000
2026-05-25T20:59:33.263364,8189,0.0000,0.0000,0.0000,-0.5000
2026-05-25T20:59:33.363369,8190,0.0000,0.0000,0.0000,-0.5000
2026-05-25T20:59:33.463476,8191,0.0000,0.0000,0.0000,-0.5000
2026-05-25T20:59:33.564450,8192,0.0000,0.0000,0.0000,-0.5000
2026-05-25T20:59:33.666985,8193,0.0000,0.0000,0.0000,-0.5000
2026-05-25T20:59:33.882481,8194,0.0000,0.0000,0.0000,-0.5000
2026-05-25T20:59:33.982567,8195,0.0000,0.0000,0.0000,-0.5000
2026-05-25T20:59:34.082696,8196,0.0000,0.0000,0.0000,-0.5000
2026-05-25T20:59:34.182806,8197,0.0000,0.0000,0.0000,-0.5000
2026-05-25T20:59:34.282954,8198,0.0000,0.0000,0.0000,-0.5000
2026-05-25T20:59:34.383127,8199,0.0000,0.0000,0.0000,-0.5000
2026-05-25T20:59:34.483220,8200,0.0000,0.0000,0.0000,-0.5000
2026-05-25T20:59:34.584407,8201,0.0000,0.0000,0.0000,-0.5000
2026-05-25T20:59:34.684559,8202,0.0000,0.0000,0.0000,-0.5000
2026-05-25T20:59:34.912494,8203,0.0000,0.0000,0.0000,-0.5000
2026-05-25T20:59:35.012662,8204,0.0000,0.0000,0.0000,-0.5000
2026-05-25T20:59:35.112667,8205,0.0000,0.0000,0.0000,-0.5000
2026-05-25T20:59:35.212830,8206,0.0000,0.0000,0.0000,-0.5000
2026-05-25T20:59:35.313041,8207,0.0000,0.0000,0.0000,-0.5000
2026-05-25T20:59:35.413155,8208,0.0000,0.0000,0.0000,-0.5000
2026-05-25T20:59:35.513213,8209,0.0000,0.0000,0.0000,-0.5000
2026-05-25T20:59:35.613388,8210,0.0000,0.0000,0.0000,-0.5000
2026-05-25T20:59:35.713560,8211,0.0000,0.0000,0.0000,-0.5000
2026-05-25T20:59:35.813570,8212,0.0000,0.0000,0.0000,-0.5000
2026-05-25T20:59:35.913795,8213,0.0000,0.0000,0.0000,-0.5000
2026-05-25T20:59:36.132529,8214,0.0000,0.0000,0.0000,-0.5000
2026-05-25T20:59:36.232635,8215,0.0000,0.0000,0.0000,-0.5000
2026-05-25T20:59:36.332721,8216,0.0000,0.0000,0.0000,-0.5000
2026-05-25T20:59:36.432895,8217,0.0000,0.0000,0.0000,-0.5000
2026-05-25T20:59:36.532986,8218,0.0000,0.0000,0.0000,-0.5000
2026-05-25T20:59:36.633240,8219,-0.2000,0.0000,0.0000,-0.5000
2026-05-25T20:59:36.733274,8220,-0.2000,0.0000,0.0000,-0.5000
2026-05-25T20:59:36.833375,8221,-0.2000,0.0000,0.0000,-0.5000
2026-05-25T20:59:36.933485,8222,-0.2000,0.0000,0.0000,-0.5000
2026-05-25T20:59:37.152553,8223,-0.2000,0.0000,0.0000,-0.5000
2026-05-25T20:59:37.252640,8224,-0.2000,0.0000,0.0000,-0.5000
2026-05-25T20:59:37.352725,8225,-0.2000,0.0000,0.0000,-0.5000
2026-05-25T20:59:37.452986,8226,-0.2000,0.0000,0.0000,-0.5000
2026-05-25T20:59:37.553105,8227,-0.2000,0.0000,0.0000,-0.5000
2026-05-25T20:59:37.653338,8228,-0.2000,0.0000,0.0000,-0.5000
2026-05-25T20:59:37.753363,8229,-0.2000,0.0000,0.0000,-0.5000
2026-05-25T20:59:37.853499,8230,-0.2000,0.0000,0.0000,-0.5000
2026-05-25T20:59:37.953623,8231,-0.2000,0.0000,0.0000,-0.5000
2026-05-25T20:59:38.172512,8232,-0.2000,0.0000,0.0000,-0.5000
2026-05-25T20:59:38.272626,8233,-0.2000,0.0000,0.0000,-0.5000
2026-05-25T20:59:38.373430,8234,-0.2000,0.0000,0.0000,-0.5000
2026-05-25T20:59:38.472842,8235,-0.2000,0.0000,0.0000,-0.5000
2026-05-25T20:59:38.572956,8236,-0.2000,0.0000,0.0000,-0.5000
2026-05-25T20:59:38.673102,8237,-0.2000,0.0000,0.0000,-0.5000
2026-05-25T20:59:38.773257,8238,-0.2000,0.0000,0.0000,-0.5000
2026-05-25T20:59:38.873331,8239,-0.2000,0.0000,0.0000,-0.5000
2026-05-25T20:59:38.973464,8240,-0.2000,0.0000,0.0000,-0.5000
2026-05-25T20:59:39.073619,8241,-0.2000,0.0000,0.0000,-0.5000
2026-05-25T20:59:39.173707,8242,-0.2000,0.0000,0.0000,-0.5000
2026-05-25T20:59:39.382577,8243,-0.2000,0.0000,0.0000,-0.5000
2026-05-25T20:59:39.482704,8244,-0.2000,0.0000,0.0000,-0.5000
2026-05-25T20:59:39.582846,8245,-0.2000,0.0000,0.0000,-0.5000
2026-05-25T20:59:39.684398,8246,-0.2000,0.0000,0.0000,-0.5000
2026-05-25T20:59:39.784521,8247,-0.2000,0.0000,0.0000,-0.5000
2026-05-25T20:59:39.884691,8248,-0.2000,0.0000,0.0000,-0.5000
2026-05-25T20:59:39.984836,8249,0.0000,0.0000,0.0000,0.5000
2026-05-25T20:59:40.085399,8250,0.0000,0.0000,0.0000,0.5000
2026-05-25T20:59:40.185505,8251,0.0000,0.0000,0.0000,0.5000
2026-05-25T20:59:40.285935,8252,0.0000,0.0000,0.0000,0.5000
2026-05-25T20:59:40.385969,8253,0.0000,0.0000,0.0000,0.5000
2026-05-25T20:59:40.486195,8254,0.0000,0.0000,0.0000,0.5000
2026-05-25T20:59:40.586826,8255,0.0000,0.0000,0.0000,0.5000
2026-05-25T20:59:40.862633,8256,0.0000,0.0000,0.0000,0.5000
2026-05-25T20:59:40.962936,8257,0.0000,0.0000,0.0000,0.5000
2026-05-25T20:59:41.062841,8258,0.0000,0.0000,0.0000,0.5000
2026-05-25T20:59:41.162967,8259,0.0000,0.0000,0.0000,0.5000
2026-05-25T20:59:41.263130,8260,0.0000,0.0000,0.0000,0.5000
2026-05-25T20:59:41.363250,8261,0.0000,0.0000,0.0000,0.5000
2026-05-25T20:59:41.463408,8262,0.0000,0.0000,0.0000,0.5000
2026-05-25T20:59:41.563529,8263,0.0000,0.0000,0.0000,0.5000
2026-05-25T20:59:41.663699,8264,0.0000,0.0000,0.0000,0.5000
2026-05-25T20:59:41.763702,8265,0.0000,0.0000,0.0000,0.5000
2026-05-25T20:59:41.863912,8266,0.0000,0.0000,0.0000,0.5000
2026-05-25T20:59:41.965000,8267,0.0000,0.0000,0.0000,0.5000
2026-05-25T20:59:42.064137,8268,0.0000,0.0000,0.0000,0.5000
2026-05-25T20:59:42.164565,8269,0.0000,0.0000,0.0000,0.5000
2026-05-25T20:59:42.264669,8270,0.0000,0.0000,0.0000,0.5000
2026-05-25T20:59:42.405563,8271,0.0000,0.0000,0.0000,0.5000
2026-05-25T20:59:42.505614,8272,0.0000,0.0000,0.0000,0.5000
2026-05-25T20:59:42.605809,8273,0.0000,0.0000,0.0000,0.5000
2026-05-25T20:59:42.705988,8274,0.0000,0.0000,0.0000,0.5000
2026-05-25T20:59:42.806026,8275,0.0000,0.0000,0.0000,0.5000
2026-05-25T20:59:42.906233,8276,0.0000,0.0000,0.0000,0.5000
2026-05-25T20:59:43.006396,8277,0.0000,0.0000,0.0000,0.5000
2026-05-25T20:59:43.106394,8278,0.0000,0.0000,0.0000,0.5000
2026-05-25T20:59:43.207364,8279,0.3000,0.0000,0.0000,0.0000
2026-05-25T20:59:43.307490,8280,0.3000,0.0000,0.0000,0.0000
2026-05-25T20:59:43.407566,8281,0.3000,0.0000,0.0000,0.0000
2026-05-25T20:59:43.702690,8282,0.3000,0.0000,0.0000,0.0000
2026-05-25T20:59:43.802955,8283,0.3000,0.0000,0.0000,0.0000
2026-05-25T20:59:43.902888,8284,0.3000,0.0000,0.0000,0.0000
2026-05-25T20:59:44.004211,8285,0.3000,0.0000,0.0000,0.0000
2026-05-25T20:59:44.103180,8286,0.3000,0.0000,0.0000,0.0000
2026-05-25T20:59:44.203302,8287,0.3000,0.0000,0.0000,0.0000
2026-05-25T20:59:44.303418,8288,0.3000,0.0000,0.0000,0.0000
2026-05-25T20:59:44.403590,8289,0.3000,0.0000,0.0000,0.0000
2026-05-25T20:59:44.503647,8290,0.3000,0.0000,0.0000,0.0000
2026-05-25T20:59:44.603727,8291,0.3000,0.0000,0.0000,0.0000
2026-05-25T20:59:44.703859,8292,0.3000,0.0000,0.0000,0.0000
2026-05-25T20:59:44.912752,8293,0.3000,0.0000,0.0000,0.0000
2026-05-25T20:59:45.013454,8294,0.3000,0.0000,0.0000,0.0000
2026-05-25T20:59:45.113474,8295,0.3000,0.0000,0.0000,0.0000
2026-05-25T20:59:45.213625,8296,0.3000,0.0000,0.0000,0.0000
2026-05-25T20:59:45.313953,8297,0.3000,0.0000,0.0000,0.0000
2026-05-25T20:59:45.413888,8298,0.3000,0.0000,0.0000,0.0000
2026-05-25T20:59:45.514015,8299,0.3000,0.0000,0.0000,0.0000
2026-05-25T20:59:45.614242,8300,0.3000,0.0000,0.0000,0.0000
2026-05-25T20:59:45.714263,8301,0.3000,0.0000,0.0000,0.0000
2026-05-25T20:59:45.982738,8302,0.3000,0.0000,0.0000,0.0000
2026-05-25T20:59:46.084409,8303,0.3000,0.0000,0.0000,0.0000
2026-05-25T20:59:46.184468,8304,0.3000,0.0000,0.0000,0.0000
2026-05-25T20:59:46.284643,8305,0.3000,0.0000,0.0000,0.0000
2026-05-25T20:59:46.384796,8306,0.3000,0.0000,0.0000,0.0000
2026-05-25T20:59:46.484875,8307,0.3000,0.0000,0.0000,0.0000
2026-05-25T20:59:46.585115,8308,0.3000,0.0000,0.0000,0.0000
2026-05-25T20:59:46.685221,8309,0.0000,0.0000,0.0000,-0.5000
2026-05-25T20:59:46.785299,8310,0.0000,0.0000,0.0000,-0.5000
2026-05-25T20:59:46.885413,8311,0.0000,0.0000,0.0000,-0.5000
2026-05-25T20:59:46.985494,8312,0.0000,0.0000,0.0000,-0.5000
2026-05-25T20:59:47.085622,8313,0.0000,0.0000,0.0000,-0.5000
2026-05-25T20:59:47.185797,8314,0.0000,0.0000,0.0000,-0.5000
2026-05-25T20:59:47.412803,8315,0.0000,0.0000,0.0000,-0.5000
2026-05-25T20:59:47.512890,8316,0.0000,0.0000,0.0000,-0.5000
2026-05-25T20:59:47.612978,8317,0.0000,0.0000,0.0000,-0.5000
2026-05-25T20:59:47.713068,8318,0.0000,0.0000,0.0000,-0.5000
2026-05-25T20:59:47.813221,8319,0.0000,0.0000,0.0000,-0.5000
2026-05-25T20:59:47.913345,8320,0.0000,0.0000,0.0000,-0.5000
2026-05-25T20:59:48.013398,8321,0.0000,0.0000,0.0000,-0.5000
2026-05-25T20:59:48.113455,8322,0.0000,0.0000,0.0000,-0.5000
2026-05-25T20:59:48.214652,8323,0.0000,0.0000,0.0000,-0.5000
2026-05-25T20:59:48.314516,8324,0.0000,0.0000,0.0000,-0.5000
2026-05-25T20:59:48.414627,8325,0.0000,0.0000,0.0000,-0.5000
2026-05-25T20:59:48.514818,8326,0.0000,0.0000,0.0000,-0.5000
2026-05-25T20:59:48.614915,8327,0.0000,0.0000,0.0000,-0.5000
2026-05-25T20:59:48.892839,8328,0.0000,0.0000,0.0000,-0.5000
2026-05-25T20:59:48.992931,8329,0.0000,0.0000,0.0000,-0.5000
2026-05-25T20:59:49.093207,8330,0.0000,0.0000,0.0000,-0.5000
2026-05-25T20:59:49.193167,8331,0.0000,0.0000,0.0000,-0.5000
2026-05-25T20:59:49.293259,8332,0.0000,0.0000,0.0000,-0.5000
2026-05-25T20:59:49.393391,8333,0.0000,0.0000,0.0000,-0.5000
2026-05-25T20:59:49.493458,8334,0.0000,0.0000,0.0000,-0.5000
2026-05-25T20:59:49.593651,8335,0.0000,0.0000,0.0000,-0.5000
2026-05-25T20:59:49.693835,8336,0.0000,0.0000,0.0000,-0.5000
2026-05-25T20:59:49.793920,8337,0.0000,0.0000,0.0000,-0.5000
2026-05-25T20:59:49.894054,8338,0.0000,0.0000,0.0000,-0.5000
2026-05-25T20:59:49.994240,8339,-0.2000,0.0000,0.0000,-0.5000
2026-05-25T20:59:50.095372,8340,-0.2000,0.0000,0.0000,-0.5000
2026-05-25T20:59:50.312868,8341,-0.2000,0.0000,0.0000,-0.5000
2026-05-25T20:59:50.412940,8342,-0.2000,0.0000,0.0000,-0.5000
2026-05-25T20:59:50.515417,8343,-0.2000,0.0000,0.0000,-0.5000
2026-05-25T20:59:50.615484,8344,-0.2000,0.0000,0.0000,-0.5000
2026-05-25T20:59:50.715662,8345,-0.2000,0.0000,0.0000,-0.5000
2026-05-25T20:59:50.815778,8346,-0.2000,0.0000,0.0000,-0.5000
2026-05-25T20:59:50.915907,8347,-0.2000,0.0000,0.0000,-0.5000
2026-05-25T20:59:51.016136,8348,-0.2000,0.0000,0.0000,-0.5000
2026-05-25T20:59:51.116214,8349,-0.2000,0.0000,0.0000,-0.5000
2026-05-25T20:59:51.216347,8350,-0.2000,0.0000,0.0000,-0.5000
2026-05-25T20:59:51.316419,8351,-0.2000,0.0000,0.0000,-0.5000
2026-05-25T20:59:51.542920,8352,-0.2000,0.0000,0.0000,-0.5000
2026-05-25T20:59:51.642923,8353,-0.2000,0.0000,0.0000,-0.5000
2026-05-25T20:59:51.743109,8354,-0.2000,0.0000,0.0000,-0.5000
2026-05-25T20:59:51.843234,8355,-0.2000,0.0000,0.0000,-0.5000
2026-05-25T20:59:51.943392,8356,-0.2000,0.0000,0.0000,-0.5000
2026-05-25T20:59:52.043372,8357,-0.2000,0.0000,0.0000,-0.5000
2026-05-25T20:59:52.143507,8358,-0.2000,0.0000,0.0000,-0.5000
2026-05-25T20:59:52.243651,8359,-0.2000,0.0000,0.0000,-0.5000
2026-05-25T20:59:52.343890,8360,-0.2000,0.0000,0.0000,-0.5000
2026-05-25T20:59:52.443949,8361,-0.2000,0.0000,0.0000,-0.5000
2026-05-25T20:59:52.544125,8362,-0.2000,0.0000,0.0000,-0.5000
2026-05-25T20:59:52.772890,8363,-0.2000,0.0000,0.0000,-0.5000
2026-05-25T20:59:52.872939,8364,-0.2000,0.0000,0.0000,-0.5000
2026-05-25T20:59:52.973125,8365,-0.2000,0.0000,0.0000,-0.5000
2026-05-25T20:59:53.073231,8366,-0.2000,0.0000,0.0000,-0.5000
2026-05-25T20:59:53.173294,8367,-0.2000,0.0000,0.0000,-0.5000
2026-05-25T20:59:53.273563,8368,-0.2000,0.0000,0.0000,-0.5000
2026-05-25T20:59:53.373519,8369,0.0000,0.0000,0.0000,0.5000
2026-05-25T20:59:53.473677,8370,0.0000,0.0000,0.0000,0.5000
2026-05-25T20:59:53.573788,8371,0.0000,0.0000,0.0000,0.5000
2026-05-25T20:59:53.782848,8372,0.0000,0.0000,0.0000,0.5000
2026-05-25T20:59:53.882936,8373,0.0000,0.0000,0.0000,0.5000
2026-05-25T20:59:53.983048,8374,0.0000,0.0000,0.0000,0.5000
2026-05-25T20:59:54.083200,8375,0.0000,0.0000,0.0000,0.5000
2026-05-25T20:59:54.183336,8376,0.0000,0.0000,0.0000,0.5000
2026-05-25T20:59:54.283400,8377,0.0000,0.0000,0.0000,0.5000
2026-05-25T20:59:54.383539,8378,0.0000,0.0000,0.0000,0.5000
2026-05-25T20:59:54.483661,8379,0.0000,0.0000,0.0000,0.5000
2026-05-25T20:59:54.583817,8380,0.0000,0.0000,0.0000,0.5000
2026-05-25T20:59:54.683940,8381,0.0000,0.0000,0.0000,0.5000
2026-05-25T20:59:54.784028,8382,0.0000,0.0000,0.0000,0.5000
2026-05-25T20:59:54.982878,8383,0.0000,0.0000,0.0000,0.5000
2026-05-25T20:59:55.082923,8384,0.0000,0.0000,0.0000,0.5000
2026-05-25T20:59:55.183104,8385,0.0000,0.0000,0.0000,0.5000
2026-05-25T20:59:55.283231,8386,0.0000,0.0000,0.0000,0.5000
2026-05-25T20:59:55.383350,8387,0.0000,0.0000,0.0000,0.5000
2026-05-25T20:59:55.483541,8388,0.0000,0.0000,0.0000,0.5000
2026-05-25T20:59:55.583488,8389,0.0000,0.0000,0.0000,0.5000
2026-05-25T20:59:55.683609,8390,0.0000,0.0000,0.0000,0.5000
2026-05-25T20:59:55.784368,8391,0.0000,0.0000,0.0000,0.5000
2026-05-25T20:59:55.884497,8392,0.0000,0.0000,0.0000,0.5000
2026-05-25T20:59:55.984618,8393,0.0000,0.0000,0.0000,0.5000
2026-05-25T20:59:56.084737,8394,0.0000,0.0000,0.0000,0.5000
2026-05-25T20:59:56.184925,8395,0.0000,0.0000,0.0000,0.5000
2026-05-25T20:59:56.473184,8396,0.0000,0.0000,0.0000,0.5000
2026-05-25T20:59:56.573289,8397,0.0000,0.0000,0.0000,0.5000
2026-05-25T20:59:56.673408,8398,0.0000,0.0000,0.0000,0.5000
2026-05-25T20:59:56.773524,8399,0.3000,0.0000,0.0000,0.0000
2026-05-25T20:59:56.873620,8400,0.3000,0.0000,0.0000,0.0000
2026-05-25T20:59:56.973790,8401,0.3000,0.0000,0.0000,0.0000
2026-05-25T20:59:57.073891,8402,0.3000,0.0000,0.0000,0.0000
2026-05-25T20:59:57.174034,8403,0.3000,0.0000,0.0000,0.0000
2026-05-25T20:59:57.274157,8404,0.3000,0.0000,0.0000,0.0000
2026-05-25T20:59:57.482963,8405,0.3000,0.0000,0.0000,0.0000
2026-05-25T20:59:57.583038,8406,0.3000,0.0000,0.0000,0.0000
2026-05-25T20:59:57.683210,8407,0.3000,0.0000,0.0000,0.0000
2026-05-25T20:59:57.783285,8408,0.3000,0.0000,0.0000,0.0000
2026-05-25T20:59:57.883318,8409,0.3000,0.0000,0.0000,0.0000
2026-05-25T20:59:57.983540,8410,0.3000,0.0000,0.0000,0.0000
2026-05-25T20:59:58.083622,8411,0.3000,0.0000,0.0000,0.0000
2026-05-25T20:59:58.183801,8412,0.3000,0.0000,0.0000,0.0000
2026-05-25T20:59:58.285415,8413,0.3000,0.0000,0.0000,0.0000
2026-05-25T20:59:58.385498,8414,0.3000,0.0000,0.0000,0.0000
2026-05-25T20:59:58.485614,8415,0.3000,0.0000,0.0000,0.0000
2026-05-25T20:59:58.703525,8416,0.3000,0.0000,0.0000,0.0000
2026-05-25T20:59:58.803057,8417,0.3000,0.0000,0.0000,0.0000
2026-05-25T20:59:58.903740,8418,0.3000,0.0000,0.0000,0.0000
2026-05-25T20:59:59.003313,8419,0.3000,0.0000,0.0000,0.0000
2026-05-25T20:59:59.103393,8420,0.3000,0.0000,0.0000,0.0000
2026-05-25T20:59:59.203551,8421,0.3000,0.0000,0.0000,0.0000
2026-05-25T20:59:59.303678,8422,0.3000,0.0000,0.0000,0.0000
2026-05-25T20:59:59.403848,8423,0.3000,0.0000,0.0000,0.0000
2026-05-25T20:59:59.503997,8424,0.3000,0.0000,0.0000,0.0000
2026-05-25T20:59:59.733005,8425,0.3000,0.0000,0.0000,0.0000
2026-05-25T20:59:59.833141,8426,0.3000,0.0000,0.0000,0.0000
2026-05-25T20:59:59.935388,8427,0.3000,0.0000,0.0000,0.0000
2026-05-25T21:00:00.035516,8428,0.3000,0.0000,0.0000,0.0000
2026-05-25T21:00:00.135670,8429,0.0000,0.0000,0.0000,-0.5000
2026-05-25T21:00:00.235818,8430,0.0000,0.0000,0.0000,-0.5000
2026-05-25T21:00:00.336392,8431,0.0000,0.0000,0.0000,-0.5000
2026-05-25T21:00:00.436476,8432,0.0000,0.0000,0.0000,-0.5000
2026-05-25T21:00:00.536667,8433,0.0000,0.0000,0.0000,-0.5000
2026-05-25T21:00:00.636779,8434,0.0000,0.0000,0.0000,-0.5000
2026-05-25T21:00:00.736909,8435,0.0000,0.0000,0.0000,-0.5000
2026-05-25T21:00:00.963640,8436,0.0000,0.0000,0.0000,-0.5000
2026-05-25T21:00:01.063108,8437,0.0000,0.0000,0.0000,-0.5000
2026-05-25T21:00:01.163287,8438,0.0000,0.0000,0.0000,-0.5000
2026-05-25T21:00:01.263392,8439,0.0000,0.0000,0.0000,-0.5000
2026-05-25T21:00:01.363513,8440,0.0000,0.0000,0.0000,-0.5000
2026-05-25T21:00:01.463644,8441,0.0000,0.0000,0.0000,-0.5000
2026-05-25T21:00:01.563815,8442,0.0000,0.0000,0.0000,-0.5000
2026-05-25T21:00:01.663924,8443,0.0000,0.0000,0.0000,-0.5000
2026-05-25T21:00:01.764071,8444,0.0000,0.0000,0.0000,-0.5000
2026-05-25T21:00:01.864211,8445,0.0000,0.0000,0.0000,-0.5000
2026-05-25T21:00:01.964314,8446,0.0000,0.0000,0.0000,-0.5000
2026-05-25T21:00:02.064335,8447,0.0000,0.0000,0.0000,-0.5000
2026-05-25T21:00:02.164504,8448,0.0000,0.0000,0.0000,-0.5000
2026-05-25T21:00:02.413090,8449,0.0000,0.0000,0.0000,-0.5000
2026-05-25T21:00:02.513219,8450,0.0000,0.0000,0.0000,-0.5000
2026-05-25T21:00:02.613359,8451,0.0000,0.0000,0.0000,-0.5000
2026-05-25T21:00:02.713378,8452,0.0000,0.0000,0.0000,-0.5000
2026-05-25T21:00:02.814389,8453,0.0000,0.0000,0.0000,-0.5000
2026-05-25T21:00:02.914600,8454,0.0000,0.0000,0.0000,-0.5000
2026-05-25T21:00:03.014611,8455,0.0000,0.0000,0.0000,-0.5000
2026-05-25T21:00:03.114802,8456,0.0000,0.0000,0.0000,-0.5000
2026-05-25T21:00:03.215503,8457,0.0000,0.0000,0.0000,-0.5000
2026-05-25T21:00:03.315054,8458,0.0000,0.0000,0.0000,-0.5000
2026-05-25T21:00:03.415222,8459,-0.2000,0.0000,0.0000,-0.5000
2026-05-25T21:00:03.633396,8460,-0.2000,0.0000,0.0000,-0.5000
2026-05-25T21:00:03.733198,8461,-0.2000,0.0000,0.0000,-0.5000
2026-05-25T21:00:03.833388,8462,-0.2000,0.0000,0.0000,-0.5000
2026-05-25T21:00:03.933439,8463,-0.2000,0.0000,0.0000,-0.5000
2026-05-25T21:00:04.033579,8464,-0.2000,0.0000,0.0000,-0.5000
2026-05-25T21:00:04.133606,8465,-0.2000,0.0000,0.0000,-0.5000
2026-05-25T21:00:04.233863,8466,-0.2000,0.0000,0.0000,-0.5000
2026-05-25T21:00:04.334559,8467,-0.2000,0.0000,0.0000,-0.5000
2026-05-25T21:00:04.434054,8468,-0.2000,0.0000,0.0000,-0.5000
2026-05-25T21:00:04.534209,8469,-0.2000,0.0000,0.0000,-0.5000
2026-05-25T21:00:04.634294,8470,-0.2000,0.0000,0.0000,-0.5000
2026-05-25T21:00:04.853094,8471,-0.2000,0.0000,0.0000,-0.5000
2026-05-25T21:00:04.953182,8472,-0.2000,0.0000,0.0000,-0.5000
2026-05-25T21:00:05.053342,8473,-0.2000,0.0000,0.0000,-0.5000
2026-05-25T21:00:05.153339,8474,-0.2000,0.0000,0.0000,-0.5000
2026-05-25T21:00:05.253492,8475,-0.2000,0.0000,0.0000,-0.5000
2026-05-25T21:00:05.353655,8476,-0.2000,0.0000,0.0000,-0.5000
2026-05-25T21:00:05.453744,8477,-0.2000,0.0000,0.0000,-0.5000
2026-05-25T21:00:05.553917,8478,-0.2000,0.0000,0.0000,-0.5000
2026-05-25T21:00:05.654072,8479,-0.2000,0.0000,0.0000,-0.5000
2026-05-25T21:00:05.754129,8480,-0.2000,0.0000,0.0000,-0.5000
2026-05-25T21:00:05.854368,8481,-0.2000,0.0000,0.0000,-0.5000
2026-05-25T21:00:06.066464,8482,-0.2000,0.0000,0.0000,-0.5000
2026-05-25T21:00:06.166799,8483,-0.2000,0.0000,0.0000,-0.5000
2026-05-25T21:00:06.266690,8484,-0.2000,0.0000,0.0000,-0.5000
2026-05-25T21:00:06.367175,8485,-0.2000,0.0000,0.0000,-0.5000
2026-05-25T21:00:06.467570,8486,-0.2000,0.0000,0.0000,-0.5000
2026-05-25T21:00:06.567707,8487,-0.2000,0.0000,0.0000,-0.5000
2026-05-25T21:00:06.667592,8488,-0.2000,0.0000,0.0000,-0.5000
2026-05-25T21:00:06.767923,8489,0.0000,0.0000,0.0000,0.5000
2026-05-25T21:00:06.867908,8490,0.0000,0.0000,0.0000,0.5000
2026-05-25T21:00:06.967993,8491,0.0000,0.0000,0.0000,0.5000
2026-05-25T21:00:07.068175,8492,0.0000,0.0000,0.0000,0.5000
2026-05-25T21:00:07.169274,8493,0.0000,0.0000,0.0000,0.5000
2026-05-25T21:00:07.268393,8494,0.0000,0.0000,0.0000,0.5000
2026-05-25T21:00:07.368468,8495,0.0000,0.0000,0.0000,0.5000
2026-05-25T21:00:07.468593,8496,0.0000,0.0000,0.0000,0.5000
2026-05-25T21:00:07.743193,8497,0.0000,0.0000,0.0000,0.5000
2026-05-25T21:00:07.843292,8498,0.0000,0.0000,0.0000,0.5000
2026-05-25T21:00:07.943381,8499,0.0000,0.0000,0.0000,0.5000
2026-05-25T21:00:08.043509,8500,0.0000,0.0000,0.0000,0.5000
2026-05-25T21:00:08.143833,8501,0.0000,0.0000,0.0000,0.5000
2026-05-25T21:00:08.243733,8502,0.0000,0.0000,0.0000,0.5000
2026-05-25T21:00:08.344116,8503,0.0000,0.0000,0.0000,0.5000
2026-05-25T21:00:08.444820,8504,0.0000,0.0000,0.0000,0.5000
2026-05-25T21:00:08.544295,8505,0.0000,0.0000,0.0000,0.5000
2026-05-25T21:00:08.644407,8506,0.0000,0.0000,0.0000,0.5000
2026-05-25T21:00:08.744902,8507,0.0000,0.0000,0.0000,0.5000
2026-05-25T21:00:09.013309,8508,0.0000,0.0000,0.0000,0.5000
2026-05-25T21:00:09.113542,8509,0.0000,0.0000,0.0000,0.5000
2026-05-25T21:00:09.214031,8510,0.0000,0.0000,0.0000,0.5000
2026-05-25T21:00:09.314217,8511,0.0000,0.0000,0.0000,0.5000
2026-05-25T21:00:09.414307,8512,0.0000,0.0000,0.0000,0.5000
2026-05-25T21:00:09.514417,8513,0.0000,0.0000,0.0000,0.5000
2026-05-25T21:00:09.615057,8514,0.0000,0.0000,0.0000,0.5000
2026-05-25T21:00:09.714684,8515,0.0000,0.0000,0.0000,0.5000
2026-05-25T21:00:09.814774,8516,0.0000,0.0000,0.0000,0.5000
2026-05-25T21:00:09.914980,8517,0.0000,0.0000,0.0000,0.5000
2026-05-25T21:00:10.015097,8518,0.0000,0.0000,0.0000,0.5000
2026-05-25T21:00:10.115320,8519,0.3000,0.0000,0.0000,0.0000
2026-05-25T21:00:10.215284,8520,0.3000,0.0000,0.0000,0.0000
2026-05-25T21:00:10.433092,8521,0.3000,0.0000,0.0000,0.0000
2026-05-25T21:00:10.533239,8522,0.3000,0.0000,0.0000,0.0000
2026-05-25T21:00:10.633342,8523,0.3000,0.0000,0.0000,0.0000
2026-05-25T21:00:10.733465,8524,0.3000,0.0000,0.0000,0.0000
2026-05-25T21:00:10.833638,8525,0.3000,0.0000,0.0000,0.0000
2026-05-25T21:00:10.933778,8526,0.3000,0.0000,0.0000,0.0000
2026-05-25T21:00:11.033890,8527,0.3000,0.0000,0.0000,0.0000
2026-05-25T21:00:11.134020,8528,0.3000,0.0000,0.0000,0.0000
2026-05-25T21:00:11.234176,8529,0.3000,0.0000,0.0000,0.0000
2026-05-25T21:00:11.334280,8530,0.3000,0.0000,0.0000,0.0000
2026-05-25T21:00:11.434330,8531,0.3000,0.0000,0.0000,0.0000
2026-05-25T21:00:11.563255,8532,0.3000,0.0000,0.0000,0.0000
2026-05-25T21:00:11.704203,8533,0.3000,0.0000,0.0000,0.0000
2026-05-25T21:00:11.803790,8534,0.3000,0.0000,0.0000,0.0000
2026-05-25T21:00:11.904064,8535,0.3000,0.0000,0.0000,0.0000
2026-05-25T21:00:12.005327,8536,0.3000,0.0000,0.0000,0.0000
2026-05-25T21:00:12.105609,8537,0.3000,0.0000,0.0000,0.0000
2026-05-25T21:00:12.205606,8538,0.3000,0.0000,0.0000,0.0000
2026-05-25T21:00:12.305746,8539,0.3000,0.0000,0.0000,0.0000
2026-05-25T21:00:12.405881,8540,0.3000,0.0000,0.0000,0.0000
2026-05-25T21:00:12.506016,8541,0.3000,0.0000,0.0000,0.0000
2026-05-25T21:00:12.606125,8542,0.3000,0.0000,0.0000,0.0000
2026-05-25T21:00:12.706240,8543,0.3000,0.0000,0.0000,0.0000
2026-05-25T21:00:12.806348,8544,0.3000,0.0000,0.0000,0.0000
2026-05-25T21:00:12.906389,8545,0.3000,0.0000,0.0000,0.0000
2026-05-25T21:00:13.067275,8546,0.3000,0.0000,0.0000,0.0000
2026-05-25T21:00:13.167355,8547,0.3000,0.0000,0.0000,0.0000
2026-05-25T21:00:13.267580,8548,0.3000,0.0000,0.0000,0.0000
2026-05-25T21:00:13.367646,8549,0.0000,0.0000,0.0000,-0.5000
2026-05-25T21:00:13.467759,8550,0.0000,0.0000,0.0000,-0.5000
2026-05-25T21:00:13.567870,8551,0.0000,0.0000,0.0000,-0.5000
2026-05-25T21:00:13.667999,8552,0.0000,0.0000,0.0000,-0.5000
2026-05-25T21:00:13.792145,8553,0.0000,0.0000,0.0000,-0.5000
2026-05-25T21:00:13.923255,8554,0.0000,0.0000,0.0000,-0.5000
2026-05-25T21:00:14.023345,8555,0.0000,0.0000,0.0000,-0.5000
2026-05-25T21:00:14.123408,8556,0.0000,0.0000,0.0000,-0.5000
2026-05-25T21:00:14.223460,8557,0.0000,0.0000,0.0000,-0.5000
2026-05-25T21:00:14.323611,8558,0.0000,0.0000,0.0000,-0.5000
2026-05-25T21:00:14.423575,8559,0.0000,0.0000,0.0000,-0.5000
2026-05-25T21:00:14.523713,8560,0.0000,0.0000,0.0000,-0.5000
2026-05-25T21:00:14.623724,8561,0.0000,0.0000,0.0000,-0.5000
2026-05-25T21:00:14.723785,8562,0.0000,0.0000,0.0000,-0.5000
2026-05-25T21:00:14.873301,8563,0.0000,0.0000,0.0000,-0.5000
2026-05-25T21:00:14.973601,8564,0.0000,0.0000,0.0000,-0.5000
2026-05-25T21:00:15.073647,8565,0.0000,0.0000,0.0000,-0.5000
2026-05-25T21:00:15.174179,8566,0.0000,0.0000,0.0000,-0.5000
2026-05-25T21:00:15.274514,8567,0.0000,0.0000,0.0000,-0.5000
2026-05-25T21:00:15.374345,8568,0.0000,0.0000,0.0000,-0.5000
2026-05-25T21:00:15.476039,8569,0.0000,0.0000,0.0000,-0.5000
2026-05-25T21:00:15.574565,8570,0.0000,0.0000,0.0000,-0.5000
2026-05-25T21:00:15.674722,8571,0.0000,0.0000,0.0000,-0.5000
2026-05-25T21:00:15.953546,8572,0.0000,0.0000,0.0000,-0.5000
2026-05-25T21:00:16.053998,8573,0.0000,0.0000,0.0000,-0.5000
2026-05-25T21:00:16.153820,8574,0.0000,0.0000,0.0000,-0.5000
2026-05-25T21:00:16.253954,8575,0.0000,0.0000,0.0000,-0.5000
2026-05-25T21:00:16.354117,8576,0.0000,0.0000,0.0000,-0.5000
2026-05-25T21:00:16.454431,8577,0.0000,0.0000,0.0000,-0.5000
2026-05-25T21:00:16.554397,8578,0.0000,0.0000,0.0000,-0.5000
2026-05-25T21:00:16.654725,8579,-0.2000,0.0000,0.0000,-0.5000
2026-05-25T21:00:16.755010,8580,-0.2000,0.0000,0.0000,-0.5000
2026-05-25T21:00:16.854822,8581,-0.2000,0.0000,0.0000,-0.5000
2026-05-25T21:00:16.954961,8582,-0.2000,0.0000,0.0000,-0.5000
2026-05-25T21:00:17.173492,8583,-0.2000,0.0000,0.0000,-0.5000
2026-05-25T21:00:17.273930,8584,-0.2000,0.0000,0.0000,-0.5000
2026-05-25T21:00:17.376780,8585,-0.2000,0.0000,0.0000,-0.5000
2026-05-25T21:00:17.474084,8586,-0.2000,0.0000,0.0000,-0.5000
2026-05-25T21:00:17.574389,8587,-0.2000,0.0000,0.0000,-0.5000
2026-05-25T21:00:17.674506,8588,-0.2000,0.0000,0.0000,-0.5000
2026-05-25T21:00:17.774613,8589,-0.2000,0.0000,0.0000,-0.5000
2026-05-25T21:00:17.875692,8590,-0.2000,0.0000,0.0000,-0.5000
2026-05-25T21:00:17.975781,8591,-0.2000,0.0000,0.0000,-0.5000
2026-05-25T21:00:18.183335,8592,-0.2000,0.0000,0.0000,-0.5000
2026-05-25T21:00:18.283373,8593,-0.2000,0.0000,0.0000,-0.5000
2026-05-25T21:00:18.383499,8594,-0.2000,0.0000,0.0000,-0.5000
2026-05-25T21:00:18.483626,8595,-0.2000,0.0000,0.0000,-0.5000
2026-05-25T21:00:18.583762,8596,-0.2000,0.0000,0.0000,-0.5000
2026-05-25T21:00:18.685244,8597,-0.2000,0.0000,0.0000,-0.5000
2026-05-25T21:00:18.785354,8598,-0.2000,0.0000,0.0000,-0.5000
2026-05-25T21:00:18.885401,8599,-0.2000,0.0000,0.0000,-0.5000
2026-05-25T21:00:18.985740,8600,-0.2000,0.0000,0.0000,-0.5000
2026-05-25T21:00:19.214267,8601,-0.2000,0.0000,0.0000,-0.5000
2026-05-25T21:00:19.313494,8602,-0.2000,0.0000,0.0000,-0.5000
2026-05-25T21:00:19.413540,8603,-0.2000,0.0000,0.0000,-0.5000
2026-05-25T21:00:19.513661,8604,-0.2000,0.0000,0.0000,-0.5000
2026-05-25T21:00:19.613822,8605,-0.2000,0.0000,0.0000,-0.5000
2026-05-25T21:00:19.713929,8606,-0.2000,0.0000,0.0000,-0.5000
2026-05-25T21:00:19.814073,8607,-0.2000,0.0000,0.0000,-0.5000
2026-05-25T21:00:19.914272,8608,-0.2000,0.0000,0.0000,-0.5000
2026-05-25T21:00:20.014406,8609,0.0000,0.0000,0.0000,0.5000
2026-05-25T21:00:20.115575,8610,0.0000,0.0000,0.0000,0.5000
2026-05-25T21:00:20.215716,8611,0.0000,0.0000,0.0000,0.5000
2026-05-25T21:00:20.433364,8612,0.0000,0.0000,0.0000,0.5000
2026-05-25T21:00:20.533365,8613,0.0000,0.0000,0.0000,0.5000
2026-05-25T21:00:20.633691,8614,0.0000,0.0000,0.0000,0.5000
2026-05-25T21:00:20.734075,8615,0.0000,0.0000,0.0000,0.5000
2026-05-25T21:00:20.833971,8616,0.0000,0.0000,0.0000,0.5000
2026-05-25T21:00:20.934087,8617,0.0000,0.0000,0.0000,0.5000
2026-05-25T21:00:21.034280,8618,0.0000,0.0000,0.0000,0.5000
2026-05-25T21:00:21.134350,8619,0.0000,0.0000,0.0000,0.5000
2026-05-25T21:00:21.234631,8620,0.0000,0.0000,0.0000,0.5000
2026-05-25T21:00:21.334629,8621,0.0000,0.0000,0.0000,0.5000
2026-05-25T21:00:21.434855,8622,0.0000,0.0000,0.0000,0.5000
2026-05-25T21:00:21.545429,8623,0.0000,0.0000,0.0000,0.5000
2026-05-25T21:00:21.683700,8624,0.0000,0.0000,0.0000,0.5000
2026-05-25T21:00:21.783670,8625,0.0000,0.0000,0.0000,0.5000
2026-05-25T21:00:21.883792,8626,0.0000,0.0000,0.0000,0.5000
2026-05-25T21:00:21.983889,8627,0.0000,0.0000,0.0000,0.5000
2026-05-25T21:00:22.084062,8628,0.0000,0.0000,0.0000,0.5000
2026-05-25T21:00:22.186040,8629,0.0000,0.0000,0.0000,0.5000
2026-05-25T21:00:22.284250,8630,0.0000,0.0000,0.0000,0.5000
2026-05-25T21:00:22.384615,8631,0.0000,0.0000,0.0000,0.5000
2026-05-25T21:00:22.484793,8632,0.0000,0.0000,0.0000,0.5000
2026-05-25T21:00:22.584897,8633,0.0000,0.0000,0.0000,0.5000
2026-05-25T21:00:22.685023,8634,0.0000,0.0000,0.0000,0.5000
2026-05-25T21:00:22.903599,8635,0.0000,0.0000,0.0000,0.5000
2026-05-25T21:00:23.004934,8636,0.0000,0.0000,0.0000,0.5000
2026-05-25T21:00:23.104343,8637,0.0000,0.0000,0.0000,0.5000
2026-05-25T21:00:23.204458,8638,0.0000,0.0000,0.0000,0.5000
2026-05-25T21:00:23.304592,8639,0.3000,0.0000,0.0000,0.0000
2026-05-25T21:00:23.404732,8640,0.3000,0.0000,0.0000,0.0000
2026-05-25T21:00:23.504872,8641,0.3000,0.0000,0.0000,0.0000
2026-05-25T21:00:23.604983,8642,0.3000,0.0000,0.0000,0.0000
2026-05-25T21:00:23.706093,8643,0.3000,0.0000,0.0000,0.0000
2026-05-25T21:00:23.913545,8644,0.3000,0.0000,0.0000,0.0000
2026-05-25T21:00:24.014322,8645,0.3000,0.0000,0.0000,0.0000
2026-05-25T21:00:24.114671,8646,0.3000,0.0000,0.0000,0.0000
2026-05-25T21:00:24.214565,8647,0.3000,0.0000,0.0000,0.0000
2026-05-25T21:00:24.314803,8648,0.3000,0.0000,0.0000,0.0000
2026-05-25T21:00:24.414891,8649,0.3000,0.0000,0.0000,0.0000
2026-05-25T21:00:24.516283,8650,0.3000,0.0000,0.0000,0.0000
2026-05-25T21:00:24.616389,8651,0.3000,0.0000,0.0000,0.0000
2026-05-25T21:00:24.716530,8652,0.3000,0.0000,0.0000,0.0000
2026-05-25T21:00:24.829490,8653,0.3000,0.0000,0.0000,0.0000
2026-05-25T21:00:24.929587,8654,0.3000,0.0000,0.0000,0.0000
2026-05-25T21:00:25.030483,8655,0.3000,0.0000,0.0000,0.0000
2026-05-25T21:00:25.130532,8656,0.3000,0.0000,0.0000,0.0000
2026-05-25T21:00:25.231360,8657,0.3000,0.0000,0.0000,0.0000
2026-05-25T21:00:25.331437,8658,0.3000,0.0000,0.0000,0.0000
2026-05-25T21:00:25.431684,8659,0.3000,0.0000,0.0000,0.0000
2026-05-25T21:00:25.663448,8660,0.3000,0.0000,0.0000,0.0000
2026-05-25T21:00:25.763531,8661,0.3000,0.0000,0.0000,0.0000
2026-05-25T21:00:25.863682,8662,0.3000,0.0000,0.0000,0.0000
2026-05-25T21:00:25.965818,8663,0.3000,0.0000,0.0000,0.0000
2026-05-25T21:00:26.063952,8664,0.3000,0.0000,0.0000,0.0000
2026-05-25T21:00:26.164101,8665,0.3000,0.0000,0.0000,0.0000
2026-05-25T21:00:26.264216,8666,0.3000,0.0000,0.0000,0.0000
2026-05-25T21:00:26.364500,8667,0.3000,0.0000,0.0000,0.0000
2026-05-25T21:00:26.466325,8668,0.3000,0.0000,0.0000,0.0000
2026-05-25T21:00:26.566481,8669,0.0000,0.0000,0.0000,-0.5000
2026-05-25T21:00:26.666556,8670,0.0000,0.0000,0.0000,-0.5000
2026-05-25T21:00:26.766715,8671,0.0000,0.0000,0.0000,-0.5000
2026-05-25T21:00:26.866876,8672,0.0000,0.0000,0.0000,-0.5000
2026-05-25T21:00:26.966990,8673,0.0000,0.0000,0.0000,-0.5000
2026-05-25T21:00:27.253571,8674,0.0000,0.0000,0.0000,-0.5000
2026-05-25T21:00:27.353690,8675,0.0000,0.0000,0.0000,-0.5000
2026-05-25T21:00:27.453832,8676,0.0000,0.0000,0.0000,-0.5000
2026-05-25T21:00:27.553948,8677,0.0000,0.0000,0.0000,-0.5000
2026-05-25T21:00:27.654110,8678,0.0000,0.0000,0.0000,-0.5000
2026-05-25T21:00:27.754232,8679,0.0000,0.0000,0.0000,-0.5000
2026-05-25T21:00:27.854338,8680,0.0000,0.0000,0.0000,-0.5000
2026-05-25T21:00:27.954477,8681,0.0000,0.0000,0.0000,-0.5000
2026-05-25T21:00:28.054734,8682,0.0000,0.0000,0.0000,-0.5000
2026-05-25T21:00:28.154730,8683,0.0000,0.0000,0.0000,-0.5000
2026-05-25T21:00:28.254929,8684,0.0000,0.0000,0.0000,-0.5000
2026-05-25T21:00:28.355017,8685,0.0000,0.0000,0.0000,-0.5000
2026-05-25T21:00:28.455183,8686,0.0000,0.0000,0.0000,-0.5000
2026-05-25T21:00:28.713657,8687,0.0000,0.0000,0.0000,-0.5000
2026-05-25T21:00:28.813753,8688,0.0000,0.0000,0.0000,-0.5000
2026-05-25T21:00:28.918428,8689,0.0000,0.0000,0.0000,-0.5000
2026-05-25T21:00:29.018594,8690,0.0000,0.0000,0.0000,-0.5000
2026-05-25T21:00:29.118727,8691,0.0000,0.0000,0.0000,-0.5000
2026-05-25T21:00:29.219523,8692,0.0000,0.0000,0.0000,-0.5000
2026-05-25T21:00:29.319337,8693,0.0000,0.0000,0.0000,-0.5000
2026-05-25T21:00:29.419345,8694,0.0000,0.0000,0.0000,-0.5000
2026-05-25T21:00:29.520492,8695,0.0000,0.0000,0.0000,-0.5000
2026-05-25T21:00:29.619848,8696,0.0000,0.0000,0.0000,-0.5000
2026-05-25T21:00:29.722306,8697,0.0000,0.0000,0.0000,-0.5000
2026-05-25T21:00:29.824218,8698,0.0000,0.0000,0.0000,-0.5000
2026-05-25T21:00:29.922473,8699,-0.2000,0.0000,0.0000,-0.5000
2026-05-25T21:00:30.073458,8700,-0.2000,0.0000,0.0000,-0.5000
2026-05-25T21:00:30.184353,8701,-0.2000,0.0000,0.0000,-0.5000
2026-05-25T21:00:30.286531,8702,-0.2000,0.0000,0.0000,-0.5000
2026-05-25T21:00:30.384635,8703,-0.2000,0.0000,0.0000,-0.5000
2026-05-25T21:00:30.484756,8704,-0.2000,0.0000,0.0000,-0.5000
2026-05-25T21:00:30.585021,8705,-0.2000,0.0000,0.0000,-0.5000
2026-05-25T21:00:30.685014,8706,-0.2000,0.0000,0.0000,-0.5000
2026-05-25T21:00:30.785130,8707,-0.2000,0.0000,0.0000,-0.5000
2026-05-25T21:00:30.885268,8708,-0.2000,0.0000,0.0000,-0.5000
2026-05-25T21:00:30.986369,8709,-0.2000,0.0000,0.0000,-0.5000
2026-05-25T21:00:31.086460,8710,-0.2000,0.0000,0.0000,-0.5000
2026-05-25T21:00:31.186611,8711,-0.2000,0.0000,0.0000,-0.5000
2026-05-25T21:00:31.286789,8712,-0.2000,0.0000,0.0000,-0.5000
2026-05-25T21:00:31.386872,8713,-0.2000,0.0000,0.0000,-0.5000
2026-05-25T21:00:31.603568,8714,-0.2000,0.0000,0.0000,-0.5000
2026-05-25T21:00:31.703621,8715,-0.2000,0.0000,0.0000,-0.5000
2026-05-25T21:00:31.803841,8716,-0.2000,0.0000,0.0000,-0.5000
2026-05-25T21:00:31.903940,8717,-0.2000,0.0000,0.0000,-0.5000
2026-05-25T21:00:32.004060,8718,-0.2000,0.0000,0.0000,-0.5000
2026-05-25T21:00:32.104223,8719,-0.2000,0.0000,0.0000,-0.5000
2026-05-25T21:00:32.204364,8720,-0.2000,0.0000,0.0000,-0.5000
2026-05-25T21:00:32.304495,8721,-0.2000,0.0000,0.0000,-0.5000
2026-05-25T21:00:32.404632,8722,-0.2000,0.0000,0.0000,-0.5000
2026-05-25T21:00:32.633570,8723,-0.2000,0.0000,0.0000,-0.5000
2026-05-25T21:00:32.733689,8724,-0.2000,0.0000,0.0000,-0.5000
2026-05-25T21:00:32.833759,8725,-0.2000,0.0000,0.0000,-0.5000
2026-05-25T21:00:32.934466,8726,-0.2000,0.0000,0.0000,-0.5000
2026-05-25T21:00:33.035288,8727,-0.2000,0.0000,0.0000,-0.5000
2026-05-25T21:00:33.135445,8728,-0.2000,0.0000,0.0000,-0.5000
2026-05-25T21:00:33.236383,8729,0.0000,0.0000,0.0000,0.5000
2026-05-25T21:00:33.336529,8730,0.0000,0.0000,0.0000,0.5000
2026-05-25T21:00:33.436576,8731,0.0000,0.0000,0.0000,0.5000
2026-05-25T21:00:33.536726,8732,0.0000,0.0000,0.0000,0.5000
2026-05-25T21:00:33.636896,8733,0.0000,0.0000,0.0000,0.5000
2026-05-25T21:00:33.853650,8734,0.0000,0.0000,0.0000,0.5000
2026-05-25T21:00:33.953747,8735,0.0000,0.0000,0.0000,0.5000
2026-05-25T21:00:34.054280,8736,0.0000,0.0000,0.0000,0.5000
2026-05-25T21:00:34.154011,8737,0.0000,0.0000,0.0000,0.5000
2026-05-25T21:00:34.254341,8738,0.0000,0.0000,0.0000,0.5000
2026-05-25T21:00:34.355349,8739,0.0000,0.0000,0.0000,0.5000
2026-05-25T21:00:34.455504,8740,0.0000,0.0000,0.0000,0.5000
2026-05-25T21:00:34.555604,8741,0.0000,0.0000,0.0000,0.5000
2026-05-25T21:00:34.655898,8742,0.0000,0.0000,0.0000,0.5000
2026-05-25T21:00:34.755900,8743,0.0000,0.0000,0.0000,0.5000
2026-05-25T21:00:34.856198,8744,0.0000,0.0000,0.0000,0.5000
2026-05-25T21:00:35.073658,8745,0.0000,0.0000,0.0000,0.5000
2026-05-25T21:00:35.173712,8746,0.0000,0.0000,0.0000,0.5000
2026-05-25T21:00:35.273915,8747,0.0000,0.0000,0.0000,0.5000
2026-05-25T21:00:35.374357,8748,0.0000,0.0000,0.0000,0.5000
2026-05-25T21:00:35.474437,8749,0.0000,0.0000,0.0000,0.5000
2026-05-25T21:00:35.574610,8750,0.0000,0.0000,0.0000,0.5000
2026-05-25T21:00:35.674739,8751,0.0000,0.0000,0.0000,0.5000
2026-05-25T21:00:35.774868,8752,0.0000,0.0000,0.0000,0.5000
2026-05-25T21:00:35.875016,8753,0.0000,0.0000,0.0000,0.5000
2026-05-25T21:00:35.975086,8754,0.0000,0.0000,0.0000,0.5000
2026-05-25T21:00:36.075498,8755,0.0000,0.0000,0.0000,0.5000
2026-05-25T21:00:36.293877,8756,0.0000,0.0000,0.0000,0.5000
2026-05-25T21:00:36.395445,8757,0.0000,0.0000,0.0000,0.5000
2026-05-25T21:00:36.495530,8758,0.0000,0.0000,0.0000,0.5000
2026-05-25T21:00:36.595885,8759,0.3000,0.0000,0.0000,0.0000
2026-05-25T21:00:36.695702,8760,0.3000,0.0000,0.0000,0.0000
2026-05-25T21:00:36.795825,8761,0.3000,0.0000,0.0000,0.0000
2026-05-25T21:00:36.895966,8762,0.3000,0.0000,0.0000,0.0000
2026-05-25T21:00:36.996115,8763,0.3000,0.0000,0.0000,0.0000
2026-05-25T21:00:37.096223,8764,0.3000,0.0000,0.0000,0.0000
2026-05-25T21:00:37.198108,8765,0.3000,0.0000,0.0000,0.0000
2026-05-25T21:00:37.298201,8766,0.3000,0.0000,0.0000,0.0000
2026-05-25T21:00:37.398347,8767,0.3000,0.0000,0.0000,0.0000
2026-05-25T21:00:37.498479,8768,0.3000,0.0000,0.0000,0.0000
2026-05-25T21:00:37.713695,8769,0.3000,0.0000,0.0000,0.0000
2026-05-25T21:00:37.813727,8770,0.3000,0.0000,0.0000,0.0000
2026-05-25T21:00:37.913894,8771,0.3000,0.0000,0.0000,0.0000
2026-05-25T21:00:38.014060,8772,0.3000,0.0000,0.0000,0.0000
2026-05-25T21:00:38.114169,8773,0.3000,0.0000,0.0000,0.0000
2026-05-25T21:00:38.214253,8774,0.3000,0.0000,0.0000,0.0000
2026-05-25T21:00:38.314350,8775,0.3000,0.0000,0.0000,0.0000
2026-05-25T21:00:38.414449,8776,0.3000,0.0000,0.0000,0.0000
2026-05-25T21:00:38.514608,8777,0.3000,0.0000,0.0000,0.0000
2026-05-25T21:00:38.614782,8778,0.3000,0.0000,0.0000,0.0000
2026-05-25T21:00:38.714885,8779,0.3000,0.0000,0.0000,0.0000
2026-05-25T21:00:38.814982,8780,0.3000,0.0000,0.0000,0.0000
2026-05-25T21:00:38.918124,8781,0.3000,0.0000,0.0000,0.0000
2026-05-25T21:00:39.184207,8782,0.3000,0.0000,0.0000,0.0000
2026-05-25T21:00:39.284357,8783,0.3000,0.0000,0.0000,0.0000
2026-05-25T21:00:39.384247,8784,0.3000,0.0000,0.0000,0.0000
2026-05-25T21:00:39.484390,8785,0.3000,0.0000,0.0000,0.0000
2026-05-25T21:00:39.584651,8786,0.3000,0.0000,0.0000,0.0000
2026-05-25T21:00:39.684596,8787,0.3000,0.0000,0.0000,0.0000
2026-05-25T21:00:39.784787,8788,0.3000,0.0000,0.0000,0.0000
2026-05-25T21:00:39.885192,8789,0.0000,0.0000,0.0000,-0.5000
2026-05-25T21:00:39.985485,8790,0.0000,0.0000,0.0000,-0.5000
2026-05-25T21:00:40.085508,8791,0.0000,0.0000,0.0000,-0.5000
2026-05-25T21:00:40.185605,8792,0.0000,0.0000,0.0000,-0.5000
2026-05-25T21:00:40.285784,8793,0.0000,0.0000,0.0000,-0.5000
2026-05-25T21:00:40.385937,8794,0.0000,0.0000,0.0000,-0.5000
2026-05-25T21:00:40.603845,8795,0.0000,0.0000,0.0000,-0.5000
2026-05-25T21:00:40.703957,8796,0.0000,0.0000,0.0000,-0.5000
2026-05-25T21:00:40.804100,8797,0.0000,0.0000,0.0000,-0.5000
2026-05-25T21:00:40.904220,8798,0.0000,0.0000,0.0000,-0.5000
2026-05-25T21:00:41.004300,8799,0.0000,0.0000,0.0000,-0.5000
2026-05-25T21:00:41.104432,8800,0.0000,0.0000,0.0000,-0.5000
2026-05-25T21:00:41.204529,8801,0.0000,0.0000,0.0000,-0.5000
2026-05-25T21:00:41.304678,8802,0.0000,0.0000,0.0000,-0.5000
2026-05-25T21:00:41.404837,8803,0.0000,0.0000,0.0000,-0.5000
2026-05-25T21:00:41.613832,8804,0.0000,0.0000,0.0000,-0.5000
2026-05-25T21:00:41.713886,8805,0.0000,0.0000,0.0000,-0.5000
2026-05-25T21:00:41.813989,8806,0.0000,0.0000,0.0000,-0.5000
2026-05-25T21:00:41.914283,8807,0.0000,0.0000,0.0000,-0.5000
2026-05-25T21:00:42.014278,8808,0.0000,0.0000,0.0000,-0.5000
2026-05-25T21:00:42.114326,8809,0.0000,0.0000,0.0000,-0.5000
2026-05-25T21:00:42.214447,8810,0.0000,0.0000,0.0000,-0.5000
2026-05-25T21:00:42.314605,8811,0.0000,0.0000,0.0000,-0.5000
2026-05-25T21:00:42.414683,8812,0.0000,0.0000,0.0000,-0.5000
2026-05-25T21:00:42.623951,8813,0.0000,0.0000,0.0000,-0.5000
2026-05-25T21:00:42.723970,8814,0.0000,0.0000,0.0000,-0.5000
2026-05-25T21:00:42.824157,8815,0.0000,0.0000,0.0000,-0.5000
2026-05-25T21:00:42.924259,8816,0.0000,0.0000,0.0000,-0.5000
2026-05-25T21:00:43.024303,8817,0.0000,0.0000,0.0000,-0.5000
2026-05-25T21:00:43.124461,8818,0.0000,0.0000,0.0000,-0.5000
2026-05-25T21:00:43.224569,8819,-0.2000,0.0000,0.0000,-0.5000
2026-05-25T21:00:43.324664,8820,-0.2000,0.0000,0.0000,-0.5000
2026-05-25T21:00:43.424873,8821,-0.2000,0.0000,0.0000,-0.5000
2026-05-25T21:00:43.525016,8822,-0.2000,0.0000,0.0000,-0.5000
2026-05-25T21:00:43.625168,8823,-0.2000,0.0000,0.0000,-0.5000
2026-05-25T21:00:43.833792,8824,-0.2000,0.0000,0.0000,-0.5000
2026-05-25T21:00:43.933929,8825,-0.2000,0.0000,0.0000,-0.5000
2026-05-25T21:00:44.034031,8826,-0.2000,0.0000,0.0000,-0.5000
2026-05-25T21:00:44.134106,8827,-0.2000,0.0000,0.0000,-0.5000
2026-05-25T21:00:44.234516,8828,-0.2000,0.0000,0.0000,-0.5000
2026-05-25T21:00:44.334314,8829,-0.2000,0.0000,0.0000,-0.5000
2026-05-25T21:00:44.434440,8830,-0.2000,0.0000,0.0000,-0.5000
2026-05-25T21:00:44.534635,8831,-0.2000,0.0000,0.0000,-0.5000
2026-05-25T21:00:44.634726,8832,-0.2000,0.0000,0.0000,-0.5000
2026-05-25T21:00:44.854413,8833,-0.2000,0.0000,0.0000,-0.5000
2026-05-25T21:00:44.954451,8834,-0.2000,0.0000,0.0000,-0.5000
2026-05-25T21:00:45.055433,8835,-0.2000,0.0000,0.0000,-0.5000
2026-05-25T21:00:45.154727,8836,-0.2000,0.0000,0.0000,-0.5000
2026-05-25T21:00:45.254861,8837,-0.2000,0.0000,0.0000,-0.5000
2026-05-25T21:00:45.354994,8838,-0.2000,0.0000,0.0000,-0.5000
2026-05-25T21:00:45.455059,8839,-0.2000,0.0000,0.0000,-0.5000
2026-05-25T21:00:45.557351,8840,-0.2000,0.0000,0.0000,-0.5000
2026-05-25T21:00:45.657423,8841,-0.2000,0.0000,0.0000,-0.5000
2026-05-25T21:00:45.757547,8842,-0.2000,0.0000,0.0000,-0.5000
2026-05-25T21:00:45.857699,8843,-0.2000,0.0000,0.0000,-0.5000
2026-05-25T21:00:45.973755,8844,-0.2000,0.0000,0.0000,-0.5000
2026-05-25T21:00:46.073779,8845,-0.2000,0.0000,0.0000,-0.5000
2026-05-25T21:00:46.173953,8846,-0.2000,0.0000,0.0000,-0.5000
2026-05-25T21:00:46.274121,8847,-0.2000,0.0000,0.0000,-0.5000
2026-05-25T21:00:46.374233,8848,-0.2000,0.0000,0.0000,-0.5000
2026-05-25T21:00:46.474299,8849,0.0000,0.0000,0.0000,0.5000
2026-05-25T21:00:46.574483,8850,0.0000,0.0000,0.0000,0.5000
2026-05-25T21:00:46.674507,8851,0.0000,0.0000,0.0000,0.5000
2026-05-25T21:00:46.774660,8852,0.0000,0.0000,0.0000,0.5000
2026-05-25T21:00:46.874842,8853,0.0000,0.0000,0.0000,0.5000
2026-05-25T21:00:46.974928,8854,0.0000,0.0000,0.0000,0.5000
2026-05-25T21:00:47.074952,8855,0.0000,0.0000,0.0000,0.5000
2026-05-25T21:00:47.303684,8856,0.0000,0.0000,0.0000,0.5000
2026-05-25T21:00:47.403947,8857,0.0000,0.0000,0.0000,0.5000
2026-05-25T21:00:47.504077,8858,0.0000,0.0000,0.0000,0.5000
2026-05-25T21:00:47.604169,8859,0.0000,0.0000,0.0000,0.5000
2026-05-25T21:00:47.704493,8860,0.0000,0.0000,0.0000,0.5000
2026-05-25T21:00:47.804430,8861,0.0000,0.0000,0.0000,0.5000
2026-05-25T21:00:47.904742,8862,0.0000,0.0000,0.0000,0.5000
2026-05-25T21:00:48.004718,8863,0.0000,0.0000,0.0000,0.5000
2026-05-25T21:00:48.104873,8864,0.0000,0.0000,0.0000,0.5000
2026-05-25T21:00:48.204966,8865,0.0000,0.0000,0.0000,0.5000
2026-05-25T21:00:48.305238,8866,0.0000,0.0000,0.0000,0.5000
2026-05-25T21:00:48.523727,8867,0.0000,0.0000,0.0000,0.5000
2026-05-25T21:00:48.623987,8868,0.0000,0.0000,0.0000,0.5000
2026-05-25T21:00:48.724037,8869,0.0000,0.0000,0.0000,0.5000
2026-05-25T21:00:48.824225,8870,0.0000,0.0000,0.0000,0.5000
2026-05-25T21:00:48.924303,8871,0.0000,0.0000,0.0000,0.5000
2026-05-25T21:00:49.024624,8872,0.0000,0.0000,0.0000,0.5000
2026-05-25T21:00:49.124602,8873,0.0000,0.0000,0.0000,0.5000
2026-05-25T21:00:49.225485,8874,0.0000,0.0000,0.0000,0.5000
2026-05-25T21:00:49.324876,8875,0.0000,0.0000,0.0000,0.5000
2026-05-25T21:00:49.534035,8876,0.0000,0.0000,0.0000,0.5000
2026-05-25T21:00:49.634102,8877,0.0000,0.0000,0.0000,0.5000
2026-05-25T21:00:49.734389,8878,0.0000,0.0000,0.0000,0.5000
2026-05-25T21:00:49.834338,8879,0.3000,0.0000,0.0000,0.0000
2026-05-25T21:00:49.934505,8880,0.3000,0.0000,0.0000,0.0000
2026-05-25T21:00:50.036152,8881,0.3000,0.0000,0.0000,0.0000
2026-05-25T21:00:50.134676,8882,0.3000,0.0000,0.0000,0.0000
2026-05-25T21:00:50.234811,8883,0.3000,0.0000,0.0000,0.0000
2026-05-25T21:00:50.335132,8884,0.3000,0.0000,0.0000,0.0000
2026-05-25T21:00:50.435304,8885,0.3000,0.0000,0.0000,0.0000
2026-05-25T21:00:50.535346,8886,0.3000,0.0000,0.0000,0.0000
2026-05-25T21:00:50.745273,8887,0.3000,0.0000,0.0000,0.0000
2026-05-25T21:00:50.844087,8888,0.3000,0.0000,0.0000,0.0000
2026-05-25T21:00:50.944280,8889,0.3000,0.0000,0.0000,0.0000
2026-05-25T21:00:51.044392,8890,0.3000,0.0000,0.0000,0.0000
2026-05-25T21:00:51.144496,8891,0.3000,0.0000,0.0000,0.0000
2026-05-25T21:00:51.244640,8892,0.3000,0.0000,0.0000,0.0000
2026-05-25T21:00:51.344742,8893,0.3000,0.0000,0.0000,0.0000
2026-05-25T21:00:51.444830,8894,0.3000,0.0000,0.0000,0.0000
2026-05-25T21:00:51.545020,8895,0.3000,0.0000,0.0000,0.0000
2026-05-25T21:00:51.784048,8896,0.3000,0.0000,0.0000,0.0000
2026-05-25T21:00:51.884214,8897,0.3000,0.0000,0.0000,0.0000
2026-05-25T21:00:51.984485,8898,0.3000,0.0000,0.0000,0.0000
2026-05-25T21:00:52.084365,8899,0.3000,0.0000,0.0000,0.0000
2026-05-25T21:00:52.184469,8900,0.3000,0.0000,0.0000,0.0000
2026-05-25T21:00:52.284712,8901,0.3000,0.0000,0.0000,0.0000
2026-05-25T21:00:52.384725,8902,0.3000,0.0000,0.0000,0.0000
2026-05-25T21:00:52.484865,8903,0.3000,0.0000,0.0000,0.0000
2026-05-25T21:00:52.585009,8904,0.3000,0.0000,0.0000,0.0000
2026-05-25T21:00:52.685131,8905,0.3000,0.0000,0.0000,0.0000
2026-05-25T21:00:52.785354,8906,0.3000,0.0000,0.0000,0.0000
2026-05-25T21:00:52.885812,8907,0.3000,0.0000,0.0000,0.0000
2026-05-25T21:00:52.985479,8908,0.3000,0.0000,0.0000,0.0000
2026-05-25T21:00:53.085731,8909,0.0000,0.0000,0.0000,-0.5000
2026-05-25T21:00:53.185922,8910,0.0000,0.0000,0.0000,-0.5000
2026-05-25T21:00:53.444180,8911,0.0000,0.0000,0.0000,-0.5000
2026-05-25T21:00:53.544141,8912,0.0000,0.0000,0.0000,-0.5000
2026-05-25T21:00:53.644395,8913,0.0000,0.0000,0.0000,-0.5000
2026-05-25T21:00:53.745332,8914,0.0000,0.0000,0.0000,-0.5000
2026-05-25T21:00:53.845508,8915,0.0000,0.0000,0.0000,-0.5000
2026-05-25T21:00:53.945471,8916,0.0000,0.0000,0.0000,-0.5000
2026-05-25T21:00:54.045576,8917,0.0000,0.0000,0.0000,-0.5000
2026-05-25T21:00:54.145824,8918,0.0000,0.0000,0.0000,-0.5000
2026-05-25T21:00:54.245995,8919,0.0000,0.0000,0.0000,-0.5000
2026-05-25T21:00:54.346151,8920,0.0000,0.0000,0.0000,-0.5000
2026-05-25T21:00:54.446232,8921,0.0000,0.0000,0.0000,-0.5000
2026-05-25T21:00:54.546236,8922,0.0000,0.0000,0.0000,-0.5000
2026-05-25T21:00:54.646367,8923,0.0000,0.0000,0.0000,-0.5000
2026-05-25T21:00:54.775345,8924,0.0000,0.0000,0.0000,-0.5000
2026-05-25T21:00:54.875448,8925,0.0000,0.0000,0.0000,-0.5000
2026-05-25T21:00:54.975576,8926,0.0000,0.0000,0.0000,-0.5000
2026-05-25T21:00:55.076579,8927,0.0000,0.0000,0.0000,-0.5000
2026-05-25T21:00:55.176748,8928,0.0000,0.0000,0.0000,-0.5000
2026-05-25T21:00:55.276638,8929,0.0000,0.0000,0.0000,-0.5000
2026-05-25T21:00:55.376750,8930,0.0000,0.0000,0.0000,-0.5000
2026-05-25T21:00:55.476909,8931,0.0000,0.0000,0.0000,-0.5000
2026-05-25T21:00:55.577054,8932,0.0000,0.0000,0.0000,-0.5000
2026-05-25T21:00:55.725368,8933,0.0000,0.0000,0.0000,-0.5000
2026-05-25T21:00:55.894029,8934,0.0000,0.0000,0.0000,-0.5000
2026-05-25T21:00:55.994214,8935,0.0000,0.0000,0.0000,-0.5000
2026-05-25T21:00:56.094812,8936,0.0000,0.0000,0.0000,-0.5000
2026-05-25T21:00:56.194971,8937,0.0000,0.0000,0.0000,-0.5000
2026-05-25T21:00:56.295114,8938,0.0000,0.0000,0.0000,-0.5000
2026-05-25T21:00:56.395212,8939,-0.2000,0.0000,0.0000,-0.5000
2026-05-25T21:00:56.495497,8940,-0.2000,0.0000,0.0000,-0.5000
2026-05-25T21:00:56.596220,8941,-0.2000,0.0000,0.0000,-0.5000
2026-05-25T21:00:56.696313,8942,-0.2000,0.0000,0.0000,-0.5000
2026-05-25T21:00:56.796336,8943,-0.2000,0.0000,0.0000,-0.5000
2026-05-25T21:00:56.896499,8944,-0.2000,0.0000,0.0000,-0.5000
2026-05-25T21:00:56.996590,8945,-0.2000,0.0000,0.0000,-0.5000
2026-05-25T21:00:57.096735,8946,-0.2000,0.0000,0.0000,-0.5000
2026-05-25T21:00:57.196845,8947,-0.2000,0.0000,0.0000,-0.5000
2026-05-25T21:00:57.297236,8948,-0.2000,0.0000,0.0000,-0.5000
2026-05-25T21:00:57.514262,8949,-0.2000,0.0000,0.0000,-0.5000
2026-05-25T21:00:57.614291,8950,-0.2000,0.0000,0.0000,-0.5000
2026-05-25T21:00:57.714322,8951,-0.2000,0.0000,0.0000,-0.5000
2026-05-25T21:00:57.815322,8952,-0.2000,0.0000,0.0000,-0.5000
2026-05-25T21:00:57.915453,8953,-0.2000,0.0000,0.0000,-0.5000
2026-05-25T21:00:58.015592,8954,-0.2000,0.0000,0.0000,-0.5000
2026-05-25T21:00:58.115715,8955,-0.2000,0.0000,0.0000,-0.5000
2026-05-25T21:00:58.215947,8956,-0.2000,0.0000,0.0000,-0.5000
2026-05-25T21:00:58.316025,8957,-0.2000,0.0000,0.0000,-0.5000
2026-05-25T21:00:58.416155,8958,-0.2000,0.0000,0.0000,-0.5000
2026-05-25T21:00:58.516273,8959,-0.2000,0.0000,0.0000,-0.5000
2026-05-25T21:00:58.734205,8960,-0.2000,0.0000,0.0000,-0.5000
2026-05-25T21:00:58.834295,8961,-0.2000,0.0000,0.0000,-0.5000
2026-05-25T21:00:58.934352,8962,-0.2000,0.0000,0.0000,-0.5000
2026-05-25T21:00:59.034501,8963,-0.2000,0.0000,0.0000,-0.5000
2026-05-25T21:00:59.134615,8964,-0.2000,0.0000,0.0000,-0.5000
2026-05-25T21:00:59.234794,8965,-0.2000,0.0000,0.0000,-0.5000
2026-05-25T21:00:59.334907,8966,-0.2000,0.0000,0.0000,-0.5000
2026-05-25T21:00:59.435030,8967,-0.2000,0.0000,0.0000,-0.5000
2026-05-25T21:00:59.535170,8968,-0.2000,0.0000,0.0000,-0.5000
2026-05-25T21:00:59.744172,8969,0.0000,0.0000,0.0000,0.5000
2026-05-25T21:00:59.844275,8970,0.0000,0.0000,0.0000,0.5000
2026-05-25T21:00:59.944342,8971,0.0000,0.0000,0.0000,0.5000
2026-05-25T21:01:00.044465,8972,0.0000,0.0000,0.0000,0.5000
2026-05-25T21:01:00.144603,8973,0.0000,0.0000,0.0000,0.5000
2026-05-25T21:01:00.244715,8974,0.0000,0.0000,0.0000,0.5000
2026-05-25T21:01:00.344854,8975,0.0000,0.0000,0.0000,0.5000
2026-05-25T21:01:00.445019,8976,0.0000,0.0000,0.0000,0.5000
2026-05-25T21:01:00.545119,8977,0.0000,0.0000,0.0000,0.5000
2026-05-25T21:01:00.645261,8978,0.0000,0.0000,0.0000,0.5000
2026-05-25T21:01:00.745342,8979,0.0000,0.0000,0.0000,0.5000
2026-05-25T21:01:00.888665,8980,0.0000,0.0000,0.0000,0.5000
2026-05-25T21:01:00.990230,8981,0.0000,0.0000,0.0000,0.5000
2026-05-25T21:01:01.091336,8982,0.0000,0.0000,0.0000,0.5000
2026-05-25T21:01:01.191462,8983,0.0000,0.0000,0.0000,0.5000
2026-05-25T21:01:01.291615,8984,0.0000,0.0000,0.0000,0.5000
2026-05-25T21:01:01.392091,8985,0.0000,0.0000,0.0000,0.5000
2026-05-25T21:01:01.491884,8986,0.0000,0.0000,0.0000,0.5000
2026-05-25T21:01:01.765454,8987,0.0000,0.0000,0.0000,0.5000
2026-05-25T21:01:01.865528,8988,0.0000,0.0000,0.0000,0.5000
2026-05-25T21:01:01.966335,8989,0.0000,0.0000,0.0000,0.5000
2026-05-25T21:01:02.066373,8990,0.0000,0.0000,0.0000,0.5000
2026-05-25T21:01:02.166528,8991,0.0000,0.0000,0.0000,0.5000
2026-05-25T21:01:02.267500,8992,0.0000,0.0000,0.0000,0.5000
2026-05-25T21:01:02.367492,8993,0.0000,0.0000,0.0000,0.5000
2026-05-25T21:01:02.468408,8994,0.0000,0.0000,0.0000,0.5000
2026-05-25T21:01:02.567731,8995,0.0000,0.0000,0.0000,0.5000
2026-05-25T21:01:02.804914,8996,0.0000,0.0000,0.0000,0.5000
2026-05-25T21:01:02.904385,8997,0.0000,0.0000,0.0000,0.5000
2026-05-25T21:01:03.004553,8998,0.0000,0.0000,0.0000,0.5000
2026-05-25T21:01:03.104701,8999,0.3000,0.0000,0.0000,0.0000
2026-05-25T21:01:03.204853,9000,0.3000,0.0000,0.0000,0.0000
2026-05-25T21:01:03.304956,9001,0.3000,0.0000,0.0000,0.0000
2026-05-25T21:01:03.405094,9002,0.3000,0.0000,0.0000,0.0000
2026-05-25T21:01:03.505224,9003,0.3000,0.0000,0.0000,0.0000
2026-05-25T21:01:03.605343,9004,0.3000,0.0000,0.0000,0.0000
2026-05-25T21:01:03.705466,9005,0.3000,0.0000,0.0000,0.0000
2026-05-25T21:01:03.805603,9006,0.3000,0.0000,0.0000,0.0000
2026-05-25T21:01:04.024975,9007,0.3000,0.0000,0.0000,0.0000
2026-05-25T21:01:04.125081,9008,0.3000,0.0000,0.0000,0.0000
2026-05-25T21:01:04.227541,9009,0.3000,0.0000,0.0000,0.0000
2026-05-25T21:01:04.327483,9010,0.3000,0.0000,0.0000,0.0000
2026-05-25T21:01:04.427594,9011,0.3000,0.0000,0.0000,0.0000
2026-05-25T21:01:04.527729,9012,0.3000,0.0000,0.0000,0.0000
2026-05-25T21:01:04.627860,9013,0.3000,0.0000,0.0000,0.0000
2026-05-25T21:01:04.727968,9014,0.3000,0.0000,0.0000,0.0000
2026-05-25T21:01:04.828095,9015,0.3000,0.0000,0.0000,0.0000
2026-05-25T21:01:04.928210,9016,0.3000,0.0000,0.0000,0.0000
2026-05-25T21:01:05.028364,9017,0.3000,0.0000,0.0000,0.0000
2026-05-25T21:01:05.128468,9018,0.3000,0.0000,0.0000,0.0000
2026-05-25T21:01:05.228559,9019,0.3000,0.0000,0.0000,0.0000
2026-05-25T21:01:05.444322,9020,0.3000,0.0000,0.0000,0.0000
2026-05-25T21:01:05.544343,9021,0.3000,0.0000,0.0000,0.0000
2026-05-25T21:01:05.644447,9022,0.3000,0.0000,0.0000,0.0000
2026-05-25T21:01:05.744615,9023,0.3000,0.0000,0.0000,0.0000
2026-05-25T21:01:05.844847,9024,0.3000,0.0000,0.0000,0.0000
2026-05-25T21:01:05.944881,9025,0.3000,0.0000,0.0000,0.0000
2026-05-25T21:01:06.045012,9026,0.3000,0.0000,0.0000,0.0000
2026-05-25T21:01:06.145132,9027,0.3000,0.0000,0.0000,0.0000
2026-05-25T21:01:06.245262,9028,0.3000,0.0000,0.0000,0.0000
2026-05-25T21:01:06.454359,9029,0.0000,0.0000,0.0000,-0.5000
2026-05-25T21:01:06.554807,9030,0.0000,0.0000,0.0000,-0.5000
2026-05-25T21:01:06.654474,9031,0.0000,0.0000,0.0000,-0.5000
2026-05-25T21:01:06.754585,9032,0.0000,0.0000,0.0000,-0.5000
2026-05-25T21:01:06.854703,9033,0.0000,0.0000,0.0000,-0.5000
2026-05-25T21:01:06.954879,9034,0.0000,0.0000,0.0000,-0.5000
2026-05-25T21:01:07.054983,9035,0.0000,0.0000,0.0000,-0.5000
2026-05-25T21:01:07.155122,9036,0.0000,0.0000,0.0000,-0.5000
2026-05-25T21:01:07.255266,9037,0.0000,0.0000,0.0000,-0.5000
2026-05-25T21:01:07.355350,9038,0.0000,0.0000,0.0000,-0.5000
2026-05-25T21:01:07.455454,9039,0.0000,0.0000,0.0000,-0.5000
2026-05-25T21:01:07.674361,9040,0.0000,0.0000,0.0000,-0.5000
2026-05-25T21:01:07.774355,9041,0.0000,0.0000,0.0000,-0.5000
2026-05-25T21:01:07.874459,9042,0.0000,0.0000,0.0000,-0.5000
2026-05-25T21:01:07.974613,9043,0.0000,0.0000,0.0000,-0.5000
2026-05-25T21:01:08.074969,9044,0.0000,0.0000,0.0000,-0.5000
2026-05-25T21:01:08.175236,9045,0.0000,0.0000,0.0000,-0.5000
2026-05-25T21:01:08.275348,9046,0.0000,0.0000,0.0000,-0.5000
2026-05-25T21:01:08.375495,9047,0.0000,0.0000,0.0000,-0.5000
2026-05-25T21:01:08.475583,9048,0.0000,0.0000,0.0000,-0.5000
2026-05-25T21:01:08.577355,9049,0.0000,0.0000,0.0000,-0.5000
2026-05-25T21:01:08.677868,9050,0.0000,0.0000,0.0000,-0.5000
2026-05-25T21:01:08.894412,9051,0.0000,0.0000,0.0000,-0.5000
2026-05-25T21:01:08.996194,9052,0.0000,0.0000,0.0000,-0.5000
2026-05-25T21:01:09.094775,9053,0.0000,0.0000,0.0000,-0.5000
2026-05-25T21:01:09.198967,9054,0.0000,0.0000,0.0000,-0.5000
2026-05-25T21:01:09.295405,9055,0.0000,0.0000,0.0000,-0.5000
2026-05-25T21:01:09.395425,9056,0.0000,0.0000,0.0000,-0.5000
2026-05-25T21:01:09.495507,9057,0.0000,0.0000,0.0000,-0.5000
2026-05-25T21:01:09.595672,9058,0.0000,0.0000,0.0000,-0.5000
2026-05-25T21:01:09.695762,9059,-0.2000,0.0000,0.0000,-0.5000
2026-05-25T21:01:09.795930,9060,-0.2000,0.0000,0.0000,-0.5000
2026-05-25T21:01:09.896394,9061,-0.2000,0.0000,0.0000,-0.5000
2026-05-25T21:01:10.114445,9062,-0.2000,0.0000,0.0000,-0.5000
2026-05-25T21:01:10.214510,9063,-0.2000,0.0000,0.0000,-0.5000
2026-05-25T21:01:10.314644,9064,-0.2000,0.0000,0.0000,-0.5000
2026-05-25T21:01:10.414793,9065,-0.2000,0.0000,0.0000,-0.5000
2026-05-25T21:01:10.514904,9066,-0.2000,0.0000,0.0000,-0.5000
2026-05-25T21:01:10.615099,9067,-0.2000,0.0000,0.0000,-0.5000
2026-05-25T21:01:10.715154,9068,-0.2000,0.0000,0.0000,-0.5000
2026-05-25T21:01:10.815291,9069,-0.2000,0.0000,0.0000,-0.5000
2026-05-25T21:01:10.915358,9070,-0.2000,0.0000,0.0000,-0.5000
2026-05-25T21:01:11.130519,9071,-0.2000,0.0000,0.0000,-0.5000
2026-05-25T21:01:11.230602,9072,-0.2000,0.0000,0.0000,-0.5000
2026-05-25T21:01:11.330735,9073,-0.2000,0.0000,0.0000,-0.5000
2026-05-25T21:01:11.431303,9074,-0.2000,0.0000,0.0000,-0.5000
2026-05-25T21:01:11.531479,9075,-0.2000,0.0000,0.0000,-0.5000
2026-05-25T21:01:11.631553,9076,-0.2000,0.0000,0.0000,-0.5000
2026-05-25T21:01:11.732269,9077,-0.2000,0.0000,0.0000,-0.5000
2026-05-25T21:01:11.832457,9078,-0.2000,0.0000,0.0000,-0.5000
2026-05-25T21:01:11.932565,9079,-0.2000,0.0000,0.0000,-0.5000
2026-05-25T21:01:12.032673,9080,-0.2000,0.0000,0.0000,-0.5000
2026-05-25T21:01:12.133112,9081,-0.2000,0.0000,0.0000,-0.5000
2026-05-25T21:01:12.344518,9082,-0.2000,0.0000,0.0000,-0.5000
2026-05-25T21:01:12.444532,9083,-0.2000,0.0000,0.0000,-0.5000
2026-05-25T21:01:12.544633,9084,-0.2000,0.0000,0.0000,-0.5000
2026-05-25T21:01:12.645391,9085,-0.2000,0.0000,0.0000,-0.5000
2026-05-25T21:01:12.745482,9086,-0.2000,0.0000,0.0000,-0.5000
2026-05-25T21:01:12.845642,9087,-0.2000,0.0000,0.0000,-0.5000
2026-05-25T21:01:12.945759,9088,-0.2000,0.0000,0.0000,-0.5000
2026-05-25T21:01:13.046327,9089,0.0000,0.0000,0.0000,0.5000
2026-05-25T21:01:13.146311,9090,0.0000,0.0000,0.0000,0.5000
2026-05-25T21:01:13.247341,9091,0.0000,0.0000,0.0000,0.5000
2026-05-25T21:01:13.347472,9092,0.0000,0.0000,0.0000,0.5000
2026-05-25T21:01:13.564527,9093,0.0000,0.0000,0.0000,0.5000
2026-05-25T21:01:13.664630,9094,0.0000,0.0000,0.0000,0.5000
2026-05-25T21:01:13.764822,9095,0.0000,0.0000,0.0000,0.5000
2026-05-25T21:01:13.864875,9096,0.0000,0.0000,0.0000,0.5000
2026-05-25T21:01:13.965029,9097,0.0000,0.0000,0.0000,0.5000
2026-05-25T21:01:14.065188,9098,0.0000,0.0000,0.0000,0.5000
2026-05-25T21:01:14.165297,9099,0.0000,0.0000,0.0000,0.5000
2026-05-25T21:01:14.265394,9100,0.0000,0.0000,0.0000,0.5000
2026-05-25T21:01:14.365508,9101,0.0000,0.0000,0.0000,0.5000
2026-05-25T21:01:14.465645,9102,0.0000,0.0000,0.0000,0.5000
2026-05-25T21:01:14.565800,9103,0.0000,0.0000,0.0000,0.5000
2026-05-25T21:01:14.784499,9104,0.0000,0.0000,0.0000,0.5000
2026-05-25T21:01:14.884558,9105,0.0000,0.0000,0.0000,0.5000
2026-05-25T21:01:14.984672,9106,0.0000,0.0000,0.0000,0.5000
2026-05-25T21:01:15.084818,9107,0.0000,0.0000,0.0000,0.5000
2026-05-25T21:01:15.185015,9108,0.0000,0.0000,0.0000,0.5000
2026-05-25T21:01:15.285119,9109,0.0000,0.0000,0.0000,0.5000
2026-05-25T21:01:15.385230,9110,0.0000,0.0000,0.0000,0.5000
2026-05-25T21:01:15.485361,9111,0.0000,0.0000,0.0000,0.5000
2026-05-25T21:01:15.585931,9112,0.0000,0.0000,0.0000,0.5000
2026-05-25T21:01:15.686010,9113,0.0000,0.0000,0.0000,0.5000
2026-05-25T21:01:15.786239,9114,0.0000,0.0000,0.0000,0.5000
2026-05-25T21:01:15.994563,9115,0.0000,0.0000,0.0000,0.5000
2026-05-25T21:01:16.094734,9116,0.0000,0.0000,0.0000,0.5000
2026-05-25T21:01:16.194832,9117,0.0000,0.0000,0.0000,0.5000
2026-05-25T21:01:16.294981,9118,0.0000,0.0000,0.0000,0.5000
2026-05-25T21:01:16.395122,9119,0.3000,0.0000,0.0000,0.0000
2026-05-25T21:01:16.495258,9120,0.3000,0.0000,0.0000,0.0000
2026-05-25T21:01:16.595409,9121,0.3000,0.0000,0.0000,0.0000
2026-05-25T21:01:16.695458,9122,0.3000,0.0000,0.0000,0.0000
2026-05-25T21:01:16.795669,9123,0.3000,0.0000,0.0000,0.0000
2026-05-25T21:01:16.912415,9124,0.3000,0.0000,0.0000,0.0000
2026-05-25T21:01:17.012525,9125,0.3000,0.0000,0.0000,0.0000
2026-05-25T21:01:17.112834,9126,0.3000,0.0000,0.0000,0.0000
2026-05-25T21:01:17.212806,9127,0.3000,0.0000,0.0000,0.0000
2026-05-25T21:01:17.312914,9128,0.3000,0.0000,0.0000,0.0000
2026-05-25T21:01:17.413188,9129,0.3000,0.0000,0.0000,0.0000
2026-05-25T21:01:17.614671,9130,0.3000,0.0000,0.0000,0.0000
2026-05-25T21:01:17.716154,9131,0.3000,0.0000,0.0000,0.0000
2026-05-25T21:01:17.815347,9132,0.3000,0.0000,0.0000,0.0000
2026-05-25T21:01:17.915473,9133,0.3000,0.0000,0.0000,0.0000
2026-05-25T21:01:18.015593,9134,0.3000,0.0000,0.0000,0.0000
2026-05-25T21:01:18.115703,9135,0.3000,0.0000,0.0000,0.0000
2026-05-25T21:01:18.215919,9136,0.3000,0.0000,0.0000,0.0000
2026-05-25T21:01:18.315995,9137,0.3000,0.0000,0.0000,0.0000
2026-05-25T21:01:18.416142,9138,0.3000,0.0000,0.0000,0.0000
2026-05-25T21:01:18.644653,9139,0.3000,0.0000,0.0000,0.0000
2026-05-25T21:01:18.744750,9140,0.3000,0.0000,0.0000,0.0000
2026-05-25T21:01:18.844882,9141,0.3000,0.0000,0.0000,0.0000
2026-05-25T21:01:18.944999,9142,0.3000,0.0000,0.0000,0.0000
2026-05-25T21:01:19.045156,9143,0.3000,0.0000,0.0000,0.0000
2026-05-25T21:01:19.145274,9144,0.3000,0.0000,0.0000,0.0000
2026-05-25T21:01:19.245423,9145,0.3000,0.0000,0.0000,0.0000
2026-05-25T21:01:19.345501,9146,0.3000,0.0000,0.0000,0.0000
2026-05-25T21:01:19.445589,9147,0.3000,0.0000,0.0000,0.0000
2026-05-25T21:01:19.545743,9148,0.3000,0.0000,0.0000,0.0000
2026-05-25T21:01:19.645870,9149,0.0000,0.0000,0.0000,-0.5000
2026-05-25T21:01:19.782703,9150,0.0000,0.0000,0.0000,-0.5000
2026-05-25T21:01:19.882749,9151,0.0000,0.0000,0.0000,-0.5000
2026-05-25T21:01:19.982896,9152,0.0000,0.0000,0.0000,-0.5000
2026-05-25T21:01:20.085375,9153,0.0000,0.0000,0.0000,-0.5000
2026-05-25T21:01:20.185457,9154,0.0000,0.0000,0.0000,-0.5000
2026-05-25T21:01:20.285624,9155,0.0000,0.0000,0.0000,-0.5000
2026-05-25T21:01:20.385795,9156,0.0000,0.0000,0.0000,-0.5000
2026-05-25T21:01:20.485890,9157,0.0000,0.0000,0.0000,-0.5000
2026-05-25T21:01:20.586117,9158,0.0000,0.0000,0.0000,-0.5000
2026-05-25T21:01:20.686354,9159,0.0000,0.0000,0.0000,-0.5000
2026-05-25T21:01:20.786504,9160,0.0000,0.0000,0.0000,-0.5000
2026-05-25T21:01:21.098296,9161,0.0000,0.0000,0.0000,-0.5000
2026-05-25T21:01:21.195172,9162,0.0000,0.0000,0.0000,-0.5000
2026-05-25T21:01:21.296269,9163,0.0000,0.0000,0.0000,-0.5000
2026-05-25T21:01:21.396346,9164,0.0000,0.0000,0.0000,-0.5000
2026-05-25T21:01:21.496474,9165,0.0000,0.0000,0.0000,-0.5000
2026-05-25T21:01:21.597389,9166,0.0000,0.0000,0.0000,-0.5000
2026-05-25T21:01:21.698215,9167,0.0000,0.0000,0.0000,-0.5000
2026-05-25T21:01:21.798181,9168,0.0000,0.0000,0.0000,-0.5000
2026-05-25T21:01:21.898355,9169,0.0000,0.0000,0.0000,-0.5000
2026-05-25T21:01:21.998486,9170,0.0000,0.0000,0.0000,-0.5000
2026-05-25T21:01:22.099072,9171,0.0000,0.0000,0.0000,-0.5000
2026-05-25T21:01:22.314653,9172,0.0000,0.0000,0.0000,-0.5000
2026-05-25T21:01:22.414761,9173,0.0000,0.0000,0.0000,-0.5000
2026-05-25T21:01:22.514877,9174,0.0000,0.0000,0.0000,-0.5000
2026-05-25T21:01:22.615052,9175,0.0000,0.0000,0.0000,-0.5000
2026-05-25T21:01:22.715404,9176,0.0000,0.0000,0.0000,-0.5000
2026-05-25T21:01:22.815482,9177,0.0000,0.0000,0.0000,-0.5000
2026-05-25T21:01:22.916237,9178,0.0000,0.0000,0.0000,-0.5000
2026-05-25T21:01:23.019342,9179,-0.2000,0.0000,0.0000,-0.5000
2026-05-25T21:01:23.119467,9180,-0.2000,0.0000,0.0000,-0.5000
2026-05-25T21:01:23.219597,9181,-0.2000,0.0000,0.0000,-0.5000
2026-05-25T21:01:23.319709,9182,-0.2000,0.0000,0.0000,-0.5000
2026-05-25T21:01:23.419875,9183,-0.2000,0.0000,0.0000,-0.5000
2026-05-25T21:01:23.520017,9184,-0.2000,0.0000,0.0000,-0.5000
2026-05-25T21:01:23.734556,9185,-0.2000,0.0000,0.0000,-0.5000
2026-05-25T21:01:23.834762,9186,-0.2000,0.0000,0.0000,-0.5000
2026-05-25T21:01:23.934898,9187,-0.2000,0.0000,0.0000,-0.5000
2026-05-25T21:01:24.035001,9188,-0.2000,0.0000,0.0000,-0.5000
2026-05-25T21:01:24.135147,9189,-0.2000,0.0000,0.0000,-0.5000
2026-05-25T21:01:24.235268,9190,-0.2000,0.0000,0.0000,-0.5000
2026-05-25T21:01:24.335341,9191,-0.2000,0.0000,0.0000,-0.5000
2026-05-25T21:01:24.435916,9192,-0.2000,0.0000,0.0000,-0.5000
2026-05-25T21:01:24.535603,9193,-0.2000,0.0000,0.0000,-0.5000
2026-05-25T21:01:24.744845,9194,-0.2000,0.0000,0.0000,-0.5000
2026-05-25T21:01:24.844957,9195,-0.2000,0.0000,0.0000,-0.5000
2026-05-25T21:01:24.945080,9196,-0.2000,0.0000,0.0000,-0.5000
2026-05-25T21:01:25.045184,9197,-0.2000,0.0000,0.0000,-0.5000
2026-05-25T21:01:25.145306,9198,-0.2000,0.0000,0.0000,-0.5000
2026-05-25T21:01:25.245333,9199,-0.2000,0.0000,0.0000,-0.5000
2026-05-25T21:01:25.345502,9200,-0.2000,0.0000,0.0000,-0.5000
2026-05-25T21:01:25.445579,9201,-0.2000,0.0000,0.0000,-0.5000
2026-05-25T21:01:25.546036,9202,-0.2000,0.0000,0.0000,-0.5000
2026-05-25T21:01:25.764890,9203,-0.2000,0.0000,0.0000,-0.5000
2026-05-25T21:01:25.864993,9204,-0.2000,0.0000,0.0000,-0.5000
2026-05-25T21:01:25.965125,9205,-0.2000,0.0000,0.0000,-0.5000
2026-05-25T21:01:26.065277,9206,-0.2000,0.0000,0.0000,-0.5000
2026-05-25T21:01:26.166207,9207,-0.2000,0.0000,0.0000,-0.5000
2026-05-25T21:01:26.265461,9208,-0.2000,0.0000,0.0000,-0.5000
2026-05-25T21:01:26.365624,9209,0.0000,0.0000,0.0000,0.5000
2026-05-25T21:01:26.465735,9210,0.0000,0.0000,0.0000,0.5000
2026-05-25T21:01:26.565869,9211,0.0000,0.0000,0.0000,0.5000
2026-05-25T21:01:26.666017,9212,0.0000,0.0000,0.0000,0.5000
2026-05-25T21:01:26.766219,9213,0.0000,0.0000,0.0000,0.5000
2026-05-25T21:01:27.034939,9214,0.0000,0.0000,0.0000,0.5000
2026-05-25T21:01:27.134961,9215,0.0000,0.0000,0.0000,0.5000
2026-05-25T21:01:27.235130,9216,0.0000,0.0000,0.0000,0.5000
2026-05-25T21:01:27.335246,9217,0.0000,0.0000,0.0000,0.5000
2026-05-25T21:01:27.436037,9218,0.0000,0.0000,0.0000,0.5000
2026-05-25T21:01:27.536214,9219,0.0000,0.0000,0.0000,0.5000
2026-05-25T21:01:27.636333,9220,0.0000,0.0000,0.0000,0.5000
2026-05-25T21:01:27.736460,9221,0.0000,0.0000,0.0000,0.5000
2026-05-25T21:01:27.836576,9222,0.0000,0.0000,0.0000,0.5000
2026-05-25T21:01:27.936737,9223,0.0000,0.0000,0.0000,0.5000
2026-05-25T21:01:28.036821,9224,0.0000,0.0000,0.0000,0.5000
2026-05-25T21:01:28.137027,9225,0.0000,0.0000,0.0000,0.5000
2026-05-25T21:01:28.237188,9226,0.0000,0.0000,0.0000,0.5000
2026-05-25T21:01:28.455188,9227,0.0000,0.0000,0.0000,0.5000
2026-05-25T21:01:28.556592,9228,0.0000,0.0000,0.0000,0.5000
2026-05-25T21:01:28.657355,9229,0.0000,0.0000,0.0000,0.5000
2026-05-25T21:01:28.756778,9230,0.0000,0.0000,0.0000,0.5000
2026-05-25T21:01:28.856939,9231,0.0000,0.0000,0.0000,0.5000
2026-05-25T21:01:28.957209,9232,0.0000,0.0000,0.0000,0.5000
2026-05-25T21:01:29.057909,9233,0.0000,0.0000,0.0000,0.5000
2026-05-25T21:01:29.157394,9234,0.0000,0.0000,0.0000,0.5000
2026-05-25T21:01:29.257531,9235,0.0000,0.0000,0.0000,0.5000
2026-05-25T21:01:29.371977,9236,0.0000,0.0000,0.0000,0.5000
2026-05-25T21:01:29.471903,9237,0.0000,0.0000,0.0000,0.5000
2026-05-25T21:01:29.572032,9238,0.0000,0.0000,0.0000,0.5000
2026-05-25T21:01:29.672166,9239,0.3000,0.0000,0.0000,0.0000
2026-05-25T21:01:29.772281,9240,0.3000,0.0000,0.0000,0.0000
2026-05-25T21:01:29.872452,9241,0.3000,0.0000,0.0000,0.0000
2026-05-25T21:01:29.973036,9242,0.3000,0.0000,0.0000,0.0000
2026-05-25T21:01:30.244919,9243,0.3000,0.0000,0.0000,0.0000
2026-05-25T21:01:30.345072,9244,0.3000,0.0000,0.0000,0.0000
2026-05-25T21:01:30.445183,9245,0.3000,0.0000,0.0000,0.0000
2026-05-25T21:01:30.545296,9246,0.3000,0.0000,0.0000,0.0000
2026-05-25T21:01:30.646143,9247,0.3000,0.0000,0.0000,0.0000
2026-05-25T21:01:30.746221,9248,0.3000,0.0000,0.0000,0.0000
2026-05-25T21:01:30.846356,9249,0.3000,0.0000,0.0000,0.0000
2026-05-25T21:01:30.946549,9250,0.3000,0.0000,0.0000,0.0000
2026-05-25T21:01:31.046713,9251,0.3000,0.0000,0.0000,0.0000
2026-05-25T21:01:31.147410,9252,0.3000,0.0000,0.0000,0.0000
2026-05-25T21:01:31.248549,9253,0.3000,0.0000,0.0000,0.0000
2026-05-25T21:01:31.347699,9254,0.3000,0.0000,0.0000,0.0000
2026-05-25T21:01:31.555654,9255,0.3000,0.0000,0.0000,0.0000
2026-05-25T21:01:31.655228,9256,0.3000,0.0000,0.0000,0.0000
2026-05-25T21:01:31.755642,9257,0.3000,0.0000,0.0000,0.0000
2026-05-25T21:01:31.855843,9258,0.3000,0.0000,0.0000,0.0000
2026-05-25T21:01:31.955983,9259,0.3000,0.0000,0.0000,0.0000
2026-05-25T21:01:32.056386,9260,0.3000,0.0000,0.0000,0.0000
2026-05-25T21:01:32.156205,9261,0.3000,0.0000,0.0000,0.0000
2026-05-25T21:01:32.257276,9262,0.3000,0.0000,0.0000,0.0000
2026-05-25T21:01:32.358537,9263,0.3000,0.0000,0.0000,0.0000
2026-05-25T21:01:32.458647,9264,0.3000,0.0000,0.0000,0.0000
2026-05-25T21:01:32.558774,9265,0.3000,0.0000,0.0000,0.0000
2026-05-25T21:01:32.764879,9266,0.3000,0.0000,0.0000,0.0000
2026-05-25T21:01:32.865120,9267,0.3000,0.0000,0.0000,0.0000
2026-05-25T21:01:32.965021,9268,0.3000,0.0000,0.0000,0.0000
2026-05-25T21:01:33.065193,9269,0.0000,0.0000,0.0000,-0.5000
2026-05-25T21:01:33.165319,9270,0.0000,0.0000,0.0000,-0.5000
2026-05-25T21:01:33.265401,9271,0.0000,0.0000,0.0000,-0.5000
2026-05-25T21:01:33.365627,9272,0.0000,0.0000,0.0000,-0.5000
2026-05-25T21:01:33.465720,9273,0.0000,0.0000,0.0000,-0.5000
2026-05-25T21:01:33.565818,9274,0.0000,0.0000,0.0000,-0.5000
2026-05-25T21:01:33.785701,9275,0.0000,0.0000,0.0000,-0.5000
2026-05-25T21:01:33.884954,9276,0.0000,0.0000,0.0000,-0.5000
2026-05-25T21:01:33.985001,9277,0.0000,0.0000,0.0000,-0.5000
2026-05-25T21:01:34.085602,9278,0.0000,0.0000,0.0000,-0.5000
2026-05-25T21:01:34.185398,9279,0.0000,0.0000,0.0000,-0.5000
2026-05-25T21:01:34.285481,9280,0.0000,0.0000,0.0000,-0.5000
2026-05-25T21:01:34.385717,9281,0.0000,0.0000,0.0000,-0.5000
2026-05-25T21:01:34.487367,9282,0.0000,0.0000,0.0000,-0.5000
2026-05-25T21:01:34.587492,9283,0.0000,0.0000,0.0000,-0.5000
2026-05-25T21:01:34.701390,9284,0.0000,0.0000,0.0000,-0.5000
2026-05-25T21:01:34.801121,9285,0.0000,0.0000,0.0000,-0.5000
2026-05-25T21:01:34.901241,9286,0.0000,0.0000,0.0000,-0.5000
2026-05-25T21:01:35.001333,9287,0.0000,0.0000,0.0000,-0.5000
2026-05-25T21:01:35.101480,9288,0.0000,0.0000,0.0000,-0.5000
2026-05-25T21:01:35.201612,9289,0.0000,0.0000,0.0000,-0.5000
2026-05-25T21:01:35.301783,9290,0.0000,0.0000,0.0000,-0.5000
2026-05-25T21:01:35.401904,9291,0.0000,0.0000,0.0000,-0.5000
2026-05-25T21:01:35.604968,9292,0.0000,0.0000,0.0000,-0.5000
2026-05-25T21:01:35.705061,9293,0.0000,0.0000,0.0000,-0.5000
2026-05-25T21:01:35.805178,9294,0.0000,0.0000,0.0000,-0.5000
2026-05-25T21:01:35.905980,9295,0.0000,0.0000,0.0000,-0.5000
2026-05-25T21:01:36.005439,9296,0.0000,0.0000,0.0000,-0.5000
2026-05-25T21:01:36.105578,9297,0.0000,0.0000,0.0000,-0.5000
2026-05-25T21:01:36.206737,9298,0.0000,0.0000,0.0000,-0.5000
2026-05-25T21:01:36.305847,9299,-0.2000,0.0000,0.0000,-0.5000
2026-05-25T21:01:36.405970,9300,-0.2000,0.0000,0.0000,-0.5000
2026-05-25T21:01:36.605902,9301,-0.2000,0.0000,0.0000,-0.5000
2026-05-25T21:01:36.705755,9302,-0.2000,0.0000,0.0000,-0.5000
2026-05-25T21:01:36.806363,9303,-0.2000,0.0000,0.0000,-0.5000
2026-05-25T21:01:36.906479,9304,-0.2000,0.0000,0.0000,-0.5000
2026-05-25T21:01:37.006602,9305,-0.2000,0.0000,0.0000,-0.5000
2026-05-25T21:01:37.106685,9306,-0.2000,0.0000,0.0000,-0.5000
2026-05-25T21:01:37.206716,9307,-0.2000,0.0000,0.0000,-0.5000
2026-05-25T21:01:37.306965,9308,-0.2000,0.0000,0.0000,-0.5000
2026-05-25T21:01:37.407094,9309,-0.2000,0.0000,0.0000,-0.5000
2026-05-25T21:01:37.655056,9310,-0.2000,0.0000,0.0000,-0.5000
2026-05-25T21:01:37.755188,9311,-0.2000,0.0000,0.0000,-0.5000
2026-05-25T21:01:37.855392,9312,-0.2000,0.0000,0.0000,-0.5000
2026-05-25T21:01:37.955641,9313,-0.2000,0.0000,0.0000,-0.5000
2026-05-25T21:01:38.055921,9314,-0.2000,0.0000,0.0000,-0.5000
2026-05-25T21:01:38.156101,9315,-0.2000,0.0000,0.0000,-0.5000
2026-05-25T21:01:38.256236,9316,-0.2000,0.0000,0.0000,-0.5000
2026-05-25T21:01:38.356360,9317,-0.2000,0.0000,0.0000,-0.5000
2026-05-25T21:01:38.457342,9318,-0.2000,0.0000,0.0000,-0.5000
2026-05-25T21:01:38.557474,9319,-0.2000,0.0000,0.0000,-0.5000
2026-05-25T21:01:38.657642,9320,-0.2000,0.0000,0.0000,-0.5000
2026-05-25T21:01:38.895154,9321,-0.2000,0.0000,0.0000,-0.5000
2026-05-25T21:01:38.995256,9322,-0.2000,0.0000,0.0000,-0.5000
2026-05-25T21:01:39.095329,9323,-0.2000,0.0000,0.0000,-0.5000
2026-05-25T21:01:39.195661,9324,-0.2000,0.0000,0.0000,-0.5000
2026-05-25T21:01:39.295597,9325,-0.2000,0.0000,0.0000,-0.5000
2026-05-25T21:01:39.396048,9326,-0.2000,0.0000,0.0000,-0.5000
2026-05-25T21:01:39.497418,9327,-0.2000,0.0000,0.0000,-0.5000
2026-05-25T21:01:39.596041,9328,-0.2000,0.0000,0.0000,-0.5000
2026-05-25T21:01:39.696150,9329,0.0000,0.0000,0.0000,0.5000
2026-05-25T21:01:39.797610,9330,0.0000,0.0000,0.0000,0.5000
2026-05-25T21:01:39.897153,9331,0.0000,0.0000,0.0000,0.5000
2026-05-25T21:01:40.085264,9332,0.0000,0.0000,0.0000,0.5000
2026-05-25T21:01:40.185415,9333,0.0000,0.0000,0.0000,0.5000
2026-05-25T21:01:40.286494,9334,0.0000,0.0000,0.0000,0.5000
2026-05-25T21:01:40.385544,9335,0.0000,0.0000,0.0000,0.5000
2026-05-25T21:01:40.487325,9336,0.0000,0.0000,0.0000,0.5000
2026-05-25T21:01:40.587981,9337,0.0000,0.0000,0.0000,0.5000
2026-05-25T21:01:40.687561,9338,0.0000,0.0000,0.0000,0.5000
2026-05-25T21:01:40.787634,9339,0.0000,0.0000,0.0000,0.5000
2026-05-25T21:01:40.887826,9340,0.0000,0.0000,0.0000,0.5000
2026-05-25T21:01:41.125355,9341,0.0000,0.0000,0.0000,0.5000
2026-05-25T21:01:41.225287,9342,0.0000,0.0000,0.0000,0.5000
2026-05-25T21:01:41.325331,9343,0.0000,0.0000,0.0000,0.5000
2026-05-25T21:01:41.427014,9344,0.0000,0.0000,0.0000,0.5000
2026-05-25T21:01:41.525592,9345,0.0000,0.0000,0.0000,0.5000
2026-05-25T21:01:41.625747,9346,0.0000,0.0000,0.0000,0.5000
2026-05-25T21:01:41.726694,9347,0.0000,0.0000,0.0000,0.5000
2026-05-25T21:01:41.826003,9348,0.0000,0.0000,0.0000,0.5000
2026-05-25T21:01:41.926868,9349,0.0000,0.0000,0.0000,0.5000
2026-05-25T21:01:42.026323,9350,0.0000,0.0000,0.0000,0.5000
2026-05-25T21:01:42.126298,9351,0.0000,0.0000,0.0000,0.5000
2026-05-25T21:01:42.226464,9352,0.0000,0.0000,0.0000,0.5000
2026-05-25T21:01:42.326584,9353,0.0000,0.0000,0.0000,0.5000
2026-05-25T21:01:42.565153,9354,0.0000,0.0000,0.0000,0.5000
2026-05-25T21:01:42.665297,9355,0.0000,0.0000,0.0000,0.5000
2026-05-25T21:01:42.765351,9356,0.0000,0.0000,0.0000,0.5000
2026-05-25T21:01:42.867308,9357,0.0000,0.0000,0.0000,0.5000
2026-05-25T21:01:42.967455,9358,0.0000,0.0000,0.0000,0.5000
2026-05-25T21:01:43.067565,9359,0.3000,0.0000,0.0000,0.0000
2026-05-25T21:01:43.167717,9360,0.3000,0.0000,0.0000,0.0000
2026-05-25T21:01:43.267972,9361,0.3000,0.0000,0.0000,0.0000
2026-05-25T21:01:43.368006,9362,0.3000,0.0000,0.0000,0.0000
2026-05-25T21:01:43.469545,9363,0.3000,0.0000,0.0000,0.0000
2026-05-25T21:01:43.568855,9364,0.3000,0.0000,0.0000,0.0000
2026-05-25T21:01:43.699525,9365,0.3000,0.0000,0.0000,0.0000
2026-05-25T21:01:43.815113,9366,0.3000,0.0000,0.0000,0.0000
2026-05-25T21:01:43.915190,9367,0.3000,0.0000,0.0000,0.0000
2026-05-25T21:01:44.015351,9368,0.3000,0.0000,0.0000,0.0000
2026-05-25T21:01:44.115356,9369,0.3000,0.0000,0.0000,0.0000
2026-05-25T21:01:44.215688,9370,0.3000,0.0000,0.0000,0.0000
2026-05-25T21:01:44.315603,9371,0.3000,0.0000,0.0000,0.0000
2026-05-25T21:01:44.415744,9372,0.3000,0.0000,0.0000,0.0000
2026-05-25T21:01:44.515866,9373,0.3000,0.0000,0.0000,0.0000
2026-05-25T21:01:44.616058,9374,0.3000,0.0000,0.0000,0.0000
2026-05-25T21:01:44.716142,9375,0.3000,0.0000,0.0000,0.0000
2026-05-25T21:01:44.816243,9376,0.3000,0.0000,0.0000,0.0000
2026-05-25T21:01:44.916328,9377,0.3000,0.0000,0.0000,0.0000
2026-05-25T21:01:45.016400,9378,0.3000,0.0000,0.0000,0.0000
2026-05-25T21:01:45.245251,9379,0.3000,0.0000,0.0000,0.0000
2026-05-25T21:01:45.345352,9380,0.3000,0.0000,0.0000,0.0000
2026-05-25T21:01:45.445393,9381,0.3000,0.0000,0.0000,0.0000
2026-05-25T21:01:45.545560,9382,0.3000,0.0000,0.0000,0.0000
2026-05-25T21:01:45.647307,9383,0.3000,0.0000,0.0000,0.0000
2026-05-25T21:01:45.747472,9384,0.3000,0.0000,0.0000,0.0000
2026-05-25T21:01:45.847692,9385,0.3000,0.0000,0.0000,0.0000
2026-05-25T21:01:45.947801,9386,0.3000,0.0000,0.0000,0.0000
2026-05-25T21:01:46.047953,9387,0.3000,0.0000,0.0000,0.0000
2026-05-25T21:01:46.255249,9388,0.3000,0.0000,0.0000,0.0000
2026-05-25T21:01:46.356109,9389,0.0000,0.0000,0.0000,-0.5000
2026-05-25T21:01:46.456142,9390,0.0000,0.0000,0.0000,-0.5000
2026-05-25T21:01:46.556308,9391,0.0000,0.0000,0.0000,-0.5000
2026-05-25T21:01:46.656347,9392,0.0000,0.0000,0.0000,-0.5000
2026-05-25T21:01:46.756483,9393,0.0000,0.0000,0.0000,-0.5000
2026-05-25T21:01:46.856586,9394,0.0000,0.0000,0.0000,-0.5000
2026-05-25T21:01:46.956748,9395,0.0000,0.0000,0.0000,-0.5000
2026-05-25T21:01:47.056944,9396,0.0000,0.0000,0.0000,-0.5000
2026-05-25T21:01:47.286278,9397,0.0000,0.0000,0.0000,-0.5000
2026-05-25T21:01:47.386011,9398,0.0000,0.0000,0.0000,-0.5000
2026-05-25T21:01:47.486161,9399,0.0000,0.0000,0.0000,-0.5000
2026-05-25T21:01:47.586286,9400,0.0000,0.0000,0.0000,-0.5000
2026-05-25T21:01:47.686317,9401,0.0000,0.0000,0.0000,-0.5000
2026-05-25T21:01:47.786484,9402,0.0000,0.0000,0.0000,-0.5000
2026-05-25T21:01:47.886573,9403,0.0000,0.0000,0.0000,-0.5000
2026-05-25T21:01:47.986726,9404,0.0000,0.0000,0.0000,-0.5000
2026-05-25T21:01:48.086847,9405,0.0000,0.0000,0.0000,-0.5000
2026-05-25T21:01:48.187042,9406,0.0000,0.0000,0.0000,-0.5000
2026-05-25T21:01:48.287127,9407,0.0000,0.0000,0.0000,-0.5000
2026-05-25T21:01:48.505227,9408,0.0000,0.0000,0.0000,-0.5000
2026-05-25T21:01:48.605268,9409,0.0000,0.0000,0.0000,-0.5000
2026-05-25T21:01:48.705364,9410,0.0000,0.0000,0.0000,-0.5000
2026-05-25T21:01:48.805460,9411,0.0000,0.0000,0.0000,-0.5000
2026-05-25T21:01:48.905608,9412,0.0000,0.0000,0.0000,-0.5000
2026-05-25T21:01:49.005730,9413,0.0000,0.0000,0.0000,-0.5000
2026-05-25T21:01:49.105885,9414,0.0000,0.0000,0.0000,-0.5000
2026-05-25T21:01:49.206073,9415,0.0000,0.0000,0.0000,-0.5000
2026-05-25T21:01:49.306105,9416,0.0000,0.0000,0.0000,-0.5000
2026-05-25T21:01:49.406289,9417,0.0000,0.0000,0.0000,-0.5000
2026-05-25T21:01:49.506582,9418,0.0000,0.0000,0.0000,-0.5000
2026-05-25T21:01:49.725707,9419,-0.2000,0.0000,0.0000,-0.5000
2026-05-25T21:01:49.825313,9420,-0.2000,0.0000,0.0000,-0.5000
2026-05-25T21:01:49.925432,9421,-0.2000,0.0000,0.0000,-0.5000
2026-05-25T21:01:50.025569,9422,-0.2000,0.0000,0.0000,-0.5000
2026-05-25T21:01:50.126106,9423,-0.2000,0.0000,0.0000,-0.5000
2026-05-25T21:01:50.225875,9424,-0.2000,0.0000,0.0000,-0.5000
2026-05-25T21:01:50.326017,9425,-0.2000,0.0000,0.0000,-0.5000
2026-05-25T21:01:50.426173,9426,-0.2000,0.0000,0.0000,-0.5000
2026-05-25T21:01:50.526947,9427,-0.2000,0.0000,0.0000,-0.5000
2026-05-25T21:01:50.629392,9428,-0.2000,0.0000,0.0000,-0.5000
2026-05-25T21:01:50.729426,9429,-0.2000,0.0000,0.0000,-0.5000
2026-05-25T21:01:50.935417,9430,-0.2000,0.0000,0.0000,-0.5000
2026-05-25T21:01:51.035287,9431,-0.2000,0.0000,0.0000,-0.5000
2026-05-25T21:01:51.136547,9432,-0.2000,0.0000,0.0000,-0.5000
2026-05-25T21:01:51.236639,9433,-0.2000,0.0000,0.0000,-0.5000
2026-05-25T21:01:51.337020,9434,-0.2000,0.0000,0.0000,-0.5000
2026-05-25T21:01:51.437187,9435,-0.2000,0.0000,0.0000,-0.5000
2026-05-25T21:01:51.539280,9436,-0.2000,0.0000,0.0000,-0.5000
2026-05-25T21:01:51.639418,9437,-0.2000,0.0000,0.0000,-0.5000
2026-05-25T21:01:51.739599,9438,-0.2000,0.0000,0.0000,-0.5000
2026-05-25T21:01:51.839726,9439,-0.2000,0.0000,0.0000,-0.5000
2026-05-25T21:01:51.940148,9440,-0.2000,0.0000,0.0000,-0.5000
2026-05-25T21:01:52.040345,9441,-0.2000,0.0000,0.0000,-0.5000
2026-05-25T21:01:52.140433,9442,-0.2000,0.0000,0.0000,-0.5000
2026-05-25T21:01:52.355989,9443,-0.2000,0.0000,0.0000,-0.5000
2026-05-25T21:01:52.455265,9444,-0.2000,0.0000,0.0000,-0.5000
2026-05-25T21:01:52.555486,9445,-0.2000,0.0000,0.0000,-0.5000
2026-05-25T21:01:52.655694,9446,-0.2000,0.0000,0.0000,-0.5000
2026-05-25T21:01:52.755673,9447,-0.2000,0.0000,0.0000,-0.5000
2026-05-25T21:01:52.855868,9448,-0.2000,0.0000,0.0000,-0.5000
2026-05-25T21:01:52.955957,9449,0.0000,0.0000,0.0000,0.5000
2026-05-25T21:01:53.056058,9450,0.0000,0.0000,0.0000,0.5000
2026-05-25T21:01:53.156174,9451,0.0000,0.0000,0.0000,0.5000
2026-05-25T21:01:53.261434,9452,0.0000,0.0000,0.0000,0.5000
2026-05-25T21:01:53.361493,9453,0.0000,0.0000,0.0000,0.5000
2026-05-25T21:01:53.461663,9454,0.0000,0.0000,0.0000,0.5000
2026-05-25T21:01:53.561845,9455,0.0000,0.0000,0.0000,0.5000
2026-05-25T21:01:53.661841,9456,0.0000,0.0000,0.0000,0.5000
2026-05-25T21:01:53.762035,9457,0.0000,0.0000,0.0000,0.5000
2026-05-25T21:01:53.975360,9458,0.0000,0.0000,0.0000,0.5000
2026-05-25T21:01:54.075463,9459,0.0000,0.0000,0.0000,0.5000
2026-05-25T21:01:54.175643,9460,0.0000,0.0000,0.0000,0.5000
2026-05-25T21:01:54.276190,9461,0.0000,0.0000,0.0000,0.5000
2026-05-25T21:01:54.375859,9462,0.0000,0.0000,0.0000,0.5000
2026-05-25T21:01:54.475892,9463,0.0000,0.0000,0.0000,0.5000
2026-05-25T21:01:54.576021,9464,0.0000,0.0000,0.0000,0.5000
2026-05-25T21:01:54.676181,9465,0.0000,0.0000,0.0000,0.5000
2026-05-25T21:01:54.777389,9466,0.0000,0.0000,0.0000,0.5000
2026-05-25T21:01:54.985336,9467,0.0000,0.0000,0.0000,0.5000
2026-05-25T21:01:55.085287,9468,0.0000,0.0000,0.0000,0.5000
2026-05-25T21:01:55.185491,9469,0.0000,0.0000,0.0000,0.5000
2026-05-25T21:01:55.285551,9470,0.0000,0.0000,0.0000,0.5000
2026-05-25T21:01:55.385696,9471,0.0000,0.0000,0.0000,0.5000
2026-05-25T21:01:55.485896,9472,0.0000,0.0000,0.0000,0.5000
2026-05-25T21:01:55.586387,9473,0.0000,0.0000,0.0000,0.5000
2026-05-25T21:01:55.686143,9474,0.0000,0.0000,0.0000,0.5000
2026-05-25T21:01:55.786335,9475,0.0000,0.0000,0.0000,0.5000
2026-05-25T21:01:55.886318,9476,0.0000,0.0000,0.0000,0.5000
2026-05-25T21:01:55.986512,9477,0.0000,0.0000,0.0000,0.5000
2026-05-25T21:01:56.205453,9478,0.0000,0.0000,0.0000,0.5000
2026-05-25T21:01:56.305575,9479,0.3000,0.0000,0.0000,0.0000
2026-05-25T21:01:56.405641,9480,0.3000,0.0000,0.0000,0.0000
2026-05-25T21:01:56.505778,9481,0.3000,0.0000,0.0000,0.0000
2026-05-25T21:01:56.605762,9482,0.3000,0.0000,0.0000,0.0000
2026-05-25T21:01:56.705887,9483,0.3000,0.0000,0.0000,0.0000
2026-05-25T21:01:56.806084,9484,0.3000,0.0000,0.0000,0.0000
2026-05-25T21:01:56.906096,9485,0.3000,0.0000,0.0000,0.0000
2026-05-25T21:01:57.006532,9486,0.3000,0.0000,0.0000,0.0000
2026-05-25T21:01:57.215369,9487,0.3000,0.0000,0.0000,0.0000
2026-05-25T21:01:57.316110,9488,0.3000,0.0000,0.0000,0.0000
2026-05-25T21:01:57.416165,9489,0.3000,0.0000,0.0000,0.0000
2026-05-25T21:01:57.516373,9490,0.3000,0.0000,0.0000,0.0000
2026-05-25T21:01:57.616331,9491,0.3000,0.0000,0.0000,0.0000
2026-05-25T21:01:57.716373,9492,0.3000,0.0000,0.0000,0.0000
2026-05-25T21:01:57.816400,9493,0.3000,0.0000,0.0000,0.0000
2026-05-25T21:01:57.916993,9494,0.3000,0.0000,0.0000,0.0000
2026-05-25T21:01:58.016727,9495,0.3000,0.0000,0.0000,0.0000
2026-05-25T21:01:58.116923,9496,0.3000,0.0000,0.0000,0.0000
2026-05-25T21:01:58.218137,9497,0.3000,0.0000,0.0000,0.0000
2026-05-25T21:01:58.318270,9498,0.3000,0.0000,0.0000,0.0000
2026-05-25T21:01:58.419489,9499,0.3000,0.0000,0.0000,0.0000
2026-05-25T21:01:58.589720,9500,0.3000,0.0000,0.0000,0.0000
2026-05-25T21:01:58.689848,9501,0.3000,0.0000,0.0000,0.0000
2026-05-25T21:01:58.789926,9502,0.3000,0.0000,0.0000,0.0000
2026-05-25T21:01:58.890149,9503,0.3000,0.0000,0.0000,0.0000
2026-05-25T21:01:58.990217,9504,0.3000,0.0000,0.0000,0.0000
2026-05-25T21:01:59.090309,9505,0.3000,0.0000,0.0000,0.0000
2026-05-25T21:01:59.190448,9506,0.3000,0.0000,0.0000,0.0000
2026-05-25T21:01:59.290583,9507,0.3000,0.0000,0.0000,0.0000
2026-05-25T21:01:59.390568,9508,0.3000,0.0000,0.0000,0.0000
2026-05-25T21:01:59.645835,9509,0.0000,0.0000,0.0000,-0.5000
2026-05-25T21:01:59.746008,9510,0.0000,0.0000,0.0000,-0.5000
2026-05-25T21:01:59.845979,9511,0.0000,0.0000,0.0000,-0.5000
2026-05-25T21:01:59.946380,9512,0.0000,0.0000,0.0000,-0.5000
2026-05-25T21:02:00.046482,9513,0.0000,0.0000,0.0000,-0.5000
2026-05-25T21:02:00.146790,9514,0.0000,0.0000,0.0000,-0.5000
2026-05-25T21:02:00.246809,9515,0.0000,0.0000,0.0000,-0.5000
2026-05-25T21:02:00.346884,9516,0.0000,0.0000,0.0000,-0.5000
2026-05-25T21:02:00.447138,9517,0.0000,0.0000,0.0000,-0.5000
2026-05-25T21:02:00.655541,9518,0.0000,0.0000,0.0000,-0.5000
2026-05-25T21:02:00.755631,9519,0.0000,0.0000,0.0000,-0.5000
2026-05-25T21:02:00.855678,9520,0.0000,0.0000,0.0000,-0.5000
2026-05-25T21:02:00.955690,9521,0.0000,0.0000,0.0000,-0.5000
2026-05-25T21:02:01.055866,9522,0.0000,0.0000,0.0000,-0.5000
2026-05-25T21:02:01.155920,9523,0.0000,0.0000,0.0000,-0.5000
2026-05-25T21:02:01.256021,9524,0.0000,0.0000,0.0000,-0.5000
2026-05-25T21:02:01.356189,9525,0.0000,0.0000,0.0000,-0.5000
2026-05-25T21:02:01.456083,9526,0.0000,0.0000,0.0000,-0.5000
2026-05-25T21:02:01.665744,9527,0.0000,0.0000,0.0000,-0.5000
2026-05-25T21:02:01.765687,9528,0.0000,0.0000,0.0000,-0.5000
2026-05-25T21:02:01.865844,9529,0.0000,0.0000,0.0000,-0.5000
2026-05-25T21:02:01.966020,9530,0.0000,0.0000,0.0000,-0.5000
2026-05-25T21:02:02.066933,9531,0.0000,0.0000,0.0000,-0.5000
2026-05-25T21:02:02.166261,9532,0.0000,0.0000,0.0000,-0.5000
2026-05-25T21:02:02.266322,9533,0.0000,0.0000,0.0000,-0.5000
2026-05-25T21:02:02.366515,9534,0.0000,0.0000,0.0000,-0.5000
2026-05-25T21:02:02.466598,9535,0.0000,0.0000,0.0000,-0.5000
2026-05-25T21:02:02.566807,9536,0.0000,0.0000,0.0000,-0.5000
2026-05-25T21:02:02.666926,9537,0.0000,0.0000,0.0000,-0.5000
2026-05-25T21:02:02.875525,9538,0.0000,0.0000,0.0000,-0.5000
2026-05-25T21:02:02.975532,9539,-0.2000,0.0000,0.0000,-0.5000
2026-05-25T21:02:03.076323,9540,-0.2000,0.0000,0.0000,-0.5000
2026-05-25T21:02:03.176504,9541,-0.2000,0.0000,0.0000,-0.5000
2026-05-25T21:02:03.276584,9542,-0.2000,0.0000,0.0000,-0.5000
2026-05-25T21:02:03.376761,9543,-0.2000,0.0000,0.0000,-0.5000
2026-05-25T21:02:03.476835,9544,-0.2000,0.0000,0.0000,-0.5000
2026-05-25T21:02:03.576993,9545,-0.2000,0.0000,0.0000,-0.5000
2026-05-25T21:02:03.677557,9546,-0.2000,0.0000,0.0000,-0.5000
2026-05-25T21:02:03.905653,9547,-0.2000,0.0000,0.0000,-0.5000
2026-05-25T21:02:04.005616,9548,-0.2000,0.0000,0.0000,-0.5000
2026-05-25T21:02:04.105795,9549,-0.2000,0.0000,0.0000,-0.5000
2026-05-25T21:02:04.205956,9550,-0.2000,0.0000,0.0000,-0.5000
2026-05-25T21:02:04.306063,9551,-0.2000,0.0000,0.0000,-0.5000
2026-05-25T21:02:04.406189,9552,-0.2000,0.0000,0.0000,-0.5000
2026-05-25T21:02:04.506313,9553,-0.2000,0.0000,0.0000,-0.5000
2026-05-25T21:02:04.606354,9554,-0.2000,0.0000,0.0000,-0.5000
2026-05-25T21:02:04.706472,9555,-0.2000,0.0000,0.0000,-0.5000
2026-05-25T21:02:04.916101,9556,-0.2000,0.0000,0.0000,-0.5000
2026-05-25T21:02:05.016098,9557,-0.2000,0.0000,0.0000,-0.5000
2026-05-25T21:02:05.116198,9558,-0.2000,0.0000,0.0000,-0.5000
2026-05-25T21:02:05.216335,9559,-0.2000,0.0000,0.0000,-0.5000
2026-05-25T21:02:05.316335,9560,-0.2000,0.0000,0.0000,-0.5000
2026-05-25T21:02:05.416446,9561,-0.2000,0.0000,0.0000,-0.5000
2026-05-25T21:02:05.516603,9562,-0.2000,0.0000,0.0000,-0.5000
2026-05-25T21:02:05.616705,9563,-0.2000,0.0000,0.0000,-0.5000
2026-05-25T21:02:05.717049,9564,-0.2000,0.0000,0.0000,-0.5000
2026-05-25T21:02:05.817089,9565,-0.2000,0.0000,0.0000,-0.5000
2026-05-25T21:02:05.917241,9566,-0.2000,0.0000,0.0000,-0.5000
2026-05-25T21:02:06.135559,9567,-0.2000,0.0000,0.0000,-0.5000
2026-05-25T21:02:06.235630,9568,-0.2000,0.0000,0.0000,-0.5000
2026-05-25T21:02:06.335781,9569,0.0000,0.0000,0.0000,0.5000
2026-05-25T21:02:06.435952,9570,0.0000,0.0000,0.0000,0.5000
2026-05-25T21:02:06.536050,9571,0.0000,0.0000,0.0000,0.5000
2026-05-25T21:02:06.636177,9572,0.0000,0.0000,0.0000,0.5000
2026-05-25T21:02:06.736267,9573,0.0000,0.0000,0.0000,0.5000
2026-05-25T21:02:06.836425,9574,0.0000,0.0000,0.0000,0.5000
2026-05-25T21:02:06.936569,9575,0.0000,0.0000,0.0000,0.5000
2026-05-25T21:02:07.036650,9576,0.0000,0.0000,0.0000,0.5000
2026-05-25T21:02:07.138027,9577,0.0000,0.0000,0.0000,0.5000
2026-05-25T21:02:07.238163,9578,0.0000,0.0000,0.0000,0.5000
2026-05-25T21:02:07.338282,9579,0.0000,0.0000,0.0000,0.5000
2026-05-25T21:02:07.626476,9580,0.0000,0.0000,0.0000,0.5000
2026-05-25T21:02:07.726561,9581,0.0000,0.0000,0.0000,0.5000
2026-05-25T21:02:07.827326,9582,0.0000,0.0000,0.0000,0.5000
2026-05-25T21:02:07.927345,9583,0.0000,0.0000,0.0000,0.5000
2026-05-25T21:02:08.027502,9584,0.0000,0.0000,0.0000,0.5000
2026-05-25T21:02:08.127570,9585,0.0000,0.0000,0.0000,0.5000
2026-05-25T21:02:08.227739,9586,0.0000,0.0000,0.0000,0.5000
2026-05-25T21:02:08.328777,9587,0.0000,0.0000,0.0000,0.5000
2026-05-25T21:02:08.427980,9588,0.0000,0.0000,0.0000,0.5000
2026-05-25T21:02:08.685712,9589,0.0000,0.0000,0.0000,0.5000
2026-05-25T21:02:08.785853,9590,0.0000,0.0000,0.0000,0.5000
2026-05-25T21:02:08.886319,9591,0.0000,0.0000,0.0000,0.5000
2026-05-25T21:02:08.986001,9592,0.0000,0.0000,0.0000,0.5000
2026-05-25T21:02:09.086346,9593,0.0000,0.0000,0.0000,0.5000
2026-05-25T21:02:09.186234,9594,0.0000,0.0000,0.0000,0.5000
2026-05-25T21:02:09.286189,9595,0.0000,0.0000,0.0000,0.5000
2026-05-25T21:02:09.386323,9596,0.0000,0.0000,0.0000,0.5000
2026-05-25T21:02:09.488480,9597,0.0000,0.0000,0.0000,0.5000
2026-05-25T21:02:09.588591,9598,0.0000,0.0000,0.0000,0.5000
2026-05-25T21:02:09.688703,9599,0.3000,0.0000,0.0000,0.0000
2026-05-25T21:02:09.788739,9600,0.3000,0.0000,0.0000,0.0000
2026-05-25T21:02:09.888920,9601,0.3000,0.0000,0.0000,0.0000
2026-05-25T21:02:10.065658,9602,0.3000,0.0000,0.0000,0.0000
2026-05-25T21:02:10.165829,9603,0.3000,0.0000,0.0000,0.0000
2026-05-25T21:02:10.266015,9604,0.3000,0.0000,0.0000,0.0000
2026-05-25T21:02:10.366467,9605,0.3000,0.0000,0.0000,0.0000
2026-05-25T21:02:10.466230,9606,0.3000,0.0000,0.0000,0.0000
2026-05-25T21:02:10.566325,9607,0.3000,0.0000,0.0000,0.0000
2026-05-25T21:02:10.667326,9608,0.3000,0.0000,0.0000,0.0000
2026-05-25T21:02:10.767472,9609,0.3000,0.0000,0.0000,0.0000
2026-05-25T21:02:10.868352,9610,0.3000,0.0000,0.0000,0.0000
2026-05-25T21:02:11.135822,9611,0.3000,0.0000,0.0000,0.0000
2026-05-25T21:02:11.235942,9612,0.3000,0.0000,0.0000,0.0000
2026-05-25T21:02:11.336024,9613,0.3000,0.0000,0.0000,0.0000
2026-05-25T21:02:11.436213,9614,0.3000,0.0000,0.0000,0.0000
2026-05-25T21:02:11.536380,9615,0.3000,0.0000,0.0000,0.0000
2026-05-25T21:02:11.636447,9616,0.3000,0.0000,0.0000,0.0000
2026-05-25T21:02:11.736610,9617,0.3000,0.0000,0.0000,0.0000
2026-05-25T21:02:11.836744,9618,0.3000,0.0000,0.0000,0.0000
2026-05-25T21:02:11.936827,9619,0.3000,0.0000,0.0000,0.0000
2026-05-25T21:02:12.037026,9620,0.3000,0.0000,0.0000,0.0000
2026-05-25T21:02:12.137097,9621,0.3000,0.0000,0.0000,0.0000
2026-05-25T21:02:12.355642,9622,0.3000,0.0000,0.0000,0.0000
2026-05-25T21:02:12.455781,9623,0.3000,0.0000,0.0000,0.0000
2026-05-25T21:02:12.555947,9624,0.3000,0.0000,0.0000,0.0000
2026-05-25T21:02:12.656141,9625,0.3000,0.0000,0.0000,0.0000
2026-05-25T21:02:12.756194,9626,0.3000,0.0000,0.0000,0.0000
2026-05-25T21:02:12.856609,9627,0.3000,0.0000,0.0000,0.0000
2026-05-25T21:02:12.956668,9628,0.3000,0.0000,0.0000,0.0000
2026-05-25T21:02:13.056826,9629,0.0000,0.0000,0.0000,-0.5000
2026-05-25T21:02:13.156974,9630,0.0000,0.0000,0.0000,-0.5000
2026-05-25T21:02:13.365728,9631,0.0000,0.0000,0.0000,-0.5000
2026-05-25T21:02:13.466691,9632,0.0000,0.0000,0.0000,-0.5000
2026-05-25T21:02:13.568476,9633,0.0000,0.0000,0.0000,-0.5000
2026-05-25T21:02:13.668585,9634,0.0000,0.0000,0.0000,-0.5000
2026-05-25T21:02:13.769392,9635,0.0000,0.0000,0.0000,-0.5000
2026-05-25T21:02:13.869483,9636,0.0000,0.0000,0.0000,-0.5000
2026-05-25T21:02:13.969639,9637,0.0000,0.0000,0.0000,-0.5000
2026-05-25T21:02:14.069789,9638,0.0000,0.0000,0.0000,-0.5000
2026-05-25T21:02:14.169914,9639,0.0000,0.0000,0.0000,-0.5000
2026-05-25T21:02:14.270240,9640,0.0000,0.0000,0.0000,-0.5000
2026-05-25T21:02:14.371289,9641,0.0000,0.0000,0.0000,-0.5000
2026-05-25T21:02:14.472007,9642,0.0000,0.0000,0.0000,-0.5000
2026-05-25T21:02:14.571562,9643,0.0000,0.0000,0.0000,-0.5000
2026-05-25T21:02:14.685877,9644,0.0000,0.0000,0.0000,-0.5000
2026-05-25T21:02:14.859374,9645,0.0000,0.0000,0.0000,-0.5000
2026-05-25T21:02:14.957018,9646,0.0000,0.0000,0.0000,-0.5000
2026-05-25T21:02:15.057216,9647,0.0000,0.0000,0.0000,-0.5000
2026-05-25T21:02:15.157234,9648,0.0000,0.0000,0.0000,-0.5000
2026-05-25T21:02:15.257386,9649,0.0000,0.0000,0.0000,-0.5000
2026-05-25T21:02:15.357547,9650,0.0000,0.0000,0.0000,-0.5000
2026-05-25T21:02:15.457751,9651,0.0000,0.0000,0.0000,-0.5000
2026-05-25T21:02:15.557757,9652,0.0000,0.0000,0.0000,-0.5000
2026-05-25T21:02:15.658072,9653,0.0000,0.0000,0.0000,-0.5000
2026-05-25T21:02:15.758073,9654,0.0000,0.0000,0.0000,-0.5000
2026-05-25T21:02:15.858196,9655,0.0000,0.0000,0.0000,-0.5000
2026-05-25T21:02:15.958268,9656,0.0000,0.0000,0.0000,-0.5000
2026-05-25T21:02:16.058441,9657,0.0000,0.0000,0.0000,-0.5000
2026-05-25T21:02:16.158456,9658,0.0000,0.0000,0.0000,-0.5000
2026-05-25T21:02:16.258658,9659,-0.2000,0.0000,0.0000,-0.5000
2026-05-25T21:02:16.359738,9660,-0.2000,0.0000,0.0000,-0.5000
2026-05-25T21:02:16.459840,9661,-0.2000,0.0000,0.0000,-0.5000
2026-05-25T21:02:16.675832,9662,-0.2000,0.0000,0.0000,-0.5000
2026-05-25T21:02:16.775905,9663,-0.2000,0.0000,0.0000,-0.5000
2026-05-25T21:02:16.876086,9664,-0.2000,0.0000,0.0000,-0.5000
2026-05-25T21:02:16.976156,9665,-0.2000,0.0000,0.0000,-0.5000
2026-05-25T21:02:17.076315,9666,-0.2000,0.0000,0.0000,-0.5000
2026-05-25T21:02:17.176299,9667,-0.2000,0.0000,0.0000,-0.5000
2026-05-25T21:02:17.276472,9668,-0.2000,0.0000,0.0000,-0.5000
2026-05-25T21:02:17.376618,9669,-0.2000,0.0000,0.0000,-0.5000
2026-05-25T21:02:17.477190,9670,-0.2000,0.0000,0.0000,-0.5000
2026-05-25T21:02:17.686453,9671,-0.2000,0.0000,0.0000,-0.5000
2026-05-25T21:02:17.786078,9672,-0.2000,0.0000,0.0000,-0.5000
2026-05-25T21:02:17.886428,9673,-0.2000,0.0000,0.0000,-0.5000
2026-05-25T21:02:17.987267,9674,-0.2000,0.0000,0.0000,-0.5000
2026-05-25T21:02:18.087409,9675,-0.2000,0.0000,0.0000,-0.5000
2026-05-25T21:02:18.187616,9676,-0.2000,0.0000,0.0000,-0.5000
2026-05-25T21:02:18.287617,9677,-0.2000,0.0000,0.0000,-0.5000
2026-05-25T21:02:18.387870,9678,-0.2000,0.0000,0.0000,-0.5000
2026-05-25T21:02:18.487939,9679,-0.2000,0.0000,0.0000,-0.5000
2026-05-25T21:02:18.588113,9680,-0.2000,0.0000,0.0000,-0.5000
2026-05-25T21:02:18.688247,9681,-0.2000,0.0000,0.0000,-0.5000
2026-05-25T21:02:18.905853,9682,-0.2000,0.0000,0.0000,-0.5000
2026-05-25T21:02:19.005925,9683,-0.2000,0.0000,0.0000,-0.5000
2026-05-25T21:02:19.107496,9684,-0.2000,0.0000,0.0000,-0.5000
2026-05-25T21:02:19.207688,9685,-0.2000,0.0000,0.0000,-0.5000
2026-05-25T21:02:19.307824,9686,-0.2000,0.0000,0.0000,-0.5000
2026-05-25T21:02:19.407934,9687,-0.2000,0.0000,0.0000,-0.5000
2026-05-25T21:02:19.508134,9688,-0.2000,0.0000,0.0000,-0.5000
2026-05-25T21:02:19.608384,9689,0.0000,0.0000,0.0000,0.5000
2026-05-25T21:02:19.708264,9690,0.0000,0.0000,0.0000,0.5000
2026-05-25T21:02:19.808473,9691,0.0000,0.0000,0.0000,0.5000
2026-05-25T21:02:19.908510,9692,0.0000,0.0000,0.0000,0.5000
2026-05-25T21:02:20.008678,9693,0.0000,0.0000,0.0000,0.5000
2026-05-25T21:02:20.108894,9694,0.0000,0.0000,0.0000,0.5000
2026-05-25T21:02:20.209205,9695,0.0000,0.0000,0.0000,0.5000
2026-05-25T21:02:20.309292,9696,0.0000,0.0000,0.0000,0.5000
2026-05-25T21:02:20.505843,9697,0.0000,0.0000,0.0000,0.5000
2026-05-25T21:02:20.605929,9698,0.0000,0.0000,0.0000,0.5000
2026-05-25T21:02:20.706025,9699,0.0000,0.0000,0.0000,0.5000
2026-05-25T21:02:20.806255,9700,0.0000,0.0000,0.0000,0.5000
2026-05-25T21:02:20.906471,9701,0.0000,0.0000,0.0000,0.5000
2026-05-25T21:02:21.008463,9702,0.0000,0.0000,0.0000,0.5000
2026-05-25T21:02:21.107502,9703,0.0000,0.0000,0.0000,0.5000
2026-05-25T21:02:21.207670,9704,0.0000,0.0000,0.0000,0.5000
2026-05-25T21:02:21.307733,9705,0.0000,0.0000,0.0000,0.5000
2026-05-25T21:02:21.435895,9706,0.0000,0.0000,0.0000,0.5000
2026-05-25T21:02:21.566060,9707,0.0000,0.0000,0.0000,0.5000
2026-05-25T21:02:21.668437,9708,0.0000,0.0000,0.0000,0.5000
2026-05-25T21:02:21.768518,9709,0.0000,0.0000,0.0000,0.5000
2026-05-25T21:02:21.869386,9710,0.0000,0.0000,0.0000,0.5000
2026-05-25T21:02:21.969495,9711,0.0000,0.0000,0.0000,0.5000
2026-05-25T21:02:22.069565,9712,0.0000,0.0000,0.0000,0.5000
2026-05-25T21:02:22.169781,9713,0.0000,0.0000,0.0000,0.5000
2026-05-25T21:02:22.269895,9714,0.0000,0.0000,0.0000,0.5000
2026-05-25T21:02:22.370064,9715,0.0000,0.0000,0.0000,0.5000
2026-05-25T21:02:22.470160,9716,0.0000,0.0000,0.0000,0.5000
2026-05-25T21:02:22.570249,9717,0.0000,0.0000,0.0000,0.5000
2026-05-25T21:02:22.786271,9718,0.0000,0.0000,0.0000,0.5000
2026-05-25T21:02:22.886511,9719,0.3000,0.0000,0.0000,0.0000
2026-05-25T21:02:22.986553,9720,0.3000,0.0000,0.0000,0.0000
2026-05-25T21:02:23.086659,9721,0.3000,0.0000,0.0000,0.0000
2026-05-25T21:02:23.186825,9722,0.3000,0.0000,0.0000,0.0000
2026-05-25T21:02:23.286953,9723,0.3000,0.0000,0.0000,0.0000
2026-05-25T21:02:23.387103,9724,0.3000,0.0000,0.0000,0.0000
2026-05-25T21:02:23.487216,9725,0.3000,0.0000,0.0000,0.0000
2026-05-25T21:02:23.587318,9726,0.3000,0.0000,0.0000,0.0000
2026-05-25T21:02:23.687354,9727,0.3000,0.0000,0.0000,0.0000
2026-05-25T21:02:23.787547,9728,0.3000,0.0000,0.0000,0.0000
2026-05-25T21:02:24.019414,9729,0.3000,0.0000,0.0000,0.0000
2026-05-25T21:02:24.119499,9730,0.3000,0.0000,0.0000,0.0000
2026-05-25T21:02:24.219655,9731,0.3000,0.0000,0.0000,0.0000
2026-05-25T21:02:24.320963,9732,0.3000,0.0000,0.0000,0.0000
2026-05-25T21:02:24.421391,9733,0.3000,0.0000,0.0000,0.0000
2026-05-25T21:02:24.521438,9734,0.3000,0.0000,0.0000,0.0000
2026-05-25T21:02:24.621495,9735,0.3000,0.0000,0.0000,0.0000
2026-05-25T21:02:24.721723,9736,0.3000,0.0000,0.0000,0.0000
2026-05-25T21:02:24.821789,9737,0.3000,0.0000,0.0000,0.0000
2026-05-25T21:02:24.921885,9738,0.3000,0.0000,0.0000,0.0000
2026-05-25T21:02:25.022049,9739,0.3000,0.0000,0.0000,0.0000
2026-05-25T21:02:25.122371,9740,0.3000,0.0000,0.0000,0.0000
2026-05-25T21:02:25.222489,9741,0.3000,0.0000,0.0000,0.0000
2026-05-25T21:02:25.466257,9742,0.3000,0.0000,0.0000,0.0000
2026-05-25T21:02:25.566236,9743,0.3000,0.0000,0.0000,0.0000
2026-05-25T21:02:25.666579,9744,0.3000,0.0000,0.0000,0.0000
2026-05-25T21:02:25.766421,9745,0.3000,0.0000,0.0000,0.0000
2026-05-25T21:02:25.866830,9746,0.3000,0.0000,0.0000,0.0000
2026-05-25T21:02:25.966949,9747,0.3000,0.0000,0.0000,0.0000
2026-05-25T21:02:26.067075,9748,0.3000,0.0000,0.0000,0.0000
2026-05-25T21:02:26.167197,9749,0.0000,0.0000,0.0000,-0.5000
2026-05-25T21:02:26.269076,9750,0.0000,0.0000,0.0000,-0.5000
2026-05-25T21:02:26.367430,9751,0.0000,0.0000,0.0000,-0.5000
2026-05-25T21:02:26.467530,9752,0.0000,0.0000,0.0000,-0.5000
2026-05-25T21:02:26.686010,9753,0.0000,0.0000,0.0000,-0.5000
2026-05-25T21:02:26.786127,9754,0.0000,0.0000,0.0000,-0.5000
2026-05-25T21:02:26.886214,9755,0.0000,0.0000,0.0000,-0.5000
2026-05-25T21:02:26.986313,9756,0.0000,0.0000,0.0000,-0.5000
2026-05-25T21:02:27.086515,9757,0.0000,0.0000,0.0000,-0.5000
2026-05-25T21:02:27.186726,9758,0.0000,0.0000,0.0000,-0.5000
2026-05-25T21:02:27.286716,9759,0.0000,0.0000,0.0000,-0.5000
2026-05-25T21:02:27.387101,9760,0.0000,0.0000,0.0000,-0.5000
2026-05-25T21:02:27.487015,9761,0.0000,0.0000,0.0000,-0.5000
2026-05-25T21:02:27.696061,9762,0.0000,0.0000,0.0000,-0.5000
2026-05-25T21:02:27.795998,9763,0.0000,0.0000,0.0000,-0.5000
2026-05-25T21:02:27.896177,9764,0.0000,0.0000,0.0000,-0.5000
2026-05-25T21:02:27.996583,9765,0.0000,0.0000,0.0000,-0.5000
2026-05-25T21:02:28.096907,9766,0.0000,0.0000,0.0000,-0.5000
2026-05-25T21:02:28.197023,9767,0.0000,0.0000,0.0000,-0.5000
2026-05-25T21:02:28.297105,9768,0.0000,0.0000,0.0000,-0.5000
2026-05-25T21:02:28.397212,9769,0.0000,0.0000,0.0000,-0.5000
2026-05-25T21:02:28.497349,9770,0.0000,0.0000,0.0000,-0.5000
2026-05-25T21:02:28.597736,9771,0.0000,0.0000,0.0000,-0.5000
2026-05-25T21:02:28.700538,9772,0.0000,0.0000,0.0000,-0.5000
2026-05-25T21:02:28.829893,9773,0.0000,0.0000,0.0000,-0.5000
2026-05-25T21:02:28.929968,9774,0.0000,0.0000,0.0000,-0.5000
2026-05-25T21:02:29.030060,9775,0.0000,0.0000,0.0000,-0.5000
2026-05-25T21:02:29.130284,9776,0.0000,0.0000,0.0000,-0.5000
2026-05-25T21:02:29.230289,9777,0.0000,0.0000,0.0000,-0.5000
2026-05-25T21:02:29.330383,9778,0.0000,0.0000,0.0000,-0.5000
2026-05-25T21:02:29.576263,9779,-0.2000,0.0000,0.0000,-0.5000
2026-05-25T21:02:29.676505,9780,-0.2000,0.0000,0.0000,-0.5000
2026-05-25T21:02:29.776612,9781,-0.2000,0.0000,0.0000,-0.5000
2026-05-25T21:02:29.876902,9782,-0.2000,0.0000,0.0000,-0.5000
2026-05-25T21:02:29.976941,9783,-0.2000,0.0000,0.0000,-0.5000
2026-05-25T21:02:30.077012,9784,-0.2000,0.0000,0.0000,-0.5000
2026-05-25T21:02:30.177171,9785,-0.2000,0.0000,0.0000,-0.5000
2026-05-25T21:02:30.277292,9786,-0.2000,0.0000,0.0000,-0.5000
2026-05-25T21:02:30.377335,9787,-0.2000,0.0000,0.0000,-0.5000
2026-05-25T21:02:30.590326,9788,-0.2000,0.0000,0.0000,-0.5000
2026-05-25T21:02:30.690480,9789,-0.2000,0.0000,0.0000,-0.5000
2026-05-25T21:02:30.790504,9790,-0.2000,0.0000,0.0000,-0.5000
2026-05-25T21:02:30.890782,9791,-0.2000,0.0000,0.0000,-0.5000
2026-05-25T21:02:30.993315,9792,-0.2000,0.0000,0.0000,-0.5000
2026-05-25T21:02:31.093431,9793,-0.2000,0.0000,0.0000,-0.5000
2026-05-25T21:02:31.193583,9794,-0.2000,0.0000,0.0000,-0.5000
2026-05-25T21:02:31.293689,9795,-0.2000,0.0000,0.0000,-0.5000
2026-05-25T21:02:31.393839,9796,-0.2000,0.0000,0.0000,-0.5000
2026-05-25T21:02:31.494056,9797,-0.2000,0.0000,0.0000,-0.5000
2026-05-25T21:02:31.594146,9798,-0.2000,0.0000,0.0000,-0.5000
2026-05-25T21:02:31.806135,9799,-0.2000,0.0000,0.0000,-0.5000
2026-05-25T21:02:31.906278,9800,-0.2000,0.0000,0.0000,-0.5000
2026-05-25T21:02:32.008950,9801,-0.2000,0.0000,0.0000,-0.5000
2026-05-25T21:02:32.106522,9802,-0.2000,0.0000,0.0000,-0.5000
2026-05-25T21:02:32.206660,9803,-0.2000,0.0000,0.0000,-0.5000
2026-05-25T21:02:32.306821,9804,-0.2000,0.0000,0.0000,-0.5000
2026-05-25T21:02:32.406952,9805,-0.2000,0.0000,0.0000,-0.5000
2026-05-25T21:02:32.507092,9806,-0.2000,0.0000,0.0000,-0.5000
2026-05-25T21:02:32.607206,9807,-0.2000,0.0000,0.0000,-0.5000
2026-05-25T21:02:32.816203,9808,-0.2000,0.0000,0.0000,-0.5000
2026-05-25T21:02:32.916315,9809,0.0000,0.0000,0.0000,0.5000
2026-05-25T21:02:33.016371,9810,0.0000,0.0000,0.0000,0.5000
2026-05-25T21:02:33.116818,9811,0.0000,0.0000,0.0000,0.5000
2026-05-25T21:02:33.216945,9812,0.0000,0.0000,0.0000,0.5000
2026-05-25T21:02:33.317103,9813,0.0000,0.0000,0.0000,0.5000
2026-05-25T21:02:33.417374,9814,0.0000,0.0000,0.0000,0.5000
2026-05-25T21:02:33.517518,9815,0.0000,0.0000,0.0000,0.5000
2026-05-25T21:02:33.617650,9816,0.0000,0.0000,0.0000,0.5000
2026-05-25T21:02:33.717777,9817,0.0000,0.0000,0.0000,0.5000
2026-05-25T21:02:33.817909,9818,0.0000,0.0000,0.0000,0.5000
2026-05-25T21:02:34.036145,9819,0.0000,0.0000,0.0000,0.5000
2026-05-25T21:02:34.136204,9820,0.0000,0.0000,0.0000,0.5000
2026-05-25T21:02:34.236593,9821,0.0000,0.0000,0.0000,0.5000
2026-05-25T21:02:34.336491,9822,0.0000,0.0000,0.0000,0.5000
2026-05-25T21:02:34.436615,9823,0.0000,0.0000,0.0000,0.5000
2026-05-25T21:02:34.536726,9824,0.0000,0.0000,0.0000,0.5000
2026-05-25T21:02:34.636872,9825,0.0000,0.0000,0.0000,0.5000
2026-05-25T21:02:34.737369,9826,0.0000,0.0000,0.0000,0.5000
2026-05-25T21:02:34.837500,9827,0.0000,0.0000,0.0000,0.5000
2026-05-25T21:02:35.066198,9828,0.0000,0.0000,0.0000,0.5000
2026-05-25T21:02:35.166293,9829,0.0000,0.0000,0.0000,0.5000
2026-05-25T21:02:35.267533,9830,0.0000,0.0000,0.0000,0.5000
2026-05-25T21:02:35.366499,9831,0.0000,0.0000,0.0000,0.5000
2026-05-25T21:02:35.466600,9832,0.0000,0.0000,0.0000,0.5000
2026-05-25T21:02:35.566717,9833,0.0000,0.0000,0.0000,0.5000
2026-05-25T21:02:35.666854,9834,0.0000,0.0000,0.0000,0.5000
2026-05-25T21:02:35.766986,9835,0.0000,0.0000,0.0000,0.5000
2026-05-25T21:02:35.867124,9836,0.0000,0.0000,0.0000,0.5000
2026-05-25T21:02:36.096662,9837,0.0000,0.0000,0.0000,0.5000
2026-05-25T21:02:36.196386,9838,0.0000,0.0000,0.0000,0.5000
2026-05-25T21:02:36.296489,9839,0.3000,0.0000,0.0000,0.0000
2026-05-25T21:02:36.396624,9840,0.3000,0.0000,0.0000,0.0000
2026-05-25T21:02:36.497060,9841,0.3000,0.0000,0.0000,0.0000
2026-05-25T21:02:36.597423,9842,0.3000,0.0000,0.0000,0.0000
2026-05-25T21:02:36.697364,9843,0.3000,0.0000,0.0000,0.0000
2026-05-25T21:02:36.797546,9844,0.3000,0.0000,0.0000,0.0000
2026-05-25T21:02:36.897673,9845,0.3000,0.0000,0.0000,0.0000
2026-05-25T21:02:36.997734,9846,0.3000,0.0000,0.0000,0.0000
2026-05-25T21:02:37.097915,9847,0.3000,0.0000,0.0000,0.0000
2026-05-25T21:02:37.302755,9848,0.3000,0.0000,0.0000,0.0000
2026-05-25T21:02:37.402493,9849,0.3000,0.0000,0.0000,0.0000
2026-05-25T21:02:37.502620,9850,0.3000,0.0000,0.0000,0.0000
2026-05-25T21:02:37.604151,9851,0.3000,0.0000,0.0000,0.0000
2026-05-25T21:02:37.704230,9852,0.3000,0.0000,0.0000,0.0000
2026-05-25T21:02:37.808361,9853,0.3000,0.0000,0.0000,0.0000
2026-05-25T21:02:37.910086,9854,0.3000,0.0000,0.0000,0.0000
2026-05-25T21:02:38.008585,9855,0.3000,0.0000,0.0000,0.0000
2026-05-25T21:02:38.108706,9856,0.3000,0.0000,0.0000,0.0000
2026-05-25T21:02:38.316556,9857,0.3000,0.0000,0.0000,0.0000
2026-05-25T21:02:38.416343,9858,0.3000,0.0000,0.0000,0.0000
2026-05-25T21:02:38.516485,9859,0.3000,0.0000,0.0000,0.0000
2026-05-25T21:02:38.616597,9860,0.3000,0.0000,0.0000,0.0000
2026-05-25T21:02:38.716706,9861,0.3000,0.0000,0.0000,0.0000
2026-05-25T21:02:38.816865,9862,0.3000,0.0000,0.0000,0.0000
2026-05-25T21:02:38.916967,9863,0.3000,0.0000,0.0000,0.0000
2026-05-25T21:02:39.017097,9864,0.3000,0.0000,0.0000,0.0000
2026-05-25T21:02:39.117224,9865,0.3000,0.0000,0.0000,0.0000
2026-05-25T21:02:39.326175,9866,0.3000,0.0000,0.0000,0.0000
2026-05-25T21:02:39.426285,9867,0.3000,0.0000,0.0000,0.0000
2026-05-25T21:02:39.526351,9868,0.3000,0.0000,0.0000,0.0000
2026-05-25T21:02:39.626456,9869,0.0000,0.0000,0.0000,-0.5000
2026-05-25T21:02:39.726558,9870,0.0000,0.0000,0.0000,-0.5000
2026-05-25T21:02:39.826714,9871,0.0000,0.0000,0.0000,-0.5000
2026-05-25T21:02:39.926852,9872,0.0000,0.0000,0.0000,-0.5000
2026-05-25T21:02:40.026965,9873,0.0000,0.0000,0.0000,-0.5000
2026-05-25T21:02:40.127122,9874,0.0000,0.0000,0.0000,-0.5000
2026-05-25T21:02:40.227224,9875,0.0000,0.0000,0.0000,-0.5000
2026-05-25T21:02:40.327304,9876,0.0000,0.0000,0.0000,-0.5000
2026-05-25T21:02:40.427717,9877,0.0000,0.0000,0.0000,-0.5000
2026-05-25T21:02:40.527586,9878,0.0000,0.0000,0.0000,-0.5000
2026-05-25T21:02:40.627739,9879,0.0000,0.0000,0.0000,-0.5000
2026-05-25T21:02:40.727827,9880,0.0000,0.0000,0.0000,-0.5000
2026-05-25T21:02:40.956378,9881,0.0000,0.0000,0.0000,-0.5000
2026-05-25T21:02:41.056471,9882,0.0000,0.0000,0.0000,-0.5000
2026-05-25T21:02:41.156594,9883,0.0000,0.0000,0.0000,-0.5000
2026-05-25T21:02:41.256731,9884,0.0000,0.0000,0.0000,-0.5000
2026-05-25T21:02:41.356848,9885,0.0000,0.0000,0.0000,-0.5000
2026-05-25T21:02:41.456985,9886,0.0000,0.0000,0.0000,-0.5000
2026-05-25T21:02:41.557094,9887,0.0000,0.0000,0.0000,-0.5000
2026-05-25T21:02:41.657262,9888,0.0000,0.0000,0.0000,-0.5000
2026-05-25T21:02:41.759296,9889,0.0000,0.0000,0.0000,-0.5000
2026-05-25T21:02:41.900323,9890,0.0000,0.0000,0.0000,-0.5000
2026-05-25T21:02:42.000420,9891,0.0000,0.0000,0.0000,-0.5000
2026-05-25T21:02:42.100416,9892,0.0000,0.0000,0.0000,-0.5000
2026-05-25T21:02:42.200462,9893,0.0000,0.0000,0.0000,-0.5000
2026-05-25T21:02:42.300565,9894,0.0000,0.0000,0.0000,-0.5000
2026-05-25T21:02:42.400642,9895,0.0000,0.0000,0.0000,-0.5000
2026-05-25T21:02:42.500648,9896,0.0000,0.0000,0.0000,-0.5000
2026-05-25T21:02:42.716328,9897,0.0000,0.0000,0.0000,-0.5000
2026-05-25T21:02:42.816310,9898,0.0000,0.0000,0.0000,-0.5000
2026-05-25T21:02:42.916402,9899,-0.2000,0.0000,0.0000,-0.5000
2026-05-25T21:02:43.016564,9900,-0.2000,0.0000,0.0000,-0.5000
2026-05-25T21:02:43.116669,9901,-0.2000,0.0000,0.0000,-0.5000
2026-05-25T21:02:43.216837,9902,-0.2000,0.0000,0.0000,-0.5000
2026-05-25T21:02:43.316966,9903,-0.2000,0.0000,0.0000,-0.5000
2026-05-25T21:02:43.417717,9904,-0.2000,0.0000,0.0000,-0.5000
2026-05-25T21:02:43.517866,9905,-0.2000,0.0000,0.0000,-0.5000
2026-05-25T21:02:43.796450,9906,-0.2000,0.0000,0.0000,-0.5000
2026-05-25T21:02:43.896560,9907,-0.2000,0.0000,0.0000,-0.5000
2026-05-25T21:02:43.996680,9908,-0.2000,0.0000,0.0000,-0.5000
2026-05-25T21:02:44.096888,9909,-0.2000,0.0000,0.0000,-0.5000
2026-05-25T21:02:44.196895,9910,-0.2000,0.0000,0.0000,-0.5000
2026-05-25T21:02:44.296973,9911,-0.2000,0.0000,0.0000,-0.5000
2026-05-25T21:02:44.397012,9912,-0.2000,0.0000,0.0000,-0.5000
2026-05-25T21:02:44.496978,9913,-0.2000,0.0000,0.0000,-0.5000
2026-05-25T21:02:44.597097,9914,-0.2000,0.0000,0.0000,-0.5000
2026-05-25T21:02:44.697199,9915,-0.2000,0.0000,0.0000,-0.5000
2026-05-25T21:02:44.797316,9916,-0.2000,0.0000,0.0000,-0.5000
2026-05-25T21:02:45.016330,9917,-0.2000,0.0000,0.0000,-0.5000
2026-05-25T21:02:45.120068,9918,-0.2000,0.0000,0.0000,-0.5000
2026-05-25T21:02:45.216653,9919,-0.2000,0.0000,0.0000,-0.5000
2026-05-25T21:02:45.316759,9920,-0.2000,0.0000,0.0000,-0.5000
2026-05-25T21:02:45.416899,9921,-0.2000,0.0000,0.0000,-0.5000
2026-05-25T21:02:45.516989,9922,-0.2000,0.0000,0.0000,-0.5000
2026-05-25T21:02:45.617111,9923,-0.2000,0.0000,0.0000,-0.5000
2026-05-25T21:02:45.717267,9924,-0.2000,0.0000,0.0000,-0.5000
2026-05-25T21:02:45.817363,9925,-0.2000,0.0000,0.0000,-0.5000
2026-05-25T21:02:45.917458,9926,-0.2000,0.0000,0.0000,-0.5000
2026-05-25T21:02:46.017508,9927,-0.2000,0.0000,0.0000,-0.5000
2026-05-25T21:02:46.236272,9928,-0.2000,0.0000,0.0000,-0.5000
2026-05-25T21:02:46.336342,9929,0.0000,0.0000,0.0000,0.5000
2026-05-25T21:02:46.436590,9930,0.0000,0.0000,0.0000,0.5000
2026-05-25T21:02:46.536716,9931,0.0000,0.0000,0.0000,0.5000
2026-05-25T21:02:46.637351,9932,0.0000,0.0000,0.0000,0.5000
2026-05-25T21:02:46.737410,9933,0.0000,0.0000,0.0000,0.5000
2026-05-25T21:02:46.837517,9934,0.0000,0.0000,0.0000,0.5000
2026-05-25T21:02:46.937664,9935,0.0000,0.0000,0.0000,0.5000
2026-05-25T21:02:47.037794,9936,0.0000,0.0000,0.0000,0.5000
2026-05-25T21:02:47.137987,9937,0.0000,0.0000,0.0000,0.5000
2026-05-25T21:02:47.238097,9938,0.0000,0.0000,0.0000,0.5000
2026-05-25T21:02:47.338243,9939,0.0000,0.0000,0.0000,0.5000
2026-05-25T21:02:47.438422,9940,0.0000,0.0000,0.0000,0.5000
2026-05-25T21:02:47.726437,9941,0.0000,0.0000,0.0000,0.5000
2026-05-25T21:02:47.826513,9942,0.0000,0.0000,0.0000,0.5000
2026-05-25T21:02:47.929364,9943,0.0000,0.0000,0.0000,0.5000
2026-05-25T21:02:48.029929,9944,0.0000,0.0000,0.0000,0.5000
2026-05-25T21:02:48.129950,9945,0.0000,0.0000,0.0000,0.5000
2026-05-25T21:02:48.230115,9946,0.0000,0.0000,0.0000,0.5000
2026-05-25T21:02:48.330507,9947,0.0000,0.0000,0.0000,0.5000
2026-05-25T21:02:48.430500,9948,0.0000,0.0000,0.0000,0.5000
2026-05-25T21:02:48.530483,9949,0.0000,0.0000,0.0000,0.5000
2026-05-25T21:02:48.746497,9950,0.0000,0.0000,0.0000,0.5000
2026-05-25T21:02:48.846586,9951,0.0000,0.0000,0.0000,0.5000
2026-05-25T21:02:48.946709,9952,0.0000,0.0000,0.0000,0.5000
2026-05-25T21:02:49.046881,9953,0.0000,0.0000,0.0000,0.5000
2026-05-25T21:02:49.146988,9954,0.0000,0.0000,0.0000,0.5000
2026-05-25T21:02:49.247164,9955,0.0000,0.0000,0.0000,0.5000
2026-05-25T21:02:49.347280,9956,0.0000,0.0000,0.0000,0.5000
2026-05-25T21:02:49.447289,9957,0.0000,0.0000,0.0000,0.5000
2026-05-25T21:02:49.547476,9958,0.0000,0.0000,0.0000,0.5000
2026-05-25T21:02:49.647597,9959,0.3000,0.0000,0.0000,0.0000
2026-05-25T21:02:49.747744,9960,0.3000,0.0000,0.0000,0.0000
2026-05-25T21:02:49.966510,9961,0.3000,0.0000,0.0000,0.0000
2026-05-25T21:02:50.066553,9962,0.3000,0.0000,0.0000,0.0000
2026-05-25T21:02:50.166705,9963,0.3000,0.0000,0.0000,0.0000
2026-05-25T21:02:50.266851,9964,0.3000,0.0000,0.0000,0.0000
2026-05-25T21:02:50.366962,9965,0.3000,0.0000,0.0000,0.0000
2026-05-25T21:02:50.467132,9966,0.3000,0.0000,0.0000,0.0000
2026-05-25T21:02:50.567247,9967,0.3000,0.0000,0.0000,0.0000
2026-05-25T21:02:50.667313,9968,0.3000,0.0000,0.0000,0.0000
2026-05-25T21:02:50.767482,9969,0.3000,0.0000,0.0000,0.0000
2026-05-25T21:02:50.867601,9970,0.3000,0.0000,0.0000,0.0000
2026-05-25T21:02:50.967733,9971,0.3000,0.0000,0.0000,0.0000
2026-05-25T21:02:51.067837,9972,0.3000,0.0000,0.0000,0.0000
2026-05-25T21:02:51.168012,9973,0.3000,0.0000,0.0000,0.0000
2026-05-25T21:02:51.268151,9974,0.3000,0.0000,0.0000,0.0000
2026-05-25T21:02:51.368287,9975,0.3000,0.0000,0.0000,0.0000
2026-05-25T21:02:51.596476,9976,0.3000,0.0000,0.0000,0.0000
2026-05-25T21:02:51.696609,9977,0.3000,0.0000,0.0000,0.0000
2026-05-25T21:02:51.796704,9978,0.3000,0.0000,0.0000,0.0000
2026-05-25T21:02:51.896818,9979,0.3000,0.0000,0.0000,0.0000
2026-05-25T21:02:51.996969,9980,0.3000,0.0000,0.0000,0.0000
2026-05-25T21:02:52.097112,9981,0.3000,0.0000,0.0000,0.0000
2026-05-25T21:02:52.197325,9982,0.3000,0.0000,0.0000,0.0000
2026-05-25T21:02:52.298112,9983,0.3000,0.0000,0.0000,0.0000
2026-05-25T21:02:52.397478,9984,0.3000,0.0000,0.0000,0.0000
2026-05-25T21:02:52.616615,9985,0.3000,0.0000,0.0000,0.0000
2026-05-25T21:02:52.716703,9986,0.3000,0.0000,0.0000,0.0000
2026-05-25T21:02:52.818302,9987,0.3000,0.0000,0.0000,0.0000
2026-05-25T21:02:52.918415,9988,0.3000,0.0000,0.0000,0.0000
2026-05-25T21:02:53.018549,9989,0.0000,0.0000,0.0000,-0.5000
2026-05-25T21:02:53.118696,9990,0.0000,0.0000,0.0000,-0.5000
2026-05-25T21:02:53.218828,9991,0.0000,0.0000,0.0000,-0.5000
2026-05-25T21:02:53.319110,9992,0.0000,0.0000,0.0000,-0.5000
2026-05-25T21:02:53.419257,9993,0.0000,0.0000,0.0000,-0.5000
2026-05-25T21:02:53.636364,9994,0.0000,0.0000,0.0000,-0.5000
2026-05-25T21:02:53.736552,9995,0.0000,0.0000,0.0000,-0.5000
2026-05-25T21:02:53.839343,9996,0.0000,0.0000,0.0000,-0.5000
2026-05-25T21:02:53.940127,9997,0.0000,0.0000,0.0000,-0.5000
2026-05-25T21:02:54.039524,9998,0.0000,0.0000,0.0000,-0.5000
2026-05-25T21:02:54.139651,9999,0.0000,0.0000,0.0000,-0.5000
2026-05-25T21:02:54.239889,10000,0.0000,0.0000,0.0000,-0.5000
2026-05-25T21:02:54.339927,10001,0.0000,0.0000,0.0000,-0.5000
2026-05-25T21:02:54.440100,10002,0.0000,0.0000,0.0000,-0.5000
2026-05-25T21:02:54.540215,10003,0.0000,0.0000,0.0000,-0.5000
2026-05-25T21:02:54.640321,10004,0.0000,0.0000,0.0000,-0.5000
2026-05-25T21:02:54.740437,10005,0.0000,0.0000,0.0000,-0.5000
2026-05-25T21:02:54.840575,10006,0.0000,0.0000,0.0000,-0.5000
2026-05-25T21:02:55.075325,10007,0.0000,0.0000,0.0000,-0.5000
2026-05-25T21:02:55.175348,10008,0.0000,0.0000,0.0000,-0.5000
2026-05-25T21:02:55.275492,10009,0.0000,0.0000,0.0000,-0.5000
2026-05-25T21:02:55.375575,10010,0.0000,0.0000,0.0000,-0.5000
2026-05-25T21:02:55.475721,10011,0.0000,0.0000,0.0000,-0.5000
2026-05-25T21:02:55.575847,10012,0.0000,0.0000,0.0000,-0.5000
2026-05-25T21:02:55.675983,10013,0.0000,0.0000,0.0000,-0.5000
2026-05-25T21:02:55.776148,10014,0.0000,0.0000,0.0000,-0.5000
2026-05-25T21:02:55.876242,10015,0.0000,0.0000,0.0000,-0.5000
2026-05-25T21:02:56.086442,10016,0.0000,0.0000,0.0000,-0.5000
2026-05-25T21:02:56.186687,10017,0.0000,0.0000,0.0000,-0.5000
2026-05-25T21:02:56.286858,10018,0.0000,0.0000,0.0000,-0.5000
2026-05-25T21:02:56.386933,10019,-0.2000,0.0000,0.0000,-0.5000
2026-05-25T21:02:56.487058,10020,-0.2000,0.0000,0.0000,-0.5000
2026-05-25T21:02:56.587218,10021,-0.2000,0.0000,0.0000,-0.5000
2026-05-25T21:02:56.687333,10022,-0.2000,0.0000,0.0000,-0.5000
2026-05-25T21:02:56.788637,10023,-0.2000,0.0000,0.0000,-0.5000
2026-05-25T21:02:56.889396,10024,-0.2000,0.0000,0.0000,-0.5000
2026-05-25T21:02:56.989865,10025,-0.2000,0.0000,0.0000,-0.5000
2026-05-25T21:02:57.090010,10026,-0.2000,0.0000,0.0000,-0.5000
2026-05-25T21:02:57.190205,10027,-0.2000,0.0000,0.0000,-0.5000
2026-05-25T21:02:57.290293,10028,-0.2000,0.0000,0.0000,-0.5000
2026-05-25T21:02:57.390426,10029,-0.2000,0.0000,0.0000,-0.5000
2026-05-25T21:02:57.490551,10030,-0.2000,0.0000,0.0000,-0.5000
2026-05-25T21:02:57.706820,10031,-0.2000,0.0000,0.0000,-0.5000
2026-05-25T21:02:57.806870,10032,-0.2000,0.0000,0.0000,-0.5000
2026-05-25T21:02:57.907101,10033,-0.2000,0.0000,0.0000,-0.5000
2026-05-25T21:02:58.007389,10034,-0.2000,0.0000,0.0000,-0.5000
2026-05-25T21:02:58.108390,10035,-0.2000,0.0000,0.0000,-0.5000
2026-05-25T21:02:58.208479,10036,-0.2000,0.0000,0.0000,-0.5000
2026-05-25T21:02:58.308774,10037,-0.2000,0.0000,0.0000,-0.5000
2026-05-25T21:02:58.410324,10038,-0.2000,0.0000,0.0000,-0.5000
2026-05-25T21:02:58.510323,10039,-0.2000,0.0000,0.0000,-0.5000
2026-05-25T21:02:58.610448,10040,-0.2000,0.0000,0.0000,-0.5000
2026-05-25T21:02:58.710574,10041,-0.2000,0.0000,0.0000,-0.5000
2026-05-25T21:02:58.936938,10042,-0.2000,0.0000,0.0000,-0.5000
2026-05-25T21:02:59.037070,10043,-0.2000,0.0000,0.0000,-0.5000
2026-05-25T21:02:59.137206,10044,-0.2000,0.0000,0.0000,-0.5000
2026-05-25T21:02:59.237376,10045,-0.2000,0.0000,0.0000,-0.5000
2026-05-25T21:02:59.337360,10046,-0.2000,0.0000,0.0000,-0.5000
2026-05-25T21:02:59.437495,10047,-0.2000,0.0000,0.0000,-0.5000
2026-05-25T21:02:59.537694,10048,-0.2000,0.0000,0.0000,-0.5000
2026-05-25T21:02:59.637761,10049,0.0000,0.0000,0.0000,0.5000
2026-05-25T21:02:59.737929,10050,0.0000,0.0000,0.0000,0.5000
2026-05-25T21:02:59.947334,10051,0.0000,0.0000,0.0000,0.5000
2026-05-25T21:03:00.047077,10052,0.0000,0.0000,0.0000,0.5000
2026-05-25T21:03:00.147805,10053,0.0000,0.0000,0.0000,0.5000
2026-05-25T21:03:00.248024,10054,0.0000,0.0000,0.0000,0.5000
2026-05-25T21:03:00.348157,10055,0.0000,0.0000,0.0000,0.5000
2026-05-25T21:03:00.448215,10056,0.0000,0.0000,0.0000,0.5000
2026-05-25T21:03:00.549158,10057,0.0000,0.0000,0.0000,0.5000
2026-05-25T21:03:00.649283,10058,0.0000,0.0000,0.0000,0.5000
2026-05-25T21:03:00.749517,10059,0.0000,0.0000,0.0000,0.5000
2026-05-25T21:03:00.849602,10060,0.0000,0.0000,0.0000,0.5000
2026-05-25T21:03:00.949753,10061,0.0000,0.0000,0.0000,0.5000
2026-05-25T21:03:01.176996,10062,0.0000,0.0000,0.0000,0.5000
2026-05-25T21:03:01.277116,10063,0.0000,0.0000,0.0000,0.5000
2026-05-25T21:03:01.377317,10064,0.0000,0.0000,0.0000,0.5000
2026-05-25T21:03:01.477441,10065,0.0000,0.0000,0.0000,0.5000
2026-05-25T21:03:01.577605,10066,0.0000,0.0000,0.0000,0.5000
2026-05-25T21:03:01.677751,10067,0.0000,0.0000,0.0000,0.5000
2026-05-25T21:03:01.777892,10068,0.0000,0.0000,0.0000,0.5000
2026-05-25T21:03:01.878007,10069,0.0000,0.0000,0.0000,0.5000
2026-05-25T21:03:01.978165,10070,0.0000,0.0000,0.0000,0.5000
2026-05-25T21:03:02.078551,10071,0.0000,0.0000,0.0000,0.5000
2026-05-25T21:03:02.178514,10072,0.0000,0.0000,0.0000,0.5000
2026-05-25T21:03:02.278674,10073,0.0000,0.0000,0.0000,0.5000
2026-05-25T21:03:02.378835,10074,0.0000,0.0000,0.0000,0.5000
2026-05-25T21:03:02.636891,10075,0.0000,0.0000,0.0000,0.5000
2026-05-25T21:03:02.736928,10076,0.0000,0.0000,0.0000,0.5000
2026-05-25T21:03:02.837053,10077,0.0000,0.0000,0.0000,0.5000
2026-05-25T21:03:02.938411,10078,0.0000,0.0000,0.0000,0.5000
2026-05-25T21:03:03.038815,10079,0.3000,0.0000,0.0000,0.0000
2026-05-25T21:03:03.138677,10080,0.3000,0.0000,0.0000,0.0000
2026-05-25T21:03:03.238800,10081,0.3000,0.0000,0.0000,0.0000
2026-05-25T21:03:03.338938,10082,0.3000,0.0000,0.0000,0.0000
2026-05-25T21:03:03.439515,10083,0.3000,0.0000,0.0000,0.0000
2026-05-25T21:03:03.539909,10084,0.3000,0.0000,0.0000,0.0000
2026-05-25T21:03:03.640426,10085,0.3000,0.0000,0.0000,0.0000
2026-05-25T21:03:03.740499,10086,0.3000,0.0000,0.0000,0.0000
2026-05-25T21:03:04.016887,10087,0.3000,0.0000,0.0000,0.0000
2026-05-25T21:03:04.117108,10088,0.3000,0.0000,0.0000,0.0000
2026-05-25T21:03:04.217001,10089,0.3000,0.0000,0.0000,0.0000
2026-05-25T21:03:04.317117,10090,0.3000,0.0000,0.0000,0.0000
2026-05-25T21:03:04.417221,10091,0.3000,0.0000,0.0000,0.0000
2026-05-25T21:03:04.517295,10092,0.3000,0.0000,0.0000,0.0000
2026-05-25T21:03:04.617449,10093,0.3000,0.0000,0.0000,0.0000
2026-05-25T21:03:04.717560,10094,0.3000,0.0000,0.0000,0.0000
2026-05-25T21:03:04.817660,10095,0.3000,0.0000,0.0000,0.0000
2026-05-25T21:03:04.917824,10096,0.3000,0.0000,0.0000,0.0000
2026-05-25T21:03:05.018035,10097,0.3000,0.0000,0.0000,0.0000
2026-05-25T21:03:05.236800,10098,0.3000,0.0000,0.0000,0.0000
2026-05-25T21:03:05.336929,10099,0.3000,0.0000,0.0000,0.0000
2026-05-25T21:03:05.436999,10100,0.3000,0.0000,0.0000,0.0000
2026-05-25T21:03:05.537163,10101,0.3000,0.0000,0.0000,0.0000
2026-05-25T21:03:05.637373,10102,0.3000,0.0000,0.0000,0.0000
2026-05-25T21:03:05.737467,10103,0.3000,0.0000,0.0000,0.0000
2026-05-25T21:03:05.837602,10104,0.3000,0.0000,0.0000,0.0000
2026-05-25T21:03:05.937772,10105,0.3000,0.0000,0.0000,0.0000
2026-05-25T21:03:06.037923,10106,0.3000,0.0000,0.0000,0.0000
2026-05-25T21:03:06.246712,10107,0.3000,0.0000,0.0000,0.0000
2026-05-25T21:03:06.348331,10108,0.3000,0.0000,0.0000,0.0000
2026-05-25T21:03:06.448595,10109,0.0000,0.0000,0.0000,-0.5000
2026-05-25T21:03:06.548579,10110,0.0000,0.0000,0.0000,-0.5000
2026-05-25T21:03:06.648694,10111,0.0000,0.0000,0.0000,-0.5000
2026-05-25T21:03:06.748830,10112,0.0000,0.0000,0.0000,-0.5000
2026-05-25T21:03:06.848941,10113,0.0000,0.0000,0.0000,-0.5000
2026-05-25T21:03:06.949062,10114,0.0000,0.0000,0.0000,-0.5000
2026-05-25T21:03:07.049224,10115,0.0000,0.0000,0.0000,-0.5000
2026-05-25T21:03:07.297264,10116,0.0000,0.0000,0.0000,-0.5000
2026-05-25T21:03:07.397953,10117,0.0000,0.0000,0.0000,-0.5000
2026-05-25T21:03:07.497504,10118,0.0000,0.0000,0.0000,-0.5000
2026-05-25T21:03:07.597971,10119,0.0000,0.0000,0.0000,-0.5000
2026-05-25T21:03:07.698022,10120,0.0000,0.0000,0.0000,-0.5000
2026-05-25T21:03:07.797979,10121,0.0000,0.0000,0.0000,-0.5000
2026-05-25T21:03:07.898064,10122,0.0000,0.0000,0.0000,-0.5000
2026-05-25T21:03:07.998220,10123,0.0000,0.0000,0.0000,-0.5000
2026-05-25T21:03:08.098310,10124,0.0000,0.0000,0.0000,-0.5000
2026-05-25T21:03:08.198465,10125,0.0000,0.0000,0.0000,-0.5000
2026-05-25T21:03:08.298537,10126,0.0000,0.0000,0.0000,-0.5000
2026-05-25T21:03:08.398721,10127,0.0000,0.0000,0.0000,-0.5000
2026-05-25T21:03:08.498869,10128,0.0000,0.0000,0.0000,-0.5000
2026-05-25T21:03:08.717316,10129,0.0000,0.0000,0.0000,-0.5000
2026-05-25T21:03:08.817598,10130,0.0000,0.0000,0.0000,-0.5000
2026-05-25T21:03:08.917617,10131,0.0000,0.0000,0.0000,-0.5000
2026-05-25T21:03:09.017710,10132,0.0000,0.0000,0.0000,-0.5000
2026-05-25T21:03:09.117857,10133,0.0000,0.0000,0.0000,-0.5000
2026-05-25T21:03:09.217984,10134,0.0000,0.0000,0.0000,-0.5000
2026-05-25T21:03:09.318152,10135,0.0000,0.0000,0.0000,-0.5000
2026-05-25T21:03:09.418323,10136,0.0000,0.0000,0.0000,-0.5000
2026-05-25T21:03:09.518450,10137,0.0000,0.0000,0.0000,-0.5000
2026-05-25T21:03:09.737395,10138,0.0000,0.0000,0.0000,-0.5000
2026-05-25T21:03:09.837552,10139,-0.2000,0.0000,0.0000,-0.5000
2026-05-25T21:03:09.937622,10140,-0.2000,0.0000,0.0000,-0.5000
2026-05-25T21:03:10.037965,10141,-0.2000,0.0000,0.0000,-0.5000
2026-05-25T21:03:10.140326,10142,-0.2000,0.0000,0.0000,-0.5000
2026-05-25T21:03:10.240411,10143,-0.2000,0.0000,0.0000,-0.5000
2026-05-25T21:03:10.340526,10144,-0.2000,0.0000,0.0000,-0.5000
2026-05-25T21:03:10.440713,10145,-0.2000,0.0000,0.0000,-0.5000
2026-05-25T21:03:10.540808,10146,-0.2000,0.0000,0.0000,-0.5000
2026-05-25T21:03:10.640982,10147,-0.2000,0.0000,0.0000,-0.5000
2026-05-25T21:03:10.741118,10148,-0.2000,0.0000,0.0000,-0.5000
2026-05-25T21:03:10.996958,10149,-0.2000,0.0000,0.0000,-0.5000
2026-05-25T21:03:11.097037,10150,-0.2000,0.0000,0.0000,-0.5000
2026-05-25T21:03:11.198255,10151,-0.2000,0.0000,0.0000,-0.5000
2026-05-25T21:03:11.298335,10152,-0.2000,0.0000,0.0000,-0.5000
2026-05-25T21:03:11.398486,10153,-0.2000,0.0000,0.0000,-0.5000
2026-05-25T21:03:11.498887,10154,-0.2000,0.0000,0.0000,-0.5000
2026-05-25T21:03:11.600340,10155,-0.2000,0.0000,0.0000,-0.5000
2026-05-25T21:03:11.700496,10156,-0.2000,0.0000,0.0000,-0.5000
2026-05-25T21:03:11.800562,10157,-0.2000,0.0000,0.0000,-0.5000
2026-05-25T21:03:11.901047,10158,-0.2000,0.0000,0.0000,-0.5000
2026-05-25T21:03:12.001147,10159,-0.2000,0.0000,0.0000,-0.5000
2026-05-25T21:03:12.101458,10160,-0.2000,0.0000,0.0000,-0.5000
2026-05-25T21:03:12.399023,10161,-0.2000,0.0000,0.0000,-0.5000
2026-05-25T21:03:12.499079,10162,-0.2000,0.0000,0.0000,-0.5000
2026-05-25T21:03:12.599809,10163,-0.2000,0.0000,0.0000,-0.5000
2026-05-25T21:03:12.699953,10164,-0.2000,0.0000,0.0000,-0.5000
2026-05-25T21:03:12.800067,10165,-0.2000,0.0000,0.0000,-0.5000
2026-05-25T21:03:12.900213,10166,-0.2000,0.0000,0.0000,-0.5000
2026-05-25T21:03:13.000435,10167,-0.2000,0.0000,0.0000,-0.5000
2026-05-25T21:03:13.100267,10168,-0.2000,0.0000,0.0000,-0.5000
2026-05-25T21:03:13.200323,10169,0.0000,0.0000,0.0000,0.5000
2026-05-25T21:03:13.427666,10170,0.0000,0.0000,0.0000,0.5000
2026-05-25T21:03:13.527778,10171,0.0000,0.0000,0.0000,0.5000
2026-05-25T21:03:13.627924,10172,0.0000,0.0000,0.0000,0.5000
2026-05-25T21:03:13.727990,10173,0.0000,0.0000,0.0000,0.5000
2026-05-25T21:03:13.828172,10174,0.0000,0.0000,0.0000,0.5000
2026-05-25T21:03:13.928229,10175,0.0000,0.0000,0.0000,0.5000
2026-05-25T21:03:14.028314,10176,0.0000,0.0000,0.0000,0.5000
2026-05-25T21:03:14.128463,10177,0.0000,0.0000,0.0000,0.5000
2026-05-25T21:03:14.228617,10178,0.0000,0.0000,0.0000,0.5000
2026-05-25T21:03:14.328703,10179,0.0000,0.0000,0.0000,0.5000
2026-05-25T21:03:14.428865,10180,0.0000,0.0000,0.0000,0.5000
2026-05-25T21:03:14.647010,10181,0.0000,0.0000,0.0000,0.5000
2026-05-25T21:03:14.747059,10182,0.0000,0.0000,0.0000,0.5000
2026-05-25T21:03:14.847908,10183,0.0000,0.0000,0.0000,0.5000
2026-05-25T21:03:14.948552,10184,0.0000,0.0000,0.0000,0.5000
2026-05-25T21:03:15.048649,10185,0.0000,0.0000,0.0000,0.5000
2026-05-25T21:03:15.149309,10186,0.0000,0.0000,0.0000,0.5000
2026-05-25T21:03:15.249207,10187,0.0000,0.0000,0.0000,0.5000
2026-05-25T21:03:15.349341,10188,0.0000,0.0000,0.0000,0.5000
2026-05-25T21:03:15.450785,10189,0.0000,0.0000,0.0000,0.5000
2026-05-25T21:03:15.550674,10190,0.0000,0.0000,0.0000,0.5000
2026-05-25T21:03:15.650829,10191,0.0000,0.0000,0.0000,0.5000
2026-05-25T21:03:15.937161,10192,0.0000,0.0000,0.0000,0.5000
2026-05-25T21:03:16.037241,10193,0.0000,0.0000,0.0000,0.5000
2026-05-25T21:03:16.137325,10194,0.0000,0.0000,0.0000,0.5000
2026-05-25T21:03:16.238821,10195,0.0000,0.0000,0.0000,0.5000
2026-05-25T21:03:16.337637,10196,0.0000,0.0000,0.0000,0.5000
2026-05-25T21:03:16.437699,10197,0.0000,0.0000,0.0000,0.5000
2026-05-25T21:03:16.537830,10198,0.0000,0.0000,0.0000,0.5000
2026-05-25T21:03:16.638543,10199,0.3000,0.0000,0.0000,0.0000
2026-05-25T21:03:16.738709,10200,0.3000,0.0000,0.0000,0.0000
2026-05-25T21:03:16.841133,10201,0.3000,0.0000,0.0000,0.0000
2026-05-25T21:03:16.941253,10202,0.3000,0.0000,0.0000,0.0000
2026-05-25T21:03:17.041308,10203,0.3000,0.0000,0.0000,0.0000
2026-05-25T21:03:17.141471,10204,0.3000,0.0000,0.0000,0.0000
2026-05-25T21:03:17.241595,10205,0.3000,0.0000,0.0000,0.0000
2026-05-25T21:03:17.497015,10206,0.3000,0.0000,0.0000,0.0000
2026-05-25T21:03:17.597108,10207,0.3000,0.0000,0.0000,0.0000
2026-05-25T21:03:17.697223,10208,0.3000,0.0000,0.0000,0.0000
2026-05-25T21:03:17.797834,10209,0.3000,0.0000,0.0000,0.0000
2026-05-25T21:03:17.897946,10210,0.3000,0.0000,0.0000,0.0000
2026-05-25T21:03:17.998055,10211,0.3000,0.0000,0.0000,0.0000
2026-05-25T21:03:18.098215,10212,0.3000,0.0000,0.0000,0.0000
2026-05-25T21:03:18.198976,10213,0.3000,0.0000,0.0000,0.0000
2026-05-25T21:03:18.298945,10214,0.3000,0.0000,0.0000,0.0000
2026-05-25T21:03:18.517187,10215,0.3000,0.0000,0.0000,0.0000
2026-05-25T21:03:18.617302,10216,0.3000,0.0000,0.0000,0.0000
2026-05-25T21:03:18.718471,10217,0.3000,0.0000,0.0000,0.0000
2026-05-25T21:03:18.818667,10218,0.3000,0.0000,0.0000,0.0000
2026-05-25T21:03:18.918845,10219,0.3000,0.0000,0.0000,0.0000
2026-05-25T21:03:19.019433,10220,0.3000,0.0000,0.0000,0.0000
2026-05-25T21:03:19.119573,10221,0.3000,0.0000,0.0000,0.0000
2026-05-25T21:03:19.220544,10222,0.3000,0.0000,0.0000,0.0000
2026-05-25T21:03:19.320665,10223,0.3000,0.0000,0.0000,0.0000
2026-05-25T21:03:19.537144,10224,0.3000,0.0000,0.0000,0.0000
2026-05-25T21:03:19.638021,10225,0.3000,0.0000,0.0000,0.0000
2026-05-25T21:03:19.738164,10226,0.3000,0.0000,0.0000,0.0000
2026-05-25T21:03:19.838259,10227,0.3000,0.0000,0.0000,0.0000
2026-05-25T21:03:19.938312,10228,0.3000,0.0000,0.0000,0.0000
2026-05-25T21:03:20.038472,10229,0.0000,0.0000,0.0000,-0.5000
2026-05-25T21:03:20.138592,10230,0.0000,0.0000,0.0000,-0.5000
2026-05-25T21:03:20.239285,10231,0.0000,0.0000,0.0000,-0.5000
2026-05-25T21:03:20.339336,10232,0.0000,0.0000,0.0000,-0.5000
2026-05-25T21:03:20.439462,10233,0.0000,0.0000,0.0000,-0.5000
2026-05-25T21:03:20.539571,10234,0.0000,0.0000,0.0000,-0.5000
2026-05-25T21:03:20.659838,10235,0.0000,0.0000,0.0000,-0.5000
2026-05-25T21:03:20.788001,10236,0.0000,0.0000,0.0000,-0.5000
2026-05-25T21:03:20.887212,10237,0.0000,0.0000,0.0000,-0.5000
2026-05-25T21:03:20.987322,10238,0.0000,0.0000,0.0000,-0.5000
2026-05-25T21:03:21.087716,10239,0.0000,0.0000,0.0000,-0.5000
2026-05-25T21:03:21.188367,10240,0.0000,0.0000,0.0000,-0.5000
2026-05-25T21:03:21.287919,10241,0.0000,0.0000,0.0000,-0.5000
2026-05-25T21:03:21.388046,10242,0.0000,0.0000,0.0000,-0.5000
2026-05-25T21:03:21.488227,10243,0.0000,0.0000,0.0000,-0.5000
2026-05-25T21:03:21.588325,10244,0.0000,0.0000,0.0000,-0.5000
2026-05-25T21:03:21.688528,10245,0.0000,0.0000,0.0000,-0.5000
2026-05-25T21:03:21.788612,10246,0.0000,0.0000,0.0000,-0.5000
2026-05-25T21:03:21.888723,10247,0.0000,0.0000,0.0000,-0.5000
2026-05-25T21:03:21.988865,10248,0.0000,0.0000,0.0000,-0.5000
2026-05-25T21:03:22.237073,10249,0.0000,0.0000,0.0000,-0.5000
2026-05-25T21:03:22.337242,10250,0.0000,0.0000,0.0000,-0.5000
2026-05-25T21:03:22.437304,10251,0.0000,0.0000,0.0000,-0.5000
2026-05-25T21:03:22.537432,10252,0.0000,0.0000,0.0000,-0.5000
2026-05-25T21:03:22.637567,10253,0.0000,0.0000,0.0000,-0.5000
2026-05-25T21:03:22.737673,10254,0.0000,0.0000,0.0000,-0.5000
2026-05-25T21:03:22.837832,10255,0.0000,0.0000,0.0000,-0.5000
2026-05-25T21:03:22.937971,10256,0.0000,0.0000,0.0000,-0.5000
2026-05-25T21:03:23.038118,10257,0.0000,0.0000,0.0000,-0.5000
2026-05-25T21:03:23.138246,10258,0.0000,0.0000,0.0000,-0.5000
2026-05-25T21:03:23.238337,10259,-0.2000,0.0000,0.0000,-0.5000
2026-05-25T21:03:23.467115,10260,-0.2000,0.0000,0.0000,-0.5000
2026-05-25T21:03:23.567319,10261,-0.2000,0.0000,0.0000,-0.5000
2026-05-25T21:03:23.670225,10262,-0.2000,0.0000,0.0000,-0.5000
2026-05-25T21:03:23.767493,10263,-0.2000,0.0000,0.0000,-0.5000
2026-05-25T21:03:23.867580,10264,-0.2000,0.0000,0.0000,-0.5000
2026-05-25T21:03:23.967724,10265,-0.2000,0.0000,0.0000,-0.5000
2026-05-25T21:03:24.067821,10266,-0.2000,0.0000,0.0000,-0.5000
2026-05-25T21:03:24.167979,10267,-0.2000,0.0000,0.0000,-0.5000
2026-05-25T21:03:24.268116,10268,-0.2000,0.0000,0.0000,-0.5000
2026-05-25T21:03:24.477432,10269,-0.2000,0.0000,0.0000,-0.5000
2026-05-25T21:03:24.577272,10270,-0.2000,0.0000,0.0000,-0.5000
2026-05-25T21:03:24.677342,10271,-0.2000,0.0000,0.0000,-0.5000
2026-05-25T21:03:24.777420,10272,-0.2000,0.0000,0.0000,-0.5000
2026-05-25T21:03:24.877569,10273,-0.2000,0.0000,0.0000,-0.5000
2026-05-25T21:03:24.977701,10274,-0.2000,0.0000,0.0000,-0.5000
2026-05-25T21:03:25.077870,10275,-0.2000,0.0000,0.0000,-0.5000
2026-05-25T21:03:25.177983,10276,-0.2000,0.0000,0.0000,-0.5000
2026-05-25T21:03:25.278132,10277,-0.2000,0.0000,0.0000,-0.5000
2026-05-25T21:03:25.507284,10278,-0.2000,0.0000,0.0000,-0.5000
2026-05-25T21:03:25.607307,10279,-0.2000,0.0000,0.0000,-0.5000
2026-05-25T21:03:25.707491,10280,-0.2000,0.0000,0.0000,-0.5000
2026-05-25T21:03:25.807580,10281,-0.2000,0.0000,0.0000,-0.5000
2026-05-25T21:03:25.907707,10282,-0.2000,0.0000,0.0000,-0.5000
2026-05-25T21:03:26.008012,10283,-0.2000,0.0000,0.0000,-0.5000
2026-05-25T21:03:26.107987,10284,-0.2000,0.0000,0.0000,-0.5000
2026-05-25T21:03:26.208141,10285,-0.2000,0.0000,0.0000,-0.5000
2026-05-25T21:03:26.308242,10286,-0.2000,0.0000,0.0000,-0.5000
2026-05-25T21:03:26.408303,10287,-0.2000,0.0000,0.0000,-0.5000
2026-05-25T21:03:26.508467,10288,-0.2000,0.0000,0.0000,-0.5000
2026-05-25T21:03:26.728207,10289,0.0000,0.0000,0.0000,0.5000
2026-05-25T21:03:26.827974,10290,0.0000,0.0000,0.0000,0.5000
2026-05-25T21:03:26.928099,10291,0.0000,0.0000,0.0000,0.5000
2026-05-25T21:03:27.028741,10292,0.0000,0.0000,0.0000,0.5000
2026-05-25T21:03:27.128878,10293,0.0000,0.0000,0.0000,0.5000
2026-05-25T21:03:27.229023,10294,0.0000,0.0000,0.0000,0.5000
2026-05-25T21:03:27.329798,10295,0.0000,0.0000,0.0000,0.5000
2026-05-25T21:03:27.429281,10296,0.0000,0.0000,0.0000,0.5000
2026-05-25T21:03:27.529328,10297,0.0000,0.0000,0.0000,0.5000
2026-05-25T21:03:27.737307,10298,0.0000,0.0000,0.0000,0.5000
2026-05-25T21:03:27.837341,10299,0.0000,0.0000,0.0000,0.5000
2026-05-25T21:03:27.937468,10300,0.0000,0.0000,0.0000,0.5000
2026-05-25T21:03:28.037587,10301,0.0000,0.0000,0.0000,0.5000
2026-05-25T21:03:28.137701,10302,0.0000,0.0000,0.0000,0.5000
2026-05-25T21:03:28.237841,10303,0.0000,0.0000,0.0000,0.5000
2026-05-25T21:03:28.338009,10304,0.0000,0.0000,0.0000,0.5000
2026-05-25T21:03:28.438121,10305,0.0000,0.0000,0.0000,0.5000
2026-05-25T21:03:28.538443,10306,0.0000,0.0000,0.0000,0.5000
2026-05-25T21:03:28.638337,10307,0.0000,0.0000,0.0000,0.5000
2026-05-25T21:03:28.738429,10308,0.0000,0.0000,0.0000,0.5000
2026-05-25T21:03:28.997665,10309,0.0000,0.0000,0.0000,0.5000
2026-05-25T21:03:29.097834,10310,0.0000,0.0000,0.0000,0.5000
2026-05-25T21:03:29.197975,10311,0.0000,0.0000,0.0000,0.5000
2026-05-25T21:03:29.298076,10312,0.0000,0.0000,0.0000,0.5000
2026-05-25T21:03:29.398200,10313,0.0000,0.0000,0.0000,0.5000
2026-05-25T21:03:29.498345,10314,0.0000,0.0000,0.0000,0.5000
2026-05-25T21:03:29.598466,10315,0.0000,0.0000,0.0000,0.5000
2026-05-25T21:03:29.698577,10316,0.0000,0.0000,0.0000,0.5000
2026-05-25T21:03:29.798720,10317,0.0000,0.0000,0.0000,0.5000
2026-05-25T21:03:30.017332,10318,0.0000,0.0000,0.0000,0.5000
2026-05-25T21:03:30.117415,10319,0.3000,0.0000,0.0000,0.0000
2026-05-25T21:03:30.217527,10320,0.3000,0.0000,0.0000,0.0000
2026-05-25T21:03:30.317607,10321,0.3000,0.0000,0.0000,0.0000
2026-05-25T21:03:30.417738,10322,0.3000,0.0000,0.0000,0.0000
2026-05-25T21:03:30.517881,10323,0.3000,0.0000,0.0000,0.0000
2026-05-25T21:03:30.617979,10324,0.3000,0.0000,0.0000,0.0000
2026-05-25T21:03:30.718146,10325,0.3000,0.0000,0.0000,0.0000
2026-05-25T21:03:30.818283,10326,0.3000,0.0000,0.0000,0.0000
2026-05-25T21:03:30.918319,10327,0.3000,0.0000,0.0000,0.0000
2026-05-25T21:03:31.018447,10328,0.3000,0.0000,0.0000,0.0000
2026-05-25T21:03:31.118785,10329,0.3000,0.0000,0.0000,0.0000
2026-05-25T21:03:31.219779,10330,0.3000,0.0000,0.0000,0.0000
2026-05-25T21:03:31.387365,10331,0.3000,0.0000,0.0000,0.0000
2026-05-25T21:03:31.487426,10332,0.3000,0.0000,0.0000,0.0000
2026-05-25T21:03:31.587558,10333,0.3000,0.0000,0.0000,0.0000
2026-05-25T21:03:31.688109,10334,0.3000,0.0000,0.0000,0.0000
2026-05-25T21:03:31.787711,10335,0.3000,0.0000,0.0000,0.0000
2026-05-25T21:03:31.887778,10336,0.3000,0.0000,0.0000,0.0000
2026-05-25T21:03:31.989362,10337,0.3000,0.0000,0.0000,0.0000
2026-05-25T21:03:32.088332,10338,0.3000,0.0000,0.0000,0.0000
2026-05-25T21:03:32.188498,10339,0.3000,0.0000,0.0000,0.0000
2026-05-25T21:03:32.448478,10340,0.3000,0.0000,0.0000,0.0000
2026-05-25T21:03:32.548613,10341,0.3000,0.0000,0.0000,0.0000
2026-05-25T21:03:32.648728,10342,0.3000,0.0000,0.0000,0.0000
2026-05-25T21:03:32.749333,10343,0.3000,0.0000,0.0000,0.0000
2026-05-25T21:03:32.849440,10344,0.3000,0.0000,0.0000,0.0000
2026-05-25T21:03:32.949620,10345,0.3000,0.0000,0.0000,0.0000
2026-05-25T21:03:33.049745,10346,0.3000,0.0000,0.0000,0.0000
2026-05-25T21:03:33.150319,10347,0.3000,0.0000,0.0000,0.0000
2026-05-25T21:03:33.250434,10348,0.3000,0.0000,0.0000,0.0000
2026-05-25T21:03:33.351002,10349,0.0000,0.0000,0.0000,-0.5000
2026-05-25T21:03:33.451905,10350,0.0000,0.0000,0.0000,-0.5000
2026-05-25T21:03:33.571461,10351,0.0000,0.0000,0.0000,-0.5000
2026-05-25T21:03:33.671521,10352,0.0000,0.0000,0.0000,-0.5000
2026-05-25T21:03:33.771639,10353,0.0000,0.0000,0.0000,-0.5000
2026-05-25T21:03:33.871859,10354,0.0000,0.0000,0.0000,-0.5000
2026-05-25T21:03:33.972003,10355,0.0000,0.0000,0.0000,-0.5000
2026-05-25T21:03:34.072297,10356,0.0000,0.0000,0.0000,-0.5000
2026-05-25T21:03:34.173116,10357,0.0000,0.0000,0.0000,-0.5000
2026-05-25T21:03:34.273892,10358,0.0000,0.0000,0.0000,-0.5000
2026-05-25T21:03:34.373311,10359,0.0000,0.0000,0.0000,-0.5000
2026-05-25T21:03:34.473459,10360,0.0000,0.0000,0.0000,-0.5000
2026-05-25T21:03:34.573576,10361,0.0000,0.0000,0.0000,-0.5000
2026-05-25T21:03:34.673679,10362,0.0000,0.0000,0.0000,-0.5000
2026-05-25T21:03:34.889255,10363,0.0000,0.0000,0.0000,-0.5000
2026-05-25T21:03:34.990572,10364,0.0000,0.0000,0.0000,-0.5000
2026-05-25T21:03:35.090913,10365,0.0000,0.0000,0.0000,-0.5000
2026-05-25T21:03:35.190857,10366,0.0000,0.0000,0.0000,-0.5000
2026-05-25T21:03:35.290935,10367,0.0000,0.0000,0.0000,-0.5000
2026-05-25T21:03:35.391074,10368,0.0000,0.0000,0.0000,-0.5000
2026-05-25T21:03:35.492320,10369,0.0000,0.0000,0.0000,-0.5000
2026-05-25T21:03:35.592462,10370,0.0000,0.0000,0.0000,-0.5000
2026-05-25T21:03:35.694344,10371,0.0000,0.0000,0.0000,-0.5000
2026-05-25T21:03:35.795212,10372,0.0000,0.0000,0.0000,-0.5000
2026-05-25T21:03:35.896315,10373,0.0000,0.0000,0.0000,-0.5000
2026-05-25T21:03:36.007467,10374,0.0000,0.0000,0.0000,-0.5000
2026-05-25T21:03:36.107580,10375,0.0000,0.0000,0.0000,-0.5000
2026-05-25T21:03:36.207872,10376,0.0000,0.0000,0.0000,-0.5000
2026-05-25T21:03:36.307994,10377,0.0000,0.0000,0.0000,-0.5000
2026-05-25T21:03:36.408152,10378,0.0000,0.0000,0.0000,-0.5000
2026-05-25T21:03:36.510331,10379,-0.2000,0.0000,0.0000,-0.5000
2026-05-25T21:03:36.610477,10380,-0.2000,0.0000,0.0000,-0.5000
2026-05-25T21:03:36.710586,10381,-0.2000,0.0000,0.0000,-0.5000
2026-05-25T21:03:36.810708,10382,-0.2000,0.0000,0.0000,-0.5000
2026-05-25T21:03:36.910871,10383,-0.2000,0.0000,0.0000,-0.5000
2026-05-25T21:03:37.011013,10384,-0.2000,0.0000,0.0000,-0.5000
2026-05-25T21:03:37.111155,10385,-0.2000,0.0000,0.0000,-0.5000
2026-05-25T21:03:37.224477,10386,-0.2000,0.0000,0.0000,-0.5000
2026-05-25T21:03:37.337394,10387,-0.2000,0.0000,0.0000,-0.5000
2026-05-25T21:03:37.437590,10388,-0.2000,0.0000,0.0000,-0.5000
2026-05-25T21:03:37.537681,10389,-0.2000,0.0000,0.0000,-0.5000
2026-05-25T21:03:37.637827,10390,-0.2000,0.0000,0.0000,-0.5000
2026-05-25T21:03:37.737958,10391,-0.2000,0.0000,0.0000,-0.5000
2026-05-25T21:03:37.838089,10392,-0.2000,0.0000,0.0000,-0.5000
2026-05-25T21:03:37.938196,10393,-0.2000,0.0000,0.0000,-0.5000
2026-05-25T21:03:38.038342,10394,-0.2000,0.0000,0.0000,-0.5000
2026-05-25T21:03:38.138468,10395,-0.2000,0.0000,0.0000,-0.5000
2026-05-25T21:03:38.238918,10396,-0.2000,0.0000,0.0000,-0.5000
2026-05-25T21:03:38.339079,10397,-0.2000,0.0000,0.0000,-0.5000
2026-05-25T21:03:38.557464,10398,-0.2000,0.0000,0.0000,-0.5000
2026-05-25T21:03:38.657569,10399,-0.2000,0.0000,0.0000,-0.5000
2026-05-25T21:03:38.757686,10400,-0.2000,0.0000,0.0000,-0.5000
2026-05-25T21:03:38.857792,10401,-0.2000,0.0000,0.0000,-0.5000
2026-05-25T21:03:38.957996,10402,-0.2000,0.0000,0.0000,-0.5000
2026-05-25T21:03:39.058305,10403,-0.2000,0.0000,0.0000,-0.5000
2026-05-25T21:03:39.158445,10404,-0.2000,0.0000,0.0000,-0.5000
2026-05-25T21:03:39.258589,10405,-0.2000,0.0000,0.0000,-0.5000
2026-05-25T21:03:39.358730,10406,-0.2000,0.0000,0.0000,-0.5000
2026-05-25T21:03:39.567439,10407,-0.2000,0.0000,0.0000,-0.5000
2026-05-25T21:03:39.668244,10408,-0.2000,0.0000,0.0000,-0.5000
2026-05-25T21:03:39.769033,10409,0.0000,0.0000,0.0000,0.5000
2026-05-25T21:03:39.869176,10410,0.0000,0.0000,0.0000,0.5000
2026-05-25T21:03:39.969731,10411,0.0000,0.0000,0.0000,0.5000
2026-05-25T21:03:40.070546,10412,0.0000,0.0000,0.0000,0.5000
2026-05-25T21:03:40.170721,10413,0.0000,0.0000,0.0000,0.5000
2026-05-25T21:03:40.271582,10414,0.0000,0.0000,0.0000,0.5000
2026-05-25T21:03:40.371637,10415,0.0000,0.0000,0.0000,0.5000
2026-05-25T21:03:40.471873,10416,0.0000,0.0000,0.0000,0.5000
2026-05-25T21:03:40.571907,10417,0.0000,0.0000,0.0000,0.5000
2026-05-25T21:03:40.787461,10418,0.0000,0.0000,0.0000,0.5000
2026-05-25T21:03:40.887554,10419,0.0000,0.0000,0.0000,0.5000
2026-05-25T21:03:40.987746,10420,0.0000,0.0000,0.0000,0.5000
2026-05-25T21:03:41.088093,10421,0.0000,0.0000,0.0000,0.5000
2026-05-25T21:03:41.187979,10422,0.0000,0.0000,0.0000,0.5000
2026-05-25T21:03:41.288115,10423,0.0000,0.0000,0.0000,0.5000
2026-05-25T21:03:41.388215,10424,0.0000,0.0000,0.0000,0.5000
2026-05-25T21:03:41.488320,10425,0.0000,0.0000,0.0000,0.5000
2026-05-25T21:03:41.588473,10426,0.0000,0.0000,0.0000,0.5000
2026-05-25T21:03:41.797534,10427,0.0000,0.0000,0.0000,0.5000
2026-05-25T21:03:41.898299,10428,0.0000,0.0000,0.0000,0.5000
2026-05-25T21:03:41.998438,10429,0.0000,0.0000,0.0000,0.5000
2026-05-25T21:03:42.098593,10430,0.0000,0.0000,0.0000,0.5000
2026-05-25T21:03:42.198704,10431,0.0000,0.0000,0.0000,0.5000
2026-05-25T21:03:42.298866,10432,0.0000,0.0000,0.0000,0.5000
2026-05-25T21:03:42.399035,10433,0.0000,0.0000,0.0000,0.5000
2026-05-25T21:03:42.499126,10434,0.0000,0.0000,0.0000,0.5000
2026-05-25T21:03:42.599267,10435,0.0000,0.0000,0.0000,0.5000
2026-05-25T21:03:42.699344,10436,0.0000,0.0000,0.0000,0.5000
2026-05-25T21:03:42.799465,10437,0.0000,0.0000,0.0000,0.5000
2026-05-25T21:03:43.087787,10438,0.0000,0.0000,0.0000,0.5000
2026-05-25T21:03:43.187954,10439,0.3000,0.0000,0.0000,0.0000
2026-05-25T21:03:43.288076,10440,0.3000,0.0000,0.0000,0.0000
2026-05-25T21:03:43.388903,10441,0.3000,0.0000,0.0000,0.0000
2026-05-25T21:03:43.488337,10442,0.3000,0.0000,0.0000,0.0000
2026-05-25T21:03:43.590340,10443,0.3000,0.0000,0.0000,0.0000
2026-05-25T21:03:43.690413,10444,0.3000,0.0000,0.0000,0.0000
2026-05-25T21:03:43.790523,10445,0.3000,0.0000,0.0000,0.0000
2026-05-25T21:03:43.890685,10446,0.3000,0.0000,0.0000,0.0000
2026-05-25T21:03:43.990843,10447,0.3000,0.0000,0.0000,0.0000
2026-05-25T21:03:44.090948,10448,0.3000,0.0000,0.0000,0.0000
2026-05-25T21:03:44.191120,10449,0.3000,0.0000,0.0000,0.0000
2026-05-25T21:03:44.291241,10450,0.3000,0.0000,0.0000,0.0000
2026-05-25T21:03:44.391305,10451,0.3000,0.0000,0.0000,0.0000
2026-05-25T21:03:44.491461,10452,0.3000,0.0000,0.0000,0.0000
2026-05-25T21:03:44.767550,10453,0.3000,0.0000,0.0000,0.0000
2026-05-25T21:03:44.867689,10454,0.3000,0.0000,0.0000,0.0000
2026-05-25T21:03:44.967790,10455,0.3000,0.0000,0.0000,0.0000
2026-05-25T21:03:45.067897,10456,0.3000,0.0000,0.0000,0.0000
2026-05-25T21:03:45.168056,10457,0.3000,0.0000,0.0000,0.0000
2026-05-25T21:03:45.268198,10458,0.3000,0.0000,0.0000,0.0000
2026-05-25T21:03:45.368353,10459,0.3000,0.0000,0.0000,0.0000
2026-05-25T21:03:45.469242,10460,0.3000,0.0000,0.0000,0.0000
2026-05-25T21:03:45.569308,10461,0.3000,0.0000,0.0000,0.0000
2026-05-25T21:03:45.669440,10462,0.3000,0.0000,0.0000,0.0000
2026-05-25T21:03:45.769565,10463,0.3000,0.0000,0.0000,0.0000
2026-05-25T21:03:45.987901,10464,0.3000,0.0000,0.0000,0.0000
2026-05-25T21:03:46.087671,10465,0.3000,0.0000,0.0000,0.0000
2026-05-25T21:03:46.187843,10466,0.3000,0.0000,0.0000,0.0000
2026-05-25T21:03:46.287977,10467,0.3000,0.0000,0.0000,0.0000
2026-05-25T21:03:46.388094,10468,0.3000,0.0000,0.0000,0.0000
2026-05-25T21:03:46.488230,10469,0.0000,0.0000,0.0000,-0.5000
2026-05-25T21:03:46.588347,10470,0.0000,0.0000,0.0000,-0.5000
2026-05-25T21:03:46.688451,10471,0.0000,0.0000,0.0000,-0.5000
2026-05-25T21:03:46.788579,10472,0.0000,0.0000,0.0000,-0.5000
2026-05-25T21:03:46.888686,10473,0.0000,0.0000,0.0000,-0.5000
2026-05-25T21:03:46.988856,10474,0.0000,0.0000,0.0000,-0.5000
2026-05-25T21:03:47.197626,10475,0.0000,0.0000,0.0000,-0.5000
2026-05-25T21:03:47.297714,10476,0.0000,0.0000,0.0000,-0.5000
2026-05-25T21:03:47.398483,10477,0.0000,0.0000,0.0000,-0.5000
2026-05-25T21:03:47.498441,10478,0.0000,0.0000,0.0000,-0.5000
2026-05-25T21:03:47.598875,10479,0.0000,0.0000,0.0000,-0.5000
2026-05-25T21:03:47.698710,10480,0.0000,0.0000,0.0000,-0.5000
2026-05-25T21:03:47.798838,10481,0.0000,0.0000,0.0000,-0.5000
2026-05-25T21:03:47.898945,10482,0.0000,0.0000,0.0000,-0.5000
2026-05-25T21:03:47.999440,10483,0.0000,0.0000,0.0000,-0.5000
2026-05-25T21:03:48.099516,10484,0.0000,0.0000,0.0000,-0.5000
2026-05-25T21:03:48.201303,10485,0.0000,0.0000,0.0000,-0.5000
2026-05-25T21:03:48.477677,10486,0.0000,0.0000,0.0000,-0.5000
2026-05-25T21:03:48.577802,10487,0.0000,0.0000,0.0000,-0.5000
2026-05-25T21:03:48.677866,10488,0.0000,0.0000,0.0000,-0.5000
2026-05-25T21:03:48.778049,10489,0.0000,0.0000,0.0000,-0.5000
2026-05-25T21:03:48.878166,10490,0.0000,0.0000,0.0000,-0.5000
2026-05-25T21:03:48.978314,10491,0.0000,0.0000,0.0000,-0.5000
2026-05-25T21:03:49.078386,10492,0.0000,0.0000,0.0000,-0.5000
2026-05-25T21:03:49.178537,10493,0.0000,0.0000,0.0000,-0.5000
2026-05-25T21:03:49.278701,10494,0.0000,0.0000,0.0000,-0.5000
2026-05-25T21:03:49.517693,10495,0.0000,0.0000,0.0000,-0.5000
2026-05-25T21:03:49.617845,10496,0.0000,0.0000,0.0000,-0.5000
2026-05-25T21:03:49.718000,10497,0.0000,0.0000,0.0000,-0.5000
2026-05-25T21:03:49.818087,10498,0.0000,0.0000,0.0000,-0.5000
2026-05-25T21:03:49.918309,10499,-0.2000,0.0000,0.0000,-0.5000
2026-05-25T21:03:50.018329,10500,-0.2000,0.0000,0.0000,-0.5000
2026-05-25T21:03:50.118452,10501,-0.2000,0.0000,0.0000,-0.5000
2026-05-25T21:03:50.218589,10502,-0.2000,0.0000,0.0000,-0.5000
2026-05-25T21:03:50.318725,10503,-0.2000,0.0000,0.0000,-0.5000
2026-05-25T21:03:50.418871,10504,-0.2000,0.0000,0.0000,-0.5000
2026-05-25T21:03:50.518999,10505,-0.2000,0.0000,0.0000,-0.5000
2026-05-25T21:03:50.737761,10506,-0.2000,0.0000,0.0000,-0.5000
2026-05-25T21:03:50.837846,10507,-0.2000,0.0000,0.0000,-0.5000
2026-05-25T21:03:50.937992,10508,-0.2000,0.0000,0.0000,-0.5000
2026-05-25T21:03:51.038119,10509,-0.2000,0.0000,0.0000,-0.5000
2026-05-25T21:03:51.138230,10510,-0.2000,0.0000,0.0000,-0.5000
2026-05-25T21:03:51.238387,10511,-0.2000,0.0000,0.0000,-0.5000
2026-05-25T21:03:51.338499,10512,-0.2000,0.0000,0.0000,-0.5000
2026-05-25T21:03:51.438596,10513,-0.2000,0.0000,0.0000,-0.5000
2026-05-25T21:03:51.538711,10514,-0.2000,0.0000,0.0000,-0.5000
2026-05-25T21:03:51.638935,10515,-0.2000,0.0000,0.0000,-0.5000
2026-05-25T21:03:51.739010,10516,-0.2000,0.0000,0.0000,-0.5000
2026-05-25T21:03:51.957760,10517,-0.2000,0.0000,0.0000,-0.5000
2026-05-25T21:03:52.057895,10518,-0.2000,0.0000,0.0000,-0.5000
2026-05-25T21:03:52.158024,10519,-0.2000,0.0000,0.0000,-0.5000
2026-05-25T21:03:52.258208,10520,-0.2000,0.0000,0.0000,-0.5000
2026-05-25T21:03:52.358304,10521,-0.2000,0.0000,0.0000,-0.5000
2026-05-25T21:03:52.458329,10522,-0.2000,0.0000,0.0000,-0.5000
2026-05-25T21:03:52.558452,10523,-0.2000,0.0000,0.0000,-0.5000
2026-05-25T21:03:52.658596,10524,-0.2000,0.0000,0.0000,-0.5000
2026-05-25T21:03:52.758725,10525,-0.2000,0.0000,0.0000,-0.5000
2026-05-25T21:03:52.977800,10526,-0.2000,0.0000,0.0000,-0.5000
2026-05-25T21:03:53.077911,10527,-0.2000,0.0000,0.0000,-0.5000
2026-05-25T21:03:53.178262,10528,-0.2000,0.0000,0.0000,-0.5000
2026-05-25T21:03:53.278329,10529,0.0000,0.0000,0.0000,0.5000
2026-05-25T21:03:53.378303,10530,0.0000,0.0000,0.0000,0.5000
2026-05-25T21:03:53.478356,10531,0.0000,0.0000,0.0000,0.5000
2026-05-25T21:03:53.578480,10532,0.0000,0.0000,0.0000,0.5000
2026-05-25T21:03:53.678598,10533,0.0000,0.0000,0.0000,0.5000
2026-05-25T21:03:53.778709,10534,0.0000,0.0000,0.0000,0.5000
2026-05-25T21:03:53.879021,10535,0.0000,0.0000,0.0000,0.5000
2026-05-25T21:03:53.979030,10536,0.0000,0.0000,0.0000,0.5000
2026-05-25T21:03:54.197878,10537,0.0000,0.0000,0.0000,0.5000
2026-05-25T21:03:54.298028,10538,0.0000,0.0000,0.0000,0.5000
2026-05-25T21:03:54.398079,10539,0.0000,0.0000,0.0000,0.5000
2026-05-25T21:03:54.498243,10540,0.0000,0.0000,0.0000,0.5000
2026-05-25T21:03:54.598357,10541,0.0000,0.0000,0.0000,0.5000
2026-05-25T21:03:54.698484,10542,0.0000,0.0000,0.0000,0.5000
2026-05-25T21:03:54.798533,10543,0.0000,0.0000,0.0000,0.5000
2026-05-25T21:03:54.898734,10544,0.0000,0.0000,0.0000,0.5000
2026-05-25T21:03:54.998878,10545,0.0000,0.0000,0.0000,0.5000
2026-05-25T21:03:55.099023,10546,0.0000,0.0000,0.0000,0.5000
2026-05-25T21:03:55.199115,10547,0.0000,0.0000,0.0000,0.5000
2026-05-25T21:03:55.417941,10548,0.0000,0.0000,0.0000,0.5000
2026-05-25T21:03:55.517945,10549,0.0000,0.0000,0.0000,0.5000
2026-05-25T21:03:55.618042,10550,0.0000,0.0000,0.0000,0.5000
2026-05-25T21:03:55.718221,10551,0.0000,0.0000,0.0000,0.5000
2026-05-25T21:03:55.818346,10552,0.0000,0.0000,0.0000,0.5000
2026-05-25T21:03:55.918502,10553,0.0000,0.0000,0.0000,0.5000
2026-05-25T21:03:56.018597,10554,0.0000,0.0000,0.0000,0.5000
2026-05-25T21:03:56.118789,10555,0.0000,0.0000,0.0000,0.5000
2026-05-25T21:03:56.218873,10556,0.0000,0.0000,0.0000,0.5000
2026-05-25T21:03:56.428347,10557,0.0000,0.0000,0.0000,0.5000
2026-05-25T21:03:56.528521,10558,0.0000,0.0000,0.0000,0.5000
2026-05-25T21:03:56.629301,10559,0.3000,0.0000,0.0000,0.0000
2026-05-25T21:03:56.728731,10560,0.3000,0.0000,0.0000,0.0000
2026-05-25T21:03:56.828875,10561,0.3000,0.0000,0.0000,0.0000
2026-05-25T21:03:56.929047,10562,0.3000,0.0000,0.0000,0.0000
2026-05-25T21:03:57.029156,10563,0.3000,0.0000,0.0000,0.0000
2026-05-25T21:03:57.129330,10564,0.3000,0.0000,0.0000,0.0000
2026-05-25T21:03:57.229333,10565,0.3000,0.0000,0.0000,0.0000
2026-05-25T21:03:57.447899,10566,0.3000,0.0000,0.0000,0.0000
2026-05-25T21:03:57.548025,10567,0.3000,0.0000,0.0000,0.0000
2026-05-25T21:03:57.648110,10568,0.3000,0.0000,0.0000,0.0000
2026-05-25T21:03:57.748430,10569,0.3000,0.0000,0.0000,0.0000
2026-05-25T21:03:57.848462,10570,0.3000,0.0000,0.0000,0.0000
2026-05-25T21:03:57.948505,10571,0.3000,0.0000,0.0000,0.0000
2026-05-25T21:03:58.048614,10572,0.3000,0.0000,0.0000,0.0000
2026-05-25T21:03:58.148716,10573,0.3000,0.0000,0.0000,0.0000
2026-05-25T21:03:58.248895,10574,0.3000,0.0000,0.0000,0.0000
2026-05-25T21:03:58.467912,10575,0.3000,0.0000,0.0000,0.0000
2026-05-25T21:03:58.568011,10576,0.3000,0.0000,0.0000,0.0000
2026-05-25T21:03:58.668134,10577,0.3000,0.0000,0.0000,0.0000
2026-05-25T21:03:58.768267,10578,0.3000,0.0000,0.0000,0.0000
2026-05-25T21:03:58.868320,10579,0.3000,0.0000,0.0000,0.0000
2026-05-25T21:03:58.968572,10580,0.3000,0.0000,0.0000,0.0000
2026-05-25T21:03:59.068661,10581,0.3000,0.0000,0.0000,0.0000
2026-05-25T21:03:59.168796,10582,0.3000,0.0000,0.0000,0.0000
2026-05-25T21:03:59.268972,10583,0.3000,0.0000,0.0000,0.0000
2026-05-25T21:03:59.369135,10584,0.3000,0.0000,0.0000,0.0000
2026-05-25T21:03:59.469224,10585,0.3000,0.0000,0.0000,0.0000
2026-05-25T21:03:59.687890,10586,0.3000,0.0000,0.0000,0.0000
2026-05-25T21:03:59.788010,10587,0.3000,0.0000,0.0000,0.0000
2026-05-25T21:03:59.888168,10588,0.3000,0.0000,0.0000,0.0000
2026-05-25T21:03:59.988272,10589,0.0000,0.0000,0.0000,-0.5000
2026-05-25T21:04:00.088328,10590,0.0000,0.0000,0.0000,-0.5000
2026-05-25T21:04:00.188448,10591,0.0000,0.0000,0.0000,-0.5000
2026-05-25T21:04:00.288582,10592,0.0000,0.0000,0.0000,-0.5000
2026-05-25T21:04:00.388788,10593,0.0000,0.0000,0.0000,-0.5000
2026-05-25T21:04:00.488851,10594,0.0000,0.0000,0.0000,-0.5000
2026-05-25T21:04:00.697942,10595,0.0000,0.0000,0.0000,-0.5000
2026-05-25T21:04:00.797998,10596,0.0000,0.0000,0.0000,-0.5000
2026-05-25T21:04:00.898178,10597,0.0000,0.0000,0.0000,-0.5000
2026-05-25T21:04:00.998269,10598,0.0000,0.0000,0.0000,-0.5000
2026-05-25T21:04:01.098943,10599,0.0000,0.0000,0.0000,-0.5000
2026-05-25T21:04:01.198538,10600,0.0000,0.0000,0.0000,-0.5000
2026-05-25T21:04:01.298620,10601,0.0000,0.0000,0.0000,-0.5000
2026-05-25T21:04:01.398729,10602,0.0000,0.0000,0.0000,-0.5000
2026-05-25T21:04:01.498888,10603,0.0000,0.0000,0.0000,-0.5000
2026-05-25T21:04:01.599072,10604,0.0000,0.0000,0.0000,-0.5000
2026-05-25T21:04:01.699178,10605,0.0000,0.0000,0.0000,-0.5000
2026-05-25T21:04:01.958434,10606,0.0000,0.0000,0.0000,-0.5000
2026-05-25T21:04:02.058365,10607,0.0000,0.0000,0.0000,-0.5000
2026-05-25T21:04:02.158518,10608,0.0000,0.0000,0.0000,-0.5000
2026-05-25T21:04:02.258640,10609,0.0000,0.0000,0.0000,-0.5000
2026-05-25T21:04:02.358779,10610,0.0000,0.0000,0.0000,-0.5000
2026-05-25T21:04:02.458883,10611,0.0000,0.0000,0.0000,-0.5000
2026-05-25T21:04:02.559053,10612,0.0000,0.0000,0.0000,-0.5000
2026-05-25T21:04:02.659208,10613,0.0000,0.0000,0.0000,-0.5000
2026-05-25T21:04:02.759280,10614,0.0000,0.0000,0.0000,-0.5000
2026-05-25T21:04:02.968333,10615,0.0000,0.0000,0.0000,-0.5000
2026-05-25T21:04:03.068149,10616,0.0000,0.0000,0.0000,-0.5000
2026-05-25T21:04:03.168263,10617,0.0000,0.0000,0.0000,-0.5000
2026-05-25T21:04:03.268331,10618,0.0000,0.0000,0.0000,-0.5000
2026-05-25T21:04:03.368510,10619,-0.2000,0.0000,0.0000,-0.5000
2026-05-25T21:04:03.468840,10620,-0.2000,0.0000,0.0000,-0.5000
2026-05-25T21:04:03.568977,10621,-0.2000,0.0000,0.0000,-0.5000
2026-05-25T21:04:03.669086,10622,-0.2000,0.0000,0.0000,-0.5000
2026-05-25T21:04:03.769022,10623,-0.2000,0.0000,0.0000,-0.5000
2026-05-25T21:04:03.869156,10624,-0.2000,0.0000,0.0000,-0.5000
2026-05-25T21:04:03.969271,10625,-0.2000,0.0000,0.0000,-0.5000
2026-05-25T21:04:04.188024,10626,-0.2000,0.0000,0.0000,-0.5000
2026-05-25T21:04:04.288146,10627,-0.2000,0.0000,0.0000,-0.5000
2026-05-25T21:04:04.388254,10628,-0.2000,0.0000,0.0000,-0.5000
2026-05-25T21:04:04.488411,10629,-0.2000,0.0000,0.0000,-0.5000
2026-05-25T21:04:04.590316,10630,-0.2000,0.0000,0.0000,-0.5000
2026-05-25T21:04:04.690419,10631,-0.2000,0.0000,0.0000,-0.5000
2026-05-25T21:04:04.790557,10632,-0.2000,0.0000,0.0000,-0.5000
2026-05-25T21:04:04.890685,10633,-0.2000,0.0000,0.0000,-0.5000
2026-05-25T21:04:04.990850,10634,-0.2000,0.0000,0.0000,-0.5000
2026-05-25T21:04:05.091051,10635,-0.2000,0.0000,0.0000,-0.5000
2026-05-25T21:04:05.191136,10636,-0.2000,0.0000,0.0000,-0.5000
2026-05-25T21:04:05.402519,10637,-0.2000,0.0000,0.0000,-0.5000
2026-05-25T21:04:05.502320,10638,-0.2000,0.0000,0.0000,-0.5000
2026-05-25T21:04:05.602338,10639,-0.2000,0.0000,0.0000,-0.5000
2026-05-25T21:04:05.702462,10640,-0.2000,0.0000,0.0000,-0.5000
2026-05-25T21:04:05.802573,10641,-0.2000,0.0000,0.0000,-0.5000
2026-05-25T21:04:05.902715,10642,-0.2000,0.0000,0.0000,-0.5000
2026-05-25T21:04:06.003042,10643,-0.2000,0.0000,0.0000,-0.5000
2026-05-25T21:04:06.103201,10644,-0.2000,0.0000,0.0000,-0.5000
2026-05-25T21:04:06.203147,10645,-0.2000,0.0000,0.0000,-0.5000
2026-05-25T21:04:06.303549,10646,-0.2000,0.0000,0.0000,-0.5000
2026-05-25T21:04:06.403751,10647,-0.2000,0.0000,0.0000,-0.5000
2026-05-25T21:04:06.628251,10648,-0.2000,0.0000,0.0000,-0.5000
2026-05-25T21:04:06.730357,10649,0.0000,0.0000,0.0000,0.5000
2026-05-25T21:04:06.830471,10650,0.0000,0.0000,0.0000,0.5000
2026-05-25T21:04:06.930613,10651,0.0000,0.0000,0.0000,0.5000
2026-05-25T21:04:07.030732,10652,0.0000,0.0000,0.0000,0.5000
2026-05-25T21:04:07.130863,10653,0.0000,0.0000,0.0000,0.5000
2026-05-25T21:04:07.231026,10654,0.0000,0.0000,0.0000,0.5000
2026-05-25T21:04:07.331139,10655,0.0000,0.0000,0.0000,0.5000
2026-05-25T21:04:07.431249,10656,0.0000,0.0000,0.0000,0.5000
2026-05-25T21:04:07.531488,10657,0.0000,0.0000,0.0000,0.5000
2026-05-25T21:04:07.631646,10658,0.0000,0.0000,0.0000,0.5000
2026-05-25T21:04:07.731988,10659,0.0000,0.0000,0.0000,0.5000
2026-05-25T21:04:07.832107,10660,0.0000,0.0000,0.0000,0.5000
2026-05-25T21:04:08.058144,10661,0.0000,0.0000,0.0000,0.5000
2026-05-25T21:04:08.158280,10662,0.0000,0.0000,0.0000,0.5000
2026-05-25T21:04:08.258356,10663,0.0000,0.0000,0.0000,0.5000
2026-05-25T21:04:08.360337,10664,0.0000,0.0000,0.0000,0.5000
2026-05-25T21:04:08.460493,10665,0.0000,0.0000,0.0000,0.5000
2026-05-25T21:04:08.560595,10666,0.0000,0.0000,0.0000,0.5000
2026-05-25T21:04:08.660695,10667,0.0000,0.0000,0.0000,0.5000
2026-05-25T21:04:08.761396,10668,0.0000,0.0000,0.0000,0.5000
2026-05-25T21:04:08.861031,10669,0.0000,0.0000,0.0000,0.5000
2026-05-25T21:04:09.058186,10670,0.0000,0.0000,0.0000,0.5000
2026-05-25T21:04:09.158374,10671,0.0000,0.0000,0.0000,0.5000
2026-05-25T21:04:09.258427,10672,0.0000,0.0000,0.0000,0.5000
2026-05-25T21:04:09.358566,10673,0.0000,0.0000,0.0000,0.5000
2026-05-25T21:04:09.458698,10674,0.0000,0.0000,0.0000,0.5000
2026-05-25T21:04:09.558734,10675,0.0000,0.0000,0.0000,0.5000
2026-05-25T21:04:09.658967,10676,0.0000,0.0000,0.0000,0.5000
2026-05-25T21:04:09.928341,10677,0.0000,0.0000,0.0000,0.5000
2026-05-25T21:04:10.028615,10678,0.0000,0.0000,0.0000,0.5000
2026-05-25T21:04:10.129247,10679,0.3000,0.0000,0.0000,0.0000
2026-05-25T21:04:10.229968,10680,0.3000,0.0000,0.0000,0.0000
2026-05-25T21:04:10.330041,10681,0.3000,0.0000,0.0000,0.0000
2026-05-25T21:04:10.430277,10682,0.3000,0.0000,0.0000,0.0000
2026-05-25T21:04:10.530308,10683,0.3000,0.0000,0.0000,0.0000
2026-05-25T21:04:10.631597,10684,0.3000,0.0000,0.0000,0.0000
2026-05-25T21:04:10.731560,10685,0.3000,0.0000,0.0000,0.0000
2026-05-25T21:04:10.832379,10686,0.3000,0.0000,0.0000,0.0000
2026-05-25T21:04:10.931829,10687,0.3000,0.0000,0.0000,0.0000
2026-05-25T21:04:11.179043,10688,0.3000,0.0000,0.0000,0.0000
2026-05-25T21:04:11.278291,10689,0.3000,0.0000,0.0000,0.0000
2026-05-25T21:04:11.378320,10690,0.3000,0.0000,0.0000,0.0000
2026-05-25T21:04:11.478434,10691,0.3000,0.0000,0.0000,0.0000
2026-05-25T21:04:11.578602,10692,0.3000,0.0000,0.0000,0.0000
2026-05-25T21:04:11.678685,10693,0.3000,0.0000,0.0000,0.0000
2026-05-25T21:04:11.778825,10694,0.3000,0.0000,0.0000,0.0000
2026-05-25T21:04:11.878955,10695,0.3000,0.0000,0.0000,0.0000
2026-05-25T21:04:11.979087,10696,0.3000,0.0000,0.0000,0.0000
2026-05-25T21:04:12.079703,10697,0.3000,0.0000,0.0000,0.0000
2026-05-25T21:04:12.179816,10698,0.3000,0.0000,0.0000,0.0000
2026-05-25T21:04:12.279962,10699,0.3000,0.0000,0.0000,0.0000
2026-05-25T21:04:12.380074,10700,0.3000,0.0000,0.0000,0.0000
2026-05-25T21:04:12.598403,10701,0.3000,0.0000,0.0000,0.0000
2026-05-25T21:04:12.698314,10702,0.3000,0.0000,0.0000,0.0000
2026-05-25T21:04:12.798552,10703,0.3000,0.0000,0.0000,0.0000
2026-05-25T21:04:12.898712,10704,0.3000,0.0000,0.0000,0.0000
2026-05-25T21:04:12.998828,10705,0.3000,0.0000,0.0000,0.0000
2026-05-25T21:04:13.099418,10706,0.3000,0.0000,0.0000,0.0000
2026-05-25T21:04:13.200429,10707,0.3000,0.0000,0.0000,0.0000
2026-05-25T21:04:13.299665,10708,0.3000,0.0000,0.0000,0.0000
2026-05-25T21:04:13.402352,10709,0.0000,0.0000,0.0000,-0.5000
2026-05-25T21:04:13.502444,10710,0.0000,0.0000,0.0000,-0.5000
2026-05-25T21:04:13.602603,10711,0.0000,0.0000,0.0000,-0.5000
2026-05-25T21:04:13.703308,10712,0.0000,0.0000,0.0000,-0.5000
2026-05-25T21:04:13.802865,10713,0.0000,0.0000,0.0000,-0.5000
2026-05-25T21:04:14.028356,10714,0.0000,0.0000,0.0000,-0.5000
2026-05-25T21:04:14.128566,10715,0.0000,0.0000,0.0000,-0.5000
2026-05-25T21:04:14.228603,10716,0.0000,0.0000,0.0000,-0.5000
2026-05-25T21:04:14.328646,10717,0.0000,0.0000,0.0000,-0.5000
2026-05-25T21:04:14.428812,10718,0.0000,0.0000,0.0000,-0.5000
2026-05-25T21:04:14.528943,10719,0.0000,0.0000,0.0000,-0.5000
2026-05-25T21:04:14.629059,10720,0.0000,0.0000,0.0000,-0.5000
2026-05-25T21:04:14.729164,10721,0.0000,0.0000,0.0000,-0.5000
2026-05-25T21:04:14.829329,10722,0.0000,0.0000,0.0000,-0.5000
2026-05-25T21:04:14.929724,10723,0.0000,0.0000,0.0000,-0.5000
2026-05-25T21:04:15.029825,10724,0.0000,0.0000,0.0000,-0.5000
2026-05-25T21:04:15.130204,10725,0.0000,0.0000,0.0000,-0.5000
2026-05-25T21:04:15.230313,10726,0.0000,0.0000,0.0000,-0.5000
2026-05-25T21:04:15.448433,10727,0.0000,0.0000,0.0000,-0.5000
2026-05-25T21:04:15.549329,10728,0.0000,0.0000,0.0000,-0.5000
2026-05-25T21:04:15.649627,10729,0.0000,0.0000,0.0000,-0.5000
2026-05-25T21:04:15.749579,10730,0.0000,0.0000,0.0000,-0.5000
2026-05-25T21:04:15.849735,10731,0.0000,0.0000,0.0000,-0.5000
2026-05-25T21:04:15.949890,10732,0.0000,0.0000,0.0000,-0.5000
2026-05-25T21:04:16.049987,10733,0.0000,0.0000,0.0000,-0.5000
2026-05-25T21:04:16.150149,10734,0.0000,0.0000,0.0000,-0.5000
2026-05-25T21:04:16.250270,10735,0.0000,0.0000,0.0000,-0.5000
2026-05-25T21:04:16.350335,10736,0.0000,0.0000,0.0000,-0.5000
2026-05-25T21:04:16.450454,10737,0.0000,0.0000,0.0000,-0.5000
2026-05-25T21:04:16.668363,10738,0.0000,0.0000,0.0000,-0.5000
2026-05-25T21:04:16.768453,10739,-0.2000,0.0000,0.0000,-0.5000
2026-05-25T21:04:16.868570,10740,-0.2000,0.0000,0.0000,-0.5000
2026-05-25T21:04:16.968708,10741,-0.2000,0.0000,0.0000,-0.5000
2026-05-25T21:04:17.068820,10742,-0.2000,0.0000,0.0000,-0.5000
2026-05-25T21:04:17.168990,10743,-0.2000,0.0000,0.0000,-0.5000
2026-05-25T21:04:17.269101,10744,-0.2000,0.0000,0.0000,-0.5000
2026-05-25T21:04:17.369242,10745,-0.2000,0.0000,0.0000,-0.5000
2026-05-25T21:04:17.469353,10746,-0.2000,0.0000,0.0000,-0.5000
2026-05-25T21:04:17.569465,10747,-0.2000,0.0000,0.0000,-0.5000
2026-05-25T21:04:17.669610,10748,-0.2000,0.0000,0.0000,-0.5000
2026-05-25T21:04:17.878394,10749,-0.2000,0.0000,0.0000,-0.5000
2026-05-25T21:04:17.978491,10750,-0.2000,0.0000,0.0000,-0.5000
2026-05-25T21:04:18.078602,10751,-0.2000,0.0000,0.0000,-0.5000
2026-05-25T21:04:18.178816,10752,-0.2000,0.0000,0.0000,-0.5000
2026-05-25T21:04:18.278878,10753,-0.2000,0.0000,0.0000,-0.5000
2026-05-25T21:04:18.379019,10754,-0.2000,0.0000,0.0000,-0.5000
2026-05-25T21:04:18.479173,10755,-0.2000,0.0000,0.0000,-0.5000
2026-05-25T21:04:18.579490,10756,-0.2000,0.0000,0.0000,-0.5000
2026-05-25T21:04:18.679320,10757,-0.2000,0.0000,0.0000,-0.5000
2026-05-25T21:04:18.908320,10758,-0.2000,0.0000,0.0000,-0.5000
2026-05-25T21:04:19.008349,10759,-0.2000,0.0000,0.0000,-0.5000
2026-05-25T21:04:19.108452,10760,-0.2000,0.0000,0.0000,-0.5000
2026-05-25T21:04:19.208616,10761,-0.2000,0.0000,0.0000,-0.5000
2026-05-25T21:04:19.308726,10762,-0.2000,0.0000,0.0000,-0.5000
2026-05-25T21:04:19.408876,10763,-0.2000,0.0000,0.0000,-0.5000
2026-05-25T21:04:19.509013,10764,-0.2000,0.0000,0.0000,-0.5000
2026-05-25T21:04:19.609119,10765,-0.2000,0.0000,0.0000,-0.5000
2026-05-25T21:04:19.709267,10766,-0.2000,0.0000,0.0000,-0.5000
2026-05-25T21:04:19.809406,10767,-0.2000,0.0000,0.0000,-0.5000
2026-05-25T21:04:19.909479,10768,-0.2000,0.0000,0.0000,-0.5000
2026-05-25T21:04:20.128387,10769,0.0000,0.0000,0.0000,0.5000
2026-05-25T21:04:20.228354,10770,0.0000,0.0000,0.0000,0.5000
2026-05-25T21:04:20.328512,10771,0.0000,0.0000,0.0000,0.5000
2026-05-25T21:04:20.428634,10772,0.0000,0.0000,0.0000,0.5000
2026-05-25T21:04:20.528733,10773,0.0000,0.0000,0.0000,0.5000
2026-05-25T21:04:20.628891,10774,0.0000,0.0000,0.0000,0.5000
2026-05-25T21:04:20.729220,10775,0.0000,0.0000,0.0000,0.5000
2026-05-25T21:04:20.829218,10776,0.0000,0.0000,0.0000,0.5000
2026-05-25T21:04:20.929292,10777,0.0000,0.0000,0.0000,0.5000
2026-05-25T21:04:21.138421,10778,0.0000,0.0000,0.0000,0.5000
2026-05-25T21:04:21.238554,10779,0.0000,0.0000,0.0000,0.5000
2026-05-25T21:04:21.338750,10780,0.0000,0.0000,0.0000,0.5000
2026-05-25T21:04:21.438801,10781,0.0000,0.0000,0.0000,0.5000
2026-05-25T21:04:21.538958,10782,0.0000,0.0000,0.0000,0.5000
2026-05-25T21:04:21.639130,10783,0.0000,0.0000,0.0000,0.5000
2026-05-25T21:04:21.739207,10784,0.0000,0.0000,0.0000,0.5000
2026-05-25T21:04:21.839322,10785,0.0000,0.0000,0.0000,0.5000
2026-05-25T21:04:21.939496,10786,0.0000,0.0000,0.0000,0.5000
2026-05-25T21:04:22.159414,10787,0.0000,0.0000,0.0000,0.5000
2026-05-25T21:04:22.259493,10788,0.0000,0.0000,0.0000,0.5000
2026-05-25T21:04:22.359677,10789,0.0000,0.0000,0.0000,0.5000
2026-05-25T21:04:22.459796,10790,0.0000,0.0000,0.0000,0.5000
2026-05-25T21:04:22.559944,10791,0.0000,0.0000,0.0000,0.5000
2026-05-25T21:04:22.660053,10792,0.0000,0.0000,0.0000,0.5000
2026-05-25T21:04:22.760187,10793,0.0000,0.0000,0.0000,0.5000
2026-05-25T21:04:22.860289,10794,0.0000,0.0000,0.0000,0.5000
2026-05-25T21:04:22.960333,10795,0.0000,0.0000,0.0000,0.5000
2026-05-25T21:04:23.168466,10796,0.0000,0.0000,0.0000,0.5000
2026-05-25T21:04:23.268968,10797,0.0000,0.0000,0.0000,0.5000
2026-05-25T21:04:23.369134,10798,0.0000,0.0000,0.0000,0.5000
2026-05-25T21:04:23.469252,10799,0.3000,0.0000,0.0000,0.0000
2026-05-25T21:04:23.569373,10800,0.3000,0.0000,0.0000,0.0000
2026-05-25T21:04:23.669511,10801,0.3000,0.0000,0.0000,0.0000
2026-05-25T21:04:23.769605,10802,0.3000,0.0000,0.0000,0.0000
2026-05-25T21:04:23.869694,10803,0.3000,0.0000,0.0000,0.0000
2026-05-25T21:04:23.969860,10804,0.3000,0.0000,0.0000,0.0000
2026-05-25T21:04:24.069995,10805,0.3000,0.0000,0.0000,0.0000
2026-05-25T21:04:24.170313,10806,0.3000,0.0000,0.0000,0.0000
2026-05-25T21:04:24.448453,10807,0.3000,0.0000,0.0000,0.0000
2026-05-25T21:04:24.548567,10808,0.3000,0.0000,0.0000,0.0000
2026-05-25T21:04:24.648708,10809,0.3000,0.0000,0.0000,0.0000
2026-05-25T21:04:24.748826,10810,0.3000,0.0000,0.0000,0.0000
2026-05-25T21:04:24.848989,10811,0.3000,0.0000,0.0000,0.0000
2026-05-25T21:04:24.949084,10812,0.3000,0.0000,0.0000,0.0000
2026-05-25T21:04:25.049221,10813,0.3000,0.0000,0.0000,0.0000
2026-05-25T21:04:25.149329,10814,0.3000,0.0000,0.0000,0.0000
2026-05-25T21:04:25.249447,10815,0.3000,0.0000,0.0000,0.0000
2026-05-25T21:04:25.349632,10816,0.3000,0.0000,0.0000,0.0000
2026-05-25T21:04:25.451300,10817,0.3000,0.0000,0.0000,0.0000
2026-05-25T21:04:25.551410,10818,0.3000,0.0000,0.0000,0.0000
2026-05-25T21:04:25.651620,10819,0.3000,0.0000,0.0000,0.0000
2026-05-25T21:04:25.751747,10820,0.3000,0.0000,0.0000,0.0000
2026-05-25T21:04:25.998470,10821,0.3000,0.0000,0.0000,0.0000
2026-05-25T21:04:26.098569,10822,0.3000,0.0000,0.0000,0.0000
2026-05-25T21:04:26.198885,10823,0.3000,0.0000,0.0000,0.0000
2026-05-25T21:04:26.301358,10824,0.3000,0.0000,0.0000,0.0000
2026-05-25T21:04:26.401490,10825,0.3000,0.0000,0.0000,0.0000
2026-05-25T21:04:26.501587,10826,0.3000,0.0000,0.0000,0.0000
2026-05-25T21:04:26.601827,10827,0.3000,0.0000,0.0000,0.0000
2026-05-25T21:04:26.701943,10828,0.3000,0.0000,0.0000,0.0000
2026-05-25T21:04:26.802019,10829,0.0000,0.0000,0.0000,-0.5000
2026-05-25T21:04:26.902152,10830,0.0000,0.0000,0.0000,-0.5000
2026-05-25T21:04:27.002336,10831,0.0000,0.0000,0.0000,-0.5000
2026-05-25T21:04:27.218570,10832,0.0000,0.0000,0.0000,-0.5000
2026-05-25T21:04:27.318681,10833,0.0000,0.0000,0.0000,-0.5000
2026-05-25T21:04:27.418897,10834,0.0000,0.0000,0.0000,-0.5000
2026-05-25T21:04:27.519112,10835,0.0000,0.0000,0.0000,-0.5000
2026-05-25T21:04:27.619422,10836,0.0000,0.0000,0.0000,-0.5000
2026-05-25T21:04:27.719209,10837,0.0000,0.0000,0.0000,-0.5000
2026-05-25T21:04:27.819329,10838,0.0000,0.0000,0.0000,-0.5000
2026-05-25T21:04:27.919438,10839,0.0000,0.0000,0.0000,-0.5000
2026-05-25T21:04:28.020017,10840,0.0000,0.0000,0.0000,-0.5000
2026-05-25T21:04:28.228589,10841,0.0000,0.0000,0.0000,-0.5000
2026-05-25T21:04:28.328693,10842,0.0000,0.0000,0.0000,-0.5000
2026-05-25T21:04:28.428810,10843,0.0000,0.0000,0.0000,-0.5000
2026-05-25T21:04:28.528969,10844,0.0000,0.0000,0.0000,-0.5000
2026-05-25T21:04:28.629095,10845,0.0000,0.0000,0.0000,-0.5000
2026-05-25T21:04:28.729749,10846,0.0000,0.0000,0.0000,-0.5000
2026-05-25T21:04:28.829858,10847,0.0000,0.0000,0.0000,-0.5000
2026-05-25T21:04:28.929986,10848,0.0000,0.0000,0.0000,-0.5000
2026-05-25T21:04:29.030127,10849,0.0000,0.0000,0.0000,-0.5000
2026-05-25T21:04:29.130283,10850,0.0000,0.0000,0.0000,-0.5000
2026-05-25T21:04:29.230417,10851,0.0000,0.0000,0.0000,-0.5000
2026-05-25T21:04:29.499386,10852,0.0000,0.0000,0.0000,-0.5000
2026-05-25T21:04:29.598805,10853,0.0000,0.0000,0.0000,-0.5000
2026-05-25T21:04:29.698951,10854,0.0000,0.0000,0.0000,-0.5000
2026-05-25T21:04:29.799038,10855,0.0000,0.0000,0.0000,-0.5000
2026-05-25T21:04:29.899130,10856,0.0000,0.0000,0.0000,-0.5000
2026-05-25T21:04:29.999479,10857,0.0000,0.0000,0.0000,-0.5000
2026-05-25T21:04:30.099278,10858,0.0000,0.0000,0.0000,-0.5000
2026-05-25T21:04:30.199413,10859,-0.2000,0.0000,0.0000,-0.5000
2026-05-25T21:04:30.299568,10860,-0.2000,0.0000,0.0000,-0.5000
2026-05-25T21:04:30.400003,10861,-0.2000,0.0000,0.0000,-0.5000
2026-05-25T21:04:30.499791,10862,-0.2000,0.0000,0.0000,-0.5000
2026-05-25T21:04:30.599993,10863,-0.2000,0.0000,0.0000,-0.5000
2026-05-25T21:04:30.700040,10864,-0.2000,0.0000,0.0000,-0.5000
2026-05-25T21:04:30.919392,10865,-0.2000,0.0000,0.0000,-0.5000
2026-05-25T21:04:31.019529,10866,-0.2000,0.0000,0.0000,-0.5000
2026-05-25T21:04:31.119714,10867,-0.2000,0.0000,0.0000,-0.5000
2026-05-25T21:04:31.219791,10868,-0.2000,0.0000,0.0000,-0.5000
2026-05-25T21:04:31.319904,10869,-0.2000,0.0000,0.0000,-0.5000
2026-05-25T21:04:31.420125,10870,-0.2000,0.0000,0.0000,-0.5000
2026-05-25T21:04:31.520203,10871,-0.2000,0.0000,0.0000,-0.5000
2026-05-25T21:04:31.620351,10872,-0.2000,0.0000,0.0000,-0.5000
2026-05-25T21:04:31.720442,10873,-0.2000,0.0000,0.0000,-0.5000
2026-05-25T21:04:31.928591,10874,-0.2000,0.0000,0.0000,-0.5000
2026-05-25T21:04:32.028705,10875,-0.2000,0.0000,0.0000,-0.5000
2026-05-25T21:04:32.128818,10876,-0.2000,0.0000,0.0000,-0.5000
2026-05-25T21:04:32.228929,10877,-0.2000,0.0000,0.0000,-0.5000
2026-05-25T21:04:32.329103,10878,-0.2000,0.0000,0.0000,-0.5000
2026-05-25T21:04:32.429220,10879,-0.2000,0.0000,0.0000,-0.5000
2026-05-25T21:04:32.529324,10880,-0.2000,0.0000,0.0000,-0.5000
2026-05-25T21:04:32.629457,10881,-0.2000,0.0000,0.0000,-0.5000
2026-05-25T21:04:32.729622,10882,-0.2000,0.0000,0.0000,-0.5000
2026-05-25T21:04:32.938617,10883,-0.2000,0.0000,0.0000,-0.5000
2026-05-25T21:04:33.039247,10884,-0.2000,0.0000,0.0000,-0.5000
2026-05-25T21:04:33.138989,10885,-0.2000,0.0000,0.0000,-0.5000
2026-05-25T21:04:33.240183,10886,-0.2000,0.0000,0.0000,-0.5000
2026-05-25T21:04:33.339318,10887,-0.2000,0.0000,0.0000,-0.5000
2026-05-25T21:04:33.439465,10888,-0.2000,0.0000,0.0000,-0.5000
2026-05-25T21:04:33.539574,10889,0.0000,0.0000,0.0000,0.5000
2026-05-25T21:04:33.639700,10890,0.0000,0.0000,0.0000,0.5000
2026-05-25T21:04:33.739828,10891,0.0000,0.0000,0.0000,0.5000
2026-05-25T21:04:33.948738,10892,0.0000,0.0000,0.0000,0.5000
2026-05-25T21:04:34.048846,10893,0.0000,0.0000,0.0000,0.5000
2026-05-25T21:04:34.149044,10894,0.0000,0.0000,0.0000,0.5000
2026-05-25T21:04:34.249189,10895,0.0000,0.0000,0.0000,0.5000
2026-05-25T21:04:34.350356,10896,0.0000,0.0000,0.0000,0.5000
2026-05-25T21:04:34.449602,10897,0.0000,0.0000,0.0000,0.5000
2026-05-25T21:04:34.550837,10898,0.0000,0.0000,0.0000,0.5000
2026-05-25T21:04:34.651505,10899,0.0000,0.0000,0.0000,0.5000
2026-05-25T21:04:34.751621,10900,0.0000,0.0000,0.0000,0.5000
2026-05-25T21:04:34.851801,10901,0.0000,0.0000,0.0000,0.5000
2026-05-25T21:04:34.953291,10902,0.0000,0.0000,0.0000,0.5000
2026-05-25T21:04:35.168814,10903,0.0000,0.0000,0.0000,0.5000
2026-05-25T21:04:35.268955,10904,0.0000,0.0000,0.0000,0.5000
2026-05-25T21:04:35.369135,10905,0.0000,0.0000,0.0000,0.5000
2026-05-25T21:04:35.469860,10906,0.0000,0.0000,0.0000,0.5000
2026-05-25T21:04:35.569497,10907,0.0000,0.0000,0.0000,0.5000
2026-05-25T21:04:35.669623,10908,0.0000,0.0000,0.0000,0.5000
2026-05-25T21:04:35.769926,10909,0.0000,0.0000,0.0000,0.5000
2026-05-25T21:04:35.870040,10910,0.0000,0.0000,0.0000,0.5000
2026-05-25T21:04:35.970262,10911,0.0000,0.0000,0.0000,0.5000
2026-05-25T21:04:36.188697,10912,0.0000,0.0000,0.0000,0.5000
2026-05-25T21:04:36.288783,10913,0.0000,0.0000,0.0000,0.5000
2026-05-25T21:04:36.389212,10914,0.0000,0.0000,0.0000,0.5000
2026-05-25T21:04:36.489354,10915,0.0000,0.0000,0.0000,0.5000
2026-05-25T21:04:36.589833,10916,0.0000,0.0000,0.0000,0.5000
2026-05-25T21:04:36.689955,10917,0.0000,0.0000,0.0000,0.5000
2026-05-25T21:04:36.790338,10918,0.0000,0.0000,0.0000,0.5000
2026-05-25T21:04:36.890461,10919,0.3000,0.0000,0.0000,0.0000
2026-05-25T21:04:36.990731,10920,0.3000,0.0000,0.0000,0.0000
2026-05-25T21:04:37.090847,10921,0.3000,0.0000,0.0000,0.0000
2026-05-25T21:04:37.191221,10922,0.3000,0.0000,0.0000,0.0000
2026-05-25T21:04:37.458737,10923,0.3000,0.0000,0.0000,0.0000
2026-05-25T21:04:37.559250,10924,0.3000,0.0000,0.0000,0.0000
2026-05-25T21:04:37.659338,10925,0.3000,0.0000,0.0000,0.0000
2026-05-25T21:04:37.759454,10926,0.3000,0.0000,0.0000,0.0000
2026-05-25T21:04:37.859565,10927,0.3000,0.0000,0.0000,0.0000
2026-05-25T21:04:37.959712,10928,0.3000,0.0000,0.0000,0.0000
2026-05-25T21:04:38.059860,10929,0.3000,0.0000,0.0000,0.0000
2026-05-25T21:04:38.160556,10930,0.3000,0.0000,0.0000,0.0000
2026-05-25T21:04:38.260676,10931,0.3000,0.0000,0.0000,0.0000
2026-05-25T21:04:38.360824,10932,0.3000,0.0000,0.0000,0.0000
2026-05-25T21:04:38.460978,10933,0.3000,0.0000,0.0000,0.0000
2026-05-25T21:04:38.595712,10934,0.3000,0.0000,0.0000,0.0000
2026-05-25T21:04:38.695804,10935,0.3000,0.0000,0.0000,0.0000
2026-05-25T21:04:38.795946,10936,0.3000,0.0000,0.0000,0.0000
2026-05-25T21:04:38.896125,10937,0.3000,0.0000,0.0000,0.0000
2026-05-25T21:04:38.996196,10938,0.3000,0.0000,0.0000,0.0000
2026-05-25T21:04:39.278723,10939,0.3000,0.0000,0.0000,0.0000
2026-05-25T21:04:39.378822,10940,0.3000,0.0000,0.0000,0.0000
2026-05-25T21:04:39.478937,10941,0.3000,0.0000,0.0000,0.0000
2026-05-25T21:04:39.579096,10942,0.3000,0.0000,0.0000,0.0000
2026-05-25T21:04:39.679208,10943,0.3000,0.0000,0.0000,0.0000
2026-05-25T21:04:39.779297,10944,0.3000,0.0000,0.0000,0.0000
2026-05-25T21:04:39.879431,10945,0.3000,0.0000,0.0000,0.0000
2026-05-25T21:04:39.979578,10946,0.3000,0.0000,0.0000,0.0000
2026-05-25T21:04:40.079664,10947,0.3000,0.0000,0.0000,0.0000
2026-05-25T21:04:40.288679,10948,0.3000,0.0000,0.0000,0.0000
2026-05-25T21:04:40.388785,10949,0.0000,0.0000,0.0000,-0.5000
2026-05-25T21:04:40.488947,10950,0.0000,0.0000,0.0000,-0.5000
2026-05-25T21:04:40.589029,10951,0.0000,0.0000,0.0000,-0.5000
2026-05-25T21:04:40.689467,10952,0.0000,0.0000,0.0000,-0.5000
2026-05-25T21:04:40.789668,10953,0.0000,0.0000,0.0000,-0.5000
2026-05-25T21:04:40.889755,10954,0.0000,0.0000,0.0000,-0.5000
2026-05-25T21:04:40.989907,10955,0.0000,0.0000,0.0000,-0.5000
2026-05-25T21:04:41.090090,10956,0.0000,0.0000,0.0000,-0.5000
2026-05-25T21:04:41.328801,10957,0.0000,0.0000,0.0000,-0.5000
2026-05-25T21:04:41.428838,10958,0.0000,0.0000,0.0000,-0.5000
2026-05-25T21:04:41.528980,10959,0.0000,0.0000,0.0000,-0.5000
2026-05-25T21:04:41.629177,10960,0.0000,0.0000,0.0000,-0.5000
2026-05-25T21:04:41.729227,10961,0.0000,0.0000,0.0000,-0.5000
2026-05-25T21:04:41.829311,10962,0.0000,0.0000,0.0000,-0.5000
2026-05-25T21:04:41.929494,10963,0.0000,0.0000,0.0000,-0.5000
2026-05-25T21:04:42.029562,10964,0.0000,0.0000,0.0000,-0.5000
2026-05-25T21:04:42.129715,10965,0.0000,0.0000,0.0000,-0.5000
2026-05-25T21:04:42.230031,10966,0.0000,0.0000,0.0000,-0.5000
2026-05-25T21:04:42.330075,10967,0.0000,0.0000,0.0000,-0.5000
2026-05-25T21:04:42.458890,10968,0.0000,0.0000,0.0000,-0.5000
2026-05-25T21:04:42.558970,10969,0.0000,0.0000,0.0000,-0.5000
2026-05-25T21:04:42.659338,10970,0.0000,0.0000,0.0000,-0.5000
2026-05-25T21:04:42.759406,10971,0.0000,0.0000,0.0000,-0.5000
2026-05-25T21:04:42.859619,10972,0.0000,0.0000,0.0000,-0.5000
2026-05-25T21:04:42.959676,10973,0.0000,0.0000,0.0000,-0.5000
2026-05-25T21:04:43.059889,10974,0.0000,0.0000,0.0000,-0.5000
2026-05-25T21:04:43.348884,10975,0.0000,0.0000,0.0000,-0.5000
2026-05-25T21:04:43.452488,10976,0.0000,0.0000,0.0000,-0.5000
2026-05-25T21:04:43.554339,10977,0.0000,0.0000,0.0000,-0.5000
2026-05-25T21:04:43.654476,10978,0.0000,0.0000,0.0000,-0.5000
2026-05-25T21:04:43.754608,10979,-0.2000,0.0000,0.0000,-0.5000
2026-05-25T21:04:43.856297,10980,-0.2000,0.0000,0.0000,-0.5000
2026-05-25T21:04:43.956455,10981,-0.2000,0.0000,0.0000,-0.5000
2026-05-25T21:04:44.057916,10982,-0.2000,0.0000,0.0000,-0.5000
2026-05-25T21:04:44.158082,10983,-0.2000,0.0000,0.0000,-0.5000
2026-05-25T21:04:44.258111,10984,-0.2000,0.0000,0.0000,-0.5000
2026-05-25T21:04:44.358270,10985,-0.2000,0.0000,0.0000,-0.5000
2026-05-25T21:04:44.568943,10986,-0.2000,0.0000,0.0000,-0.5000
2026-05-25T21:04:44.668927,10987,-0.2000,0.0000,0.0000,-0.5000
2026-05-25T21:04:44.769965,10988,-0.2000,0.0000,0.0000,-0.5000
2026-05-25T21:04:44.869158,10989,-0.2000,0.0000,0.0000,-0.5000
2026-05-25T21:04:44.969310,10990,-0.2000,0.0000,0.0000,-0.5000
2026-05-25T21:04:45.069391,10991,-0.2000,0.0000,0.0000,-0.5000
2026-05-25T21:04:45.169511,10992,-0.2000,0.0000,0.0000,-0.5000
2026-05-25T21:04:45.269745,10993,-0.2000,0.0000,0.0000,-0.5000
2026-05-25T21:04:45.369809,10994,-0.2000,0.0000,0.0000,-0.5000
2026-05-25T21:04:45.589118,10995,-0.2000,0.0000,0.0000,-0.5000
2026-05-25T21:04:45.690293,10996,-0.2000,0.0000,0.0000,-0.5000
2026-05-25T21:04:45.790451,10997,-0.2000,0.0000,0.0000,-0.5000
2026-05-25T21:04:45.890567,10998,-0.2000,0.0000,0.0000,-0.5000
2026-05-25T21:04:45.990641,10999,-0.2000,0.0000,0.0000,-0.5000
2026-05-25T21:04:46.090817,11000,-0.2000,0.0000,0.0000,-0.5000
2026-05-25T21:04:46.191070,11001,-0.2000,0.0000,0.0000,-0.5000
2026-05-25T21:04:46.291063,11002,-0.2000,0.0000,0.0000,-0.5000
2026-05-25T21:04:46.391212,11003,-0.2000,0.0000,0.0000,-0.5000
2026-05-25T21:04:46.598922,11004,-0.2000,0.0000,0.0000,-0.5000
2026-05-25T21:04:46.698928,11005,-0.2000,0.0000,0.0000,-0.5000
2026-05-25T21:04:46.799064,11006,-0.2000,0.0000,0.0000,-0.5000
2026-05-25T21:04:46.900314,11007,-0.2000,0.0000,0.0000,-0.5000
2026-05-25T21:04:47.000372,11008,-0.2000,0.0000,0.0000,-0.5000
2026-05-25T21:04:47.100504,11009,0.0000,0.0000,0.0000,0.5000
2026-05-25T21:04:47.200664,11010,0.0000,0.0000,0.0000,0.5000
2026-05-25T21:04:47.300777,11011,0.0000,0.0000,0.0000,0.5000
2026-05-25T21:04:47.400832,11012,0.0000,0.0000,0.0000,0.5000
2026-05-25T21:04:47.501076,11013,0.0000,0.0000,0.0000,0.5000
2026-05-25T21:04:47.601156,11014,0.0000,0.0000,0.0000,0.5000
2026-05-25T21:04:47.818938,11015,0.0000,0.0000,0.0000,0.5000
2026-05-25T21:04:47.918953,11016,0.0000,0.0000,0.0000,0.5000
2026-05-25T21:04:48.019161,11017,0.0000,0.0000,0.0000,0.5000
2026-05-25T21:04:48.119171,11018,0.0000,0.0000,0.0000,0.5000
2026-05-25T21:04:48.219350,11019,0.0000,0.0000,0.0000,0.5000
2026-05-25T21:04:48.319505,11020,0.0000,0.0000,0.0000,0.5000
2026-05-25T21:04:48.419583,11021,0.0000,0.0000,0.0000,0.5000
2026-05-25T21:04:48.520046,11022,0.0000,0.0000,0.0000,0.5000
2026-05-25T21:04:48.619873,11023,0.0000,0.0000,0.0000,0.5000
2026-05-25T21:04:48.828937,11024,0.0000,0.0000,0.0000,0.5000
2026-05-25T21:04:48.929014,11025,0.0000,0.0000,0.0000,0.5000
2026-05-25T21:04:49.029138,11026,0.0000,0.0000,0.0000,0.5000
2026-05-25T21:04:49.129807,11027,0.0000,0.0000,0.0000,0.5000
2026-05-25T21:04:49.229954,11028,0.0000,0.0000,0.0000,0.5000
2026-05-25T21:04:49.330080,11029,0.0000,0.0000,0.0000,0.5000
2026-05-25T21:04:49.430787,11030,0.0000,0.0000,0.0000,0.5000
2026-05-25T21:04:49.530851,11031,0.0000,0.0000,0.0000,0.5000
2026-05-25T21:04:49.630990,11032,0.0000,0.0000,0.0000,0.5000
2026-05-25T21:04:49.838922,11033,0.0000,0.0000,0.0000,0.5000
2026-05-25T21:04:49.939048,11034,0.0000,0.0000,0.0000,0.5000
2026-05-25T21:04:50.041304,11035,0.0000,0.0000,0.0000,0.5000
2026-05-25T21:04:50.141461,11036,0.0000,0.0000,0.0000,0.5000
2026-05-25T21:04:50.241593,11037,0.0000,0.0000,0.0000,0.5000
2026-05-25T21:04:50.341709,11038,0.0000,0.0000,0.0000,0.5000
2026-05-25T21:04:50.441852,11039,0.3000,0.0000,0.0000,0.0000
2026-05-25T21:04:50.541980,11040,0.3000,0.0000,0.0000,0.0000
2026-05-25T21:04:50.642586,11041,0.3000,0.0000,0.0000,0.0000
2026-05-25T21:04:50.742249,11042,0.3000,0.0000,0.0000,0.0000
2026-05-25T21:04:50.842921,11043,0.3000,0.0000,0.0000,0.0000
2026-05-25T21:04:51.049427,11044,0.3000,0.0000,0.0000,0.0000
2026-05-25T21:04:51.149520,11045,0.3000,0.0000,0.0000,0.0000
2026-05-25T21:04:51.249664,11046,0.3000,0.0000,0.0000,0.0000
2026-05-25T21:04:51.352523,11047,0.3000,0.0000,0.0000,0.0000
2026-05-25T21:04:51.452455,11048,0.3000,0.0000,0.0000,0.0000
2026-05-25T21:04:51.552640,11049,0.3000,0.0000,0.0000,0.0000
2026-05-25T21:04:51.652727,11050,0.3000,0.0000,0.0000,0.0000
2026-05-25T21:04:51.752881,11051,0.3000,0.0000,0.0000,0.0000
2026-05-25T21:04:51.853637,11052,0.3000,0.0000,0.0000,0.0000
2026-05-25T21:04:51.953446,11053,0.3000,0.0000,0.0000,0.0000
2026-05-25T21:04:52.053567,11054,0.3000,0.0000,0.0000,0.0000
2026-05-25T21:04:52.153981,11055,0.3000,0.0000,0.0000,0.0000
2026-05-25T21:04:52.256273,11056,0.3000,0.0000,0.0000,0.0000
2026-05-25T21:04:52.509045,11057,0.3000,0.0000,0.0000,0.0000
2026-05-25T21:04:52.609169,11058,0.3000,0.0000,0.0000,0.0000
2026-05-25T21:04:52.709336,11059,0.3000,0.0000,0.0000,0.0000
2026-05-25T21:04:52.809434,11060,0.3000,0.0000,0.0000,0.0000
2026-05-25T21:04:52.909584,11061,0.3000,0.0000,0.0000,0.0000
2026-05-25T21:04:53.009682,11062,0.3000,0.0000,0.0000,0.0000
2026-05-25T21:04:53.109837,11063,0.3000,0.0000,0.0000,0.0000
2026-05-25T21:04:53.209993,11064,0.3000,0.0000,0.0000,0.0000
2026-05-25T21:04:53.310079,11065,0.3000,0.0000,0.0000,0.0000
2026-05-25T21:04:53.410237,11066,0.3000,0.0000,0.0000,0.0000
2026-05-25T21:04:53.510327,11067,0.3000,0.0000,0.0000,0.0000
2026-05-25T21:04:53.729042,11068,0.3000,0.0000,0.0000,0.0000
2026-05-25T21:04:53.829164,11069,0.0000,0.0000,0.0000,-0.5000
2026-05-25T21:04:53.929273,11070,0.0000,0.0000,0.0000,-0.5000
2026-05-25T21:04:54.032322,11071,0.0000,0.0000,0.0000,-0.5000
2026-05-25T21:04:54.132415,11072,0.0000,0.0000,0.0000,-0.5000
2026-05-25T21:04:54.232588,11073,0.0000,0.0000,0.0000,-0.5000
2026-05-25T21:04:54.332731,11074,0.0000,0.0000,0.0000,-0.5000
2026-05-25T21:04:54.432819,11075,0.0000,0.0000,0.0000,-0.5000
2026-05-25T21:04:54.532971,11076,0.0000,0.0000,0.0000,-0.5000
2026-05-25T21:04:54.633063,11077,0.0000,0.0000,0.0000,-0.5000
2026-05-25T21:04:54.733202,11078,0.0000,0.0000,0.0000,-0.5000
2026-05-25T21:04:54.949199,11079,0.0000,0.0000,0.0000,-0.5000
2026-05-25T21:04:55.049295,11080,0.0000,0.0000,0.0000,-0.5000
2026-05-25T21:04:55.149432,11081,0.0000,0.0000,0.0000,-0.5000
2026-05-25T21:04:55.250289,11082,0.0000,0.0000,0.0000,-0.5000
2026-05-25T21:04:55.350353,11083,0.0000,0.0000,0.0000,-0.5000
2026-05-25T21:04:55.450533,11084,0.0000,0.0000,0.0000,-0.5000
2026-05-25T21:04:55.550623,11085,0.0000,0.0000,0.0000,-0.5000
2026-05-25T21:04:55.650857,11086,0.0000,0.0000,0.0000,-0.5000
2026-05-25T21:04:55.750950,11087,0.0000,0.0000,0.0000,-0.5000
2026-05-25T21:04:55.851099,11088,0.0000,0.0000,0.0000,-0.5000
2026-05-25T21:04:55.951214,11089,0.0000,0.0000,0.0000,-0.5000
2026-05-25T21:04:56.168896,11090,0.0000,0.0000,0.0000,-0.5000
2026-05-25T21:04:56.269144,11091,0.0000,0.0000,0.0000,-0.5000
2026-05-25T21:04:56.369282,11092,0.0000,0.0000,0.0000,-0.5000
2026-05-25T21:04:56.469310,11093,0.0000,0.0000,0.0000,-0.5000
2026-05-25T21:04:56.569471,11094,0.0000,0.0000,0.0000,-0.5000
2026-05-25T21:04:56.669567,11095,0.0000,0.0000,0.0000,-0.5000
2026-05-25T21:04:56.769717,11096,0.0000,0.0000,0.0000,-0.5000
2026-05-25T21:04:56.870229,11097,0.0000,0.0000,0.0000,-0.5000
2026-05-25T21:04:56.971312,11098,0.0000,0.0000,0.0000,-0.5000
2026-05-25T21:04:57.181724,11099,-0.2000,0.0000,0.0000,-0.5000
2026-05-25T21:04:57.279243,11100,-0.2000,0.0000,0.0000,-0.5000
2026-05-25T21:04:57.379342,11101,-0.2000,0.0000,0.0000,-0.5000
2026-05-25T21:04:57.480559,11102,-0.2000,0.0000,0.0000,-0.5000
2026-05-25T21:04:57.580465,11103,-0.2000,0.0000,0.0000,-0.5000
2026-05-25T21:04:57.681166,11104,-0.2000,0.0000,0.0000,-0.5000
2026-05-25T21:04:57.780701,11105,-0.2000,0.0000,0.0000,-0.5000
2026-05-25T21:04:57.880829,11106,-0.2000,0.0000,0.0000,-0.5000
2026-05-25T21:04:57.980981,11107,-0.2000,0.0000,0.0000,-0.5000
2026-05-25T21:04:58.199270,11108,-0.2000,0.0000,0.0000,-0.5000
2026-05-25T21:04:58.299366,11109,-0.2000,0.0000,0.0000,-0.5000
2026-05-25T21:04:58.399339,11110,-0.2000,0.0000,0.0000,-0.5000
2026-05-25T21:04:58.499909,11111,-0.2000,0.0000,0.0000,-0.5000
2026-05-25T21:04:58.599614,11112,-0.2000,0.0000,0.0000,-0.5000
2026-05-25T21:04:58.699721,11113,-0.2000,0.0000,0.0000,-0.5000
2026-05-25T21:04:58.800015,11114,-0.2000,0.0000,0.0000,-0.5000
2026-05-25T21:04:58.899992,11115,-0.2000,0.0000,0.0000,-0.5000
2026-05-25T21:04:59.000096,11116,-0.2000,0.0000,0.0000,-0.5000
2026-05-25T21:04:59.100256,11117,-0.2000,0.0000,0.0000,-0.5000
2026-05-25T21:04:59.200343,11118,-0.2000,0.0000,0.0000,-0.5000
2026-05-25T21:04:59.419405,11119,-0.2000,0.0000,0.0000,-0.5000
2026-05-25T21:04:59.519510,11120,-0.2000,0.0000,0.0000,-0.5000
2026-05-25T21:04:59.619615,11121,-0.2000,0.0000,0.0000,-0.5000
2026-05-25T21:04:59.719740,11122,-0.2000,0.0000,0.0000,-0.5000
2026-05-25T21:04:59.819833,11123,-0.2000,0.0000,0.0000,-0.5000
2026-05-25T21:04:59.919992,11124,-0.2000,0.0000,0.0000,-0.5000
2026-05-25T21:05:00.022341,11125,-0.2000,0.0000,0.0000,-0.5000
2026-05-25T21:05:00.122465,11126,-0.2000,0.0000,0.0000,-0.5000
2026-05-25T21:05:00.222575,11127,-0.2000,0.0000,0.0000,-0.5000
2026-05-25T21:05:00.399111,11128,-0.2000,0.0000,0.0000,-0.5000
2026-05-25T21:05:00.499290,11129,0.0000,0.0000,0.0000,0.5000
2026-05-25T21:05:00.599357,11130,0.0000,0.0000,0.0000,0.5000
2026-05-25T21:05:00.699478,11131,0.0000,0.0000,0.0000,0.5000
2026-05-25T21:05:00.799626,11132,0.0000,0.0000,0.0000,0.5000
2026-05-25T21:05:00.899730,11133,0.0000,0.0000,0.0000,0.5000
2026-05-25T21:05:00.999864,11134,0.0000,0.0000,0.0000,0.5000
2026-05-25T21:05:01.100021,11135,0.0000,0.0000,0.0000,0.5000
2026-05-25T21:05:01.200119,11136,0.0000,0.0000,0.0000,0.5000
2026-05-25T21:05:01.449341,11137,0.0000,0.0000,0.0000,0.5000
2026-05-25T21:05:01.549946,11138,0.0000,0.0000,0.0000,0.5000
2026-05-25T21:05:01.650212,11139,0.0000,0.0000,0.0000,0.5000
2026-05-25T21:05:01.750923,11140,0.0000,0.0000,0.0000,0.5000
2026-05-25T21:05:01.850680,11141,0.0000,0.0000,0.0000,0.5000
2026-05-25T21:05:01.950585,11142,0.0000,0.0000,0.0000,0.5000
2026-05-25T21:05:02.050689,11143,0.0000,0.0000,0.0000,0.5000
2026-05-25T21:05:02.150836,11144,0.0000,0.0000,0.0000,0.5000
2026-05-25T21:05:02.251153,11145,0.0000,0.0000,0.0000,0.5000
2026-05-25T21:05:02.351570,11146,0.0000,0.0000,0.0000,0.5000
2026-05-25T21:05:02.451179,11147,0.0000,0.0000,0.0000,0.5000
2026-05-25T21:05:02.669459,11148,0.0000,0.0000,0.0000,0.5000
2026-05-25T21:05:02.769504,11149,0.0000,0.0000,0.0000,0.5000
2026-05-25T21:05:02.869484,11150,0.0000,0.0000,0.0000,0.5000
2026-05-25T21:05:02.970606,11151,0.0000,0.0000,0.0000,0.5000
2026-05-25T21:05:03.069869,11152,0.0000,0.0000,0.0000,0.5000
2026-05-25T21:05:03.169873,11153,0.0000,0.0000,0.0000,0.5000
2026-05-25T21:05:03.269968,11154,0.0000,0.0000,0.0000,0.5000
2026-05-25T21:05:03.370126,11155,0.0000,0.0000,0.0000,0.5000
2026-05-25T21:05:03.472099,11156,0.0000,0.0000,0.0000,0.5000
2026-05-25T21:05:03.605283,11157,0.0000,0.0000,0.0000,0.5000
2026-05-25T21:05:03.705336,11158,0.0000,0.0000,0.0000,0.5000
2026-05-25T21:05:03.805429,11159,0.3000,0.0000,0.0000,0.0000
2026-05-25T21:05:03.905543,11160,0.3000,0.0000,0.0000,0.0000
2026-05-25T21:05:04.007403,11161,0.3000,0.0000,0.0000,0.0000
2026-05-25T21:05:04.106327,11162,0.3000,0.0000,0.0000,0.0000
2026-05-25T21:05:04.206653,11163,0.3000,0.0000,0.0000,0.0000
2026-05-25T21:05:04.359304,11164,0.3000,0.0000,0.0000,0.0000
2026-05-25T21:05:04.489352,11165,0.3000,0.0000,0.0000,0.0000
2026-05-25T21:05:04.589478,11166,0.3000,0.0000,0.0000,0.0000
2026-05-25T21:05:04.691754,11167,0.3000,0.0000,0.0000,0.0000
2026-05-25T21:05:04.791899,11168,0.3000,0.0000,0.0000,0.0000
2026-05-25T21:05:04.892741,11169,0.3000,0.0000,0.0000,0.0000
2026-05-25T21:05:04.992142,11170,0.3000,0.0000,0.0000,0.0000
2026-05-25T21:05:05.092240,11171,0.3000,0.0000,0.0000,0.0000
2026-05-25T21:05:05.192270,11172,0.3000,0.0000,0.0000,0.0000
2026-05-25T21:05:05.292439,11173,0.3000,0.0000,0.0000,0.0000
2026-05-25T21:05:05.499407,11174,0.3000,0.0000,0.0000,0.0000
2026-05-25T21:05:05.599474,11175,0.3000,0.0000,0.0000,0.0000
2026-05-25T21:05:05.699595,11176,0.3000,0.0000,0.0000,0.0000
2026-05-25T21:05:05.799714,11177,0.3000,0.0000,0.0000,0.0000
2026-05-25T21:05:05.899872,11178,0.3000,0.0000,0.0000,0.0000
2026-05-25T21:05:05.999992,11179,0.3000,0.0000,0.0000,0.0000
2026-05-25T21:05:06.100115,11180,0.3000,0.0000,0.0000,0.0000
2026-05-25T21:05:06.200258,11181,0.3000,0.0000,0.0000,0.0000
2026-05-25T21:05:06.300325,11182,0.3000,0.0000,0.0000,0.0000
2026-05-25T21:05:06.400466,11183,0.3000,0.0000,0.0000,0.0000
2026-05-25T21:05:06.500584,11184,0.3000,0.0000,0.0000,0.0000
2026-05-25T21:05:06.719301,11185,0.3000,0.0000,0.0000,0.0000
2026-05-25T21:05:06.819740,11186,0.3000,0.0000,0.0000,0.0000
2026-05-25T21:05:06.920231,11187,0.3000,0.0000,0.0000,0.0000
2026-05-25T21:05:07.019965,11188,0.3000,0.0000,0.0000,0.0000
2026-05-25T21:05:07.121324,11189,0.0000,0.0000,0.0000,-0.5000
2026-05-25T21:05:07.221590,11190,0.0000,0.0000,0.0000,-0.5000
2026-05-25T21:05:07.321572,11191,0.0000,0.0000,0.0000,-0.5000
2026-05-25T21:05:07.421839,11192,0.0000,0.0000,0.0000,-0.5000
2026-05-25T21:05:07.521910,11193,0.0000,0.0000,0.0000,-0.5000
2026-05-25T21:05:07.621980,11194,0.0000,0.0000,0.0000,-0.5000
2026-05-25T21:05:07.722818,11195,0.0000,0.0000,0.0000,-0.5000
2026-05-25T21:05:07.889392,11196,0.0000,0.0000,0.0000,-0.5000
2026-05-25T21:05:07.989456,11197,0.0000,0.0000,0.0000,-0.5000
2026-05-25T21:05:08.089572,11198,0.0000,0.0000,0.0000,-0.5000
2026-05-25T21:05:08.189800,11199,0.0000,0.0000,0.0000,-0.5000
2026-05-25T21:05:08.290335,11200,0.0000,0.0000,0.0000,-0.5000
2026-05-25T21:05:08.391206,11201,0.0000,0.0000,0.0000,-0.5000
2026-05-25T21:05:08.490644,11202,0.0000,0.0000,0.0000,-0.5000
2026-05-25T21:05:08.590700,11203,0.0000,0.0000,0.0000,-0.5000
2026-05-25T21:05:08.690844,11204,0.0000,0.0000,0.0000,-0.5000
2026-05-25T21:05:08.790992,11205,0.0000,0.0000,0.0000,-0.5000
2026-05-25T21:05:08.891099,11206,0.0000,0.0000,0.0000,-0.5000
2026-05-25T21:05:09.159471,11207,0.0000,0.0000,0.0000,-0.5000
2026-05-25T21:05:09.259601,11208,0.0000,0.0000,0.0000,-0.5000
2026-05-25T21:05:09.360068,11209,0.0000,0.0000,0.0000,-0.5000
2026-05-25T21:05:09.459880,11210,0.0000,0.0000,0.0000,-0.5000
2026-05-25T21:05:09.560740,11211,0.0000,0.0000,0.0000,-0.5000
2026-05-25T21:05:09.661318,11212,0.0000,0.0000,0.0000,-0.5000
2026-05-25T21:05:09.761405,11213,0.0000,0.0000,0.0000,-0.5000
2026-05-25T21:05:09.861612,11214,0.0000,0.0000,0.0000,-0.5000
2026-05-25T21:05:09.961690,11215,0.0000,0.0000,0.0000,-0.5000
2026-05-25T21:05:10.061820,11216,0.0000,0.0000,0.0000,-0.5000
2026-05-25T21:05:10.161938,11217,0.0000,0.0000,0.0000,-0.5000
2026-05-25T21:05:10.262060,11218,0.0000,0.0000,0.0000,-0.5000
2026-05-25T21:05:10.362229,11219,-0.2000,0.0000,0.0000,-0.5000
2026-05-25T21:05:10.579450,11220,-0.2000,0.0000,0.0000,-0.5000
2026-05-25T21:05:10.679551,11221,-0.2000,0.0000,0.0000,-0.5000
2026-05-25T21:05:10.779674,11222,-0.2000,0.0000,0.0000,-0.5000
2026-05-25T21:05:10.879838,11223,-0.2000,0.0000,0.0000,-0.5000
2026-05-25T21:05:10.979933,11224,-0.2000,0.0000,0.0000,-0.5000
2026-05-25T21:05:11.080113,11225,-0.2000,0.0000,0.0000,-0.5000
2026-05-25T21:05:11.180239,11226,-0.2000,0.0000,0.0000,-0.5000
2026-05-25T21:05:11.280294,11227,-0.2000,0.0000,0.0000,-0.5000
2026-05-25T21:05:11.380748,11228,-0.2000,0.0000,0.0000,-0.5000
2026-05-25T21:05:11.589433,11229,-0.2000,0.0000,0.0000,-0.5000
2026-05-25T21:05:11.689463,11230,-0.2000,0.0000,0.0000,-0.5000
2026-05-25T21:05:11.789560,11231,-0.2000,0.0000,0.0000,-0.5000
2026-05-25T21:05:11.889760,11232,-0.2000,0.0000,0.0000,-0.5000
2026-05-25T21:05:11.990433,11233,-0.2000,0.0000,0.0000,-0.5000
2026-05-25T21:05:12.090022,11234,-0.2000,0.0000,0.0000,-0.5000
2026-05-25T21:05:12.190292,11235,-0.2000,0.0000,0.0000,-0.5000
2026-05-25T21:05:12.290112,11236,-0.2000,0.0000,0.0000,-0.5000
2026-05-25T21:05:12.390312,11237,-0.2000,0.0000,0.0000,-0.5000
2026-05-25T21:05:12.490988,11238,-0.2000,0.0000,0.0000,-0.5000
2026-05-25T21:05:12.591122,11239,-0.2000,0.0000,0.0000,-0.5000
2026-05-25T21:05:12.840640,11240,-0.2000,0.0000,0.0000,-0.5000
2026-05-25T21:05:12.940738,11241,-0.2000,0.0000,0.0000,-0.5000
2026-05-25T21:05:13.040944,11242,-0.2000,0.0000,0.0000,-0.5000
2026-05-25T21:05:13.140957,11243,-0.2000,0.0000,0.0000,-0.5000
2026-05-25T21:05:13.241143,11244,-0.2000,0.0000,0.0000,-0.5000
2026-05-25T21:05:13.341225,11245,-0.2000,0.0000,0.0000,-0.5000
2026-05-25T21:05:13.441271,11246,-0.2000,0.0000,0.0000,-0.5000
2026-05-25T21:05:13.541464,11247,-0.2000,0.0000,0.0000,-0.5000
2026-05-25T21:05:13.641546,11248,-0.2000,0.0000,0.0000,-0.5000
2026-05-25T21:05:13.742320,11249,0.0000,0.0000,0.0000,0.5000
2026-05-25T21:05:13.842467,11250,0.0000,0.0000,0.0000,0.5000
2026-05-25T21:05:14.079450,11251,0.0000,0.0000,0.0000,0.5000
2026-05-25T21:05:14.179495,11252,0.0000,0.0000,0.0000,0.5000
2026-05-25T21:05:14.279680,11253,0.0000,0.0000,0.0000,0.5000
2026-05-25T21:05:14.379882,11254,0.0000,0.0000,0.0000,0.5000
2026-05-25T21:05:14.479975,11255,0.0000,0.0000,0.0000,0.5000
2026-05-25T21:05:14.580077,11256,0.0000,0.0000,0.0000,0.5000
2026-05-25T21:05:14.680237,11257,0.0000,0.0000,0.0000,0.5000
2026-05-25T21:05:14.780238,11258,0.0000,0.0000,0.0000,0.5000
2026-05-25T21:05:14.880399,11259,0.0000,0.0000,0.0000,0.5000
2026-05-25T21:05:14.980615,11260,0.0000,0.0000,0.0000,0.5000
2026-05-25T21:05:15.080670,11261,0.0000,0.0000,0.0000,0.5000
2026-05-25T21:05:15.339507,11262,0.0000,0.0000,0.0000,0.5000
2026-05-25T21:05:15.439605,11263,0.0000,0.0000,0.0000,0.5000
2026-05-25T21:05:15.540679,11264,0.0000,0.0000,0.0000,0.5000
2026-05-25T21:05:15.640723,11265,0.0000,0.0000,0.0000,0.5000
2026-05-25T21:05:15.740919,11266,0.0000,0.0000,0.0000,0.5000
2026-05-25T21:05:15.841003,11267,0.0000,0.0000,0.0000,0.5000
2026-05-25T21:05:15.942323,11268,0.0000,0.0000,0.0000,0.5000
2026-05-25T21:05:16.041302,11269,0.0000,0.0000,0.0000,0.5000
2026-05-25T21:05:16.141379,11270,0.0000,0.0000,0.0000,0.5000
2026-05-25T21:05:16.241501,11271,0.0000,0.0000,0.0000,0.5000
2026-05-25T21:05:16.341685,11272,0.0000,0.0000,0.0000,0.5000
2026-05-25T21:05:16.441824,11273,0.0000,0.0000,0.0000,0.5000
2026-05-25T21:05:16.541987,11274,0.0000,0.0000,0.0000,0.5000
2026-05-25T21:05:16.642184,11275,0.0000,0.0000,0.0000,0.5000
2026-05-25T21:05:16.742330,11276,0.0000,0.0000,0.0000,0.5000
2026-05-25T21:05:16.843229,11277,0.0000,0.0000,0.0000,0.5000
2026-05-25T21:05:16.943337,11278,0.0000,0.0000,0.0000,0.5000
2026-05-25T21:05:17.043595,11279,0.3000,0.0000,0.0000,0.0000
2026-05-25T21:05:17.143694,11280,0.3000,0.0000,0.0000,0.0000
2026-05-25T21:05:17.369624,11281,0.3000,0.0000,0.0000,0.0000
2026-05-25T21:05:17.469732,11282,0.3000,0.0000,0.0000,0.0000
2026-05-25T21:05:17.569884,11283,0.3000,0.0000,0.0000,0.0000
2026-05-25T21:05:17.670027,11284,0.3000,0.0000,0.0000,0.0000
2026-05-25T21:05:17.770265,11285,0.3000,0.0000,0.0000,0.0000
2026-05-25T21:05:17.870397,11286,0.3000,0.0000,0.0000,0.0000
2026-05-25T21:05:17.971254,11287,0.3000,0.0000,0.0000,0.0000
2026-05-25T21:05:18.071391,11288,0.3000,0.0000,0.0000,0.0000
2026-05-25T21:05:18.171579,11289,0.3000,0.0000,0.0000,0.0000
2026-05-25T21:05:18.389517,11290,0.3000,0.0000,0.0000,0.0000
2026-05-25T21:05:18.489662,11291,0.3000,0.0000,0.0000,0.0000
2026-05-25T21:05:18.589712,11292,0.3000,0.0000,0.0000,0.0000
2026-05-25T21:05:18.689932,11293,0.3000,0.0000,0.0000,0.0000
2026-05-25T21:05:18.791977,11294,0.3000,0.0000,0.0000,0.0000
2026-05-25T21:05:18.890208,11295,0.3000,0.0000,0.0000,0.0000
2026-05-25T21:05:18.990277,11296,0.3000,0.0000,0.0000,0.0000
2026-05-25T21:05:19.090326,11297,0.3000,0.0000,0.0000,0.0000
2026-05-25T21:05:19.190465,11298,0.3000,0.0000,0.0000,0.0000
2026-05-25T21:05:19.290614,11299,0.3000,0.0000,0.0000,0.0000
2026-05-25T21:05:19.390688,11300,0.3000,0.0000,0.0000,0.0000
2026-05-25T21:05:19.609442,11301,0.3000,0.0000,0.0000,0.0000
2026-05-25T21:05:19.709576,11302,0.3000,0.0000,0.0000,0.0000
2026-05-25T21:05:19.809892,11303,0.3000,0.0000,0.0000,0.0000
2026-05-25T21:05:19.909863,11304,0.3000,0.0000,0.0000,0.0000
2026-05-25T21:05:20.010006,11305,0.3000,0.0000,0.0000,0.0000
2026-05-25T21:05:20.110098,11306,0.3000,0.0000,0.0000,0.0000
2026-05-25T21:05:20.210239,11307,0.3000,0.0000,0.0000,0.0000
2026-05-25T21:05:20.310325,11308,0.3000,0.0000,0.0000,0.0000
2026-05-25T21:05:20.411016,11309,0.0000,0.0000,0.0000,-0.5000
2026-05-25T21:05:20.539472,11310,0.0000,0.0000,0.0000,-0.5000
2026-05-25T21:05:20.639845,11311,0.0000,0.0000,0.0000,-0.5000
2026-05-25T21:05:20.740722,11312,0.0000,0.0000,0.0000,-0.5000
2026-05-25T21:05:20.841285,11313,0.0000,0.0000,0.0000,-0.5000
2026-05-25T21:05:20.941425,11314,0.0000,0.0000,0.0000,-0.5000
2026-05-25T21:05:21.041583,11315,0.0000,0.0000,0.0000,-0.5000
2026-05-25T21:05:21.141740,11316,0.0000,0.0000,0.0000,-0.5000
2026-05-25T21:05:21.241818,11317,0.0000,0.0000,0.0000,-0.5000
2026-05-25T21:05:21.341953,11318,0.0000,0.0000,0.0000,-0.5000
2026-05-25T21:05:21.442115,11319,0.0000,0.0000,0.0000,-0.5000
2026-05-25T21:05:21.542195,11320,0.0000,0.0000,0.0000,-0.5000
2026-05-25T21:05:21.849598,11321,0.0000,0.0000,0.0000,-0.5000
2026-05-25T21:05:21.949795,11322,0.0000,0.0000,0.0000,-0.5000
2026-05-25T21:05:22.049881,11323,0.0000,0.0000,0.0000,-0.5000
2026-05-25T21:05:22.150002,11324,0.0000,0.0000,0.0000,-0.5000
2026-05-25T21:05:22.250216,11325,0.0000,0.0000,0.0000,-0.5000
2026-05-25T21:05:22.350273,11326,0.0000,0.0000,0.0000,-0.5000
2026-05-25T21:05:22.450266,11327,0.0000,0.0000,0.0000,-0.5000
2026-05-25T21:05:22.550478,11328,0.0000,0.0000,0.0000,-0.5000
2026-05-25T21:05:22.650573,11329,0.0000,0.0000,0.0000,-0.5000
2026-05-25T21:05:22.750736,11330,0.0000,0.0000,0.0000,-0.5000
2026-05-25T21:05:22.850836,11331,0.0000,0.0000,0.0000,-0.5000
2026-05-25T21:05:23.059594,11332,0.0000,0.0000,0.0000,-0.5000
2026-05-25T21:05:23.159626,11333,0.0000,0.0000,0.0000,-0.5000
2026-05-25T21:05:23.259816,11334,0.0000,0.0000,0.0000,-0.5000
2026-05-25T21:05:23.359926,11335,0.0000,0.0000,0.0000,-0.5000
2026-05-25T21:05:23.460072,11336,0.0000,0.0000,0.0000,-0.5000
2026-05-25T21:05:23.560215,11337,0.0000,0.0000,0.0000,-0.5000
2026-05-25T21:05:23.660280,11338,0.0000,0.0000,0.0000,-0.5000
2026-05-25T21:05:23.760392,11339,-0.2000,0.0000,0.0000,-0.5000
2026-05-25T21:05:23.860571,11340,-0.2000,0.0000,0.0000,-0.5000
2026-05-25T21:05:23.960719,11341,-0.2000,0.0000,0.0000,-0.5000
2026-05-25T21:05:24.060821,11342,-0.2000,0.0000,0.0000,-0.5000
2026-05-25T21:05:24.309657,11343,-0.2000,0.0000,0.0000,-0.5000
2026-05-25T21:05:24.409753,11344,-0.2000,0.0000,0.0000,-0.5000
2026-05-25T21:05:24.509857,11345,-0.2000,0.0000,0.0000,-0.5000
2026-05-25T21:05:24.610438,11346,-0.2000,0.0000,0.0000,-0.5000
2026-05-25T21:05:24.710130,11347,-0.2000,0.0000,0.0000,-0.5000
2026-05-25T21:05:24.810280,11348,-0.2000,0.0000,0.0000,-0.5000
2026-05-25T21:05:24.910319,11349,-0.2000,0.0000,0.0000,-0.5000
2026-05-25T21:05:25.119901,11350,-0.2000,0.0000,0.0000,-0.5000
2026-05-25T21:05:25.221415,11351,-0.2000,0.0000,0.0000,-0.5000
2026-05-25T21:05:25.321447,11352,-0.2000,0.0000,0.0000,-0.5000
2026-05-25T21:05:25.422593,11353,-0.2000,0.0000,0.0000,-0.5000
2026-05-25T21:05:25.521752,11354,-0.2000,0.0000,0.0000,-0.5000
2026-05-25T21:05:25.622282,11355,-0.2000,0.0000,0.0000,-0.5000
2026-05-25T21:05:25.722744,11356,-0.2000,0.0000,0.0000,-0.5000
2026-05-25T21:05:25.823354,11357,-0.2000,0.0000,0.0000,-0.5000
2026-05-25T21:05:25.923584,11358,-0.2000,0.0000,0.0000,-0.5000
2026-05-25T21:05:26.024202,11359,-0.2000,0.0000,0.0000,-0.5000
2026-05-25T21:05:26.123859,11360,-0.2000,0.0000,0.0000,-0.5000
2026-05-25T21:05:26.340089,11361,-0.2000,0.0000,0.0000,-0.5000
2026-05-25T21:05:26.439721,11362,-0.2000,0.0000,0.0000,-0.5000
2026-05-25T21:05:26.540341,11363,-0.2000,0.0000,0.0000,-0.5000
2026-05-25T21:05:26.640008,11364,-0.2000,0.0000,0.0000,-0.5000
2026-05-25T21:05:26.740590,11365,-0.2000,0.0000,0.0000,-0.5000
2026-05-25T21:05:26.840672,11366,-0.2000,0.0000,0.0000,-0.5000
2026-05-25T21:05:26.943108,11367,-0.2000,0.0000,0.0000,-0.5000
2026-05-25T21:05:27.040987,11368,-0.2000,0.0000,0.0000,-0.5000
2026-05-25T21:05:27.142362,11369,0.0000,0.0000,0.0000,0.5000
2026-05-25T21:05:27.242406,11370,0.0000,0.0000,0.0000,0.5000
2026-05-25T21:05:27.342560,11371,0.0000,0.0000,0.0000,0.5000
2026-05-25T21:05:27.443617,11372,0.0000,0.0000,0.0000,0.5000
2026-05-25T21:05:27.543711,11373,0.0000,0.0000,0.0000,0.5000
2026-05-25T21:05:27.759663,11374,0.0000,0.0000,0.0000,0.5000
2026-05-25T21:05:27.859821,11375,0.0000,0.0000,0.0000,0.5000
2026-05-25T21:05:27.959886,11376,0.0000,0.0000,0.0000,0.5000
2026-05-25T21:05:28.060298,11377,0.0000,0.0000,0.0000,0.5000
2026-05-25T21:05:28.160813,11378,0.0000,0.0000,0.0000,0.5000
2026-05-25T21:05:28.260877,11379,0.0000,0.0000,0.0000,0.5000
2026-05-25T21:05:28.361031,11380,0.0000,0.0000,0.0000,0.5000
2026-05-25T21:05:28.461197,11381,0.0000,0.0000,0.0000,0.5000
2026-05-25T21:05:28.561294,11382,0.0000,0.0000,0.0000,0.5000
2026-05-25T21:05:28.769891,11383,0.0000,0.0000,0.0000,0.5000
2026-05-25T21:05:28.870063,11384,0.0000,0.0000,0.0000,0.5000
2026-05-25T21:05:28.970124,11385,0.0000,0.0000,0.0000,0.5000
2026-05-25T21:05:29.070390,11386,0.0000,0.0000,0.0000,0.5000
2026-05-25T21:05:29.170277,11387,0.0000,0.0000,0.0000,0.5000
2026-05-25T21:05:29.270550,11388,0.0000,0.0000,0.0000,0.5000
2026-05-25T21:05:29.370786,11389,0.0000,0.0000,0.0000,0.5000
2026-05-25T21:05:29.470850,11390,0.0000,0.0000,0.0000,0.5000
2026-05-25T21:05:29.570876,11391,0.0000,0.0000,0.0000,0.5000
2026-05-25T21:05:29.790319,11392,0.0000,0.0000,0.0000,0.5000
2026-05-25T21:05:29.889789,11393,0.0000,0.0000,0.0000,0.5000
2026-05-25T21:05:29.989965,11394,0.0000,0.0000,0.0000,0.5000
2026-05-25T21:05:30.090119,11395,0.0000,0.0000,0.0000,0.5000
2026-05-25T21:05:30.190228,11396,0.0000,0.0000,0.0000,0.5000
2026-05-25T21:05:30.290320,11397,0.0000,0.0000,0.0000,0.5000
2026-05-25T21:05:30.391052,11398,0.0000,0.0000,0.0000,0.5000
2026-05-25T21:05:30.490595,11399,0.3000,0.0000,0.0000,0.0000
2026-05-25T21:05:30.590747,11400,0.3000,0.0000,0.0000,0.0000
2026-05-25T21:05:30.809745,11401,0.3000,0.0000,0.0000,0.0000
2026-05-25T21:05:30.909751,11402,0.3000,0.0000,0.0000,0.0000
2026-05-25T21:05:31.011367,11403,0.3000,0.0000,0.0000,0.0000
2026-05-25T21:05:31.111432,11404,0.3000,0.0000,0.0000,0.0000
2026-05-25T21:05:31.211574,11405,0.3000,0.0000,0.0000,0.0000
2026-05-25T21:05:31.311667,11406,0.3000,0.0000,0.0000,0.0000
2026-05-25T21:05:31.411991,11407,0.3000,0.0000,0.0000,0.0000
2026-05-25T21:05:31.512693,11408,0.3000,0.0000,0.0000,0.0000
2026-05-25T21:05:31.612284,11409,0.3000,0.0000,0.0000,0.0000
2026-05-25T21:05:31.712323,11410,0.3000,0.0000,0.0000,0.0000
2026-05-25T21:05:31.812404,11411,0.3000,0.0000,0.0000,0.0000
2026-05-25T21:05:32.029579,11412,0.3000,0.0000,0.0000,0.0000
2026-05-25T21:05:32.130005,11413,0.3000,0.0000,0.0000,0.0000
2026-05-25T21:05:32.229889,11414,0.3000,0.0000,0.0000,0.0000
2026-05-25T21:05:32.330034,11415,0.3000,0.0000,0.0000,0.0000
2026-05-25T21:05:32.430144,11416,0.3000,0.0000,0.0000,0.0000
2026-05-25T21:05:32.530353,11417,0.3000,0.0000,0.0000,0.0000
2026-05-25T21:05:32.630316,11418,0.3000,0.0000,0.0000,0.0000
2026-05-25T21:05:32.730456,11419,0.3000,0.0000,0.0000,0.0000
2026-05-25T21:05:32.830592,11420,0.3000,0.0000,0.0000,0.0000
2026-05-25T21:05:32.930723,11421,0.3000,0.0000,0.0000,0.0000
2026-05-25T21:05:33.030857,11422,0.3000,0.0000,0.0000,0.0000
2026-05-25T21:05:33.249748,11423,0.3000,0.0000,0.0000,0.0000
2026-05-25T21:05:33.349808,11424,0.3000,0.0000,0.0000,0.0000
2026-05-25T21:05:33.449949,11425,0.3000,0.0000,0.0000,0.0000
2026-05-25T21:05:33.550116,11426,0.3000,0.0000,0.0000,0.0000
2026-05-25T21:05:33.650287,11427,0.3000,0.0000,0.0000,0.0000
2026-05-25T21:05:33.750346,11428,0.3000,0.0000,0.0000,0.0000
2026-05-25T21:05:33.850450,11429,0.0000,0.0000,0.0000,-0.5000
2026-05-25T21:05:33.950570,11430,0.0000,0.0000,0.0000,-0.5000
2026-05-25T21:05:34.052324,11431,0.0000,0.0000,0.0000,-0.5000
2026-05-25T21:05:34.259693,11432,0.0000,0.0000,0.0000,-0.5000
2026-05-25T21:05:34.359843,11433,0.0000,0.0000,0.0000,-0.5000
2026-05-25T21:05:34.459956,11434,0.0000,0.0000,0.0000,-0.5000
2026-05-25T21:05:34.560115,11435,0.0000,0.0000,0.0000,-0.5000
2026-05-25T21:05:34.660360,11436,0.0000,0.0000,0.0000,-0.5000
2026-05-25T21:05:34.760338,11437,0.0000,0.0000,0.0000,-0.5000
2026-05-25T21:05:34.860479,11438,0.0000,0.0000,0.0000,-0.5000
2026-05-25T21:05:34.960706,11439,0.0000,0.0000,0.0000,-0.5000
2026-05-25T21:05:35.060716,11440,0.0000,0.0000,0.0000,-0.5000
2026-05-25T21:05:35.160870,11441,0.0000,0.0000,0.0000,-0.5000
2026-05-25T21:05:35.260989,11442,0.0000,0.0000,0.0000,-0.5000
2026-05-25T21:05:35.479717,11443,0.0000,0.0000,0.0000,-0.5000
2026-05-25T21:05:35.579834,11444,0.0000,0.0000,0.0000,-0.5000
2026-05-25T21:05:35.679923,11445,0.0000,0.0000,0.0000,-0.5000
2026-05-25T21:05:35.780058,11446,0.0000,0.0000,0.0000,-0.5000
2026-05-25T21:05:35.880218,11447,0.0000,0.0000,0.0000,-0.5000
2026-05-25T21:05:35.980309,11448,0.0000,0.0000,0.0000,-0.5000
2026-05-25T21:05:36.080449,11449,0.0000,0.0000,0.0000,-0.5000
2026-05-25T21:05:36.180562,11450,0.0000,0.0000,0.0000,-0.5000
2026-05-25T21:05:36.280676,11451,0.0000,0.0000,0.0000,-0.5000
2026-05-25T21:05:36.489597,11452,0.0000,0.0000,0.0000,-0.5000
2026-05-25T21:05:36.589907,11453,0.0000,0.0000,0.0000,-0.5000
2026-05-25T21:05:36.689933,11454,0.0000,0.0000,0.0000,-0.5000
2026-05-25T21:05:36.791300,11455,0.0000,0.0000,0.0000,-0.5000
2026-05-25T21:05:36.891423,11456,0.0000,0.0000,0.0000,-0.5000
2026-05-25T21:05:36.991538,11457,0.0000,0.0000,0.0000,-0.5000
2026-05-25T21:05:37.091700,11458,0.0000,0.0000,0.0000,-0.5000
2026-05-25T21:05:37.192225,11459,-0.2000,0.0000,0.0000,-0.5000
2026-05-25T21:05:37.292293,11460,-0.2000,0.0000,0.0000,-0.5000
2026-05-25T21:05:37.392433,11461,-0.2000,0.0000,0.0000,-0.5000
2026-05-25T21:05:37.492594,11462,-0.2000,0.0000,0.0000,-0.5000
2026-05-25T21:05:37.710973,11463,-0.2000,0.0000,0.0000,-0.5000
2026-05-25T21:05:37.810298,11464,-0.2000,0.0000,0.0000,-0.5000
2026-05-25T21:05:37.910936,11465,-0.2000,0.0000,0.0000,-0.5000
2026-05-25T21:05:38.010614,11466,-0.2000,0.0000,0.0000,-0.5000
2026-05-25T21:05:38.110685,11467,-0.2000,0.0000,0.0000,-0.5000
2026-05-25T21:05:38.210836,11468,-0.2000,0.0000,0.0000,-0.5000
2026-05-25T21:05:38.310978,11469,-0.2000,0.0000,0.0000,-0.5000
2026-05-25T21:05:38.411114,11470,-0.2000,0.0000,0.0000,-0.5000
2026-05-25T21:05:38.511224,11471,-0.2000,0.0000,0.0000,-0.5000
2026-05-25T21:05:38.709718,11472,-0.2000,0.0000,0.0000,-0.5000
2026-05-25T21:05:38.809980,11473,-0.2000,0.0000,0.0000,-0.5000
2026-05-25T21:05:38.909982,11474,-0.2000,0.0000,0.0000,-0.5000
2026-05-25T21:05:39.011363,11475,-0.2000,0.0000,0.0000,-0.5000
2026-05-25T21:05:39.111447,11476,-0.2000,0.0000,0.0000,-0.5000
2026-05-25T21:05:39.211616,11477,-0.2000,0.0000,0.0000,-0.5000
2026-05-25T21:05:39.311695,11478,-0.2000,0.0000,0.0000,-0.5000
2026-05-25T21:05:39.412283,11479,-0.2000,0.0000,0.0000,-0.5000
2026-05-25T21:05:39.512355,11480,-0.2000,0.0000,0.0000,-0.5000
2026-05-25T21:05:39.749707,11481,-0.2000,0.0000,0.0000,-0.5000
2026-05-25T21:05:39.849805,11482,-0.2000,0.0000,0.0000,-0.5000
2026-05-25T21:05:39.949955,11483,-0.2000,0.0000,0.0000,-0.5000
2026-05-25T21:05:40.050096,11484,-0.2000,0.0000,0.0000,-0.5000
2026-05-25T21:05:40.150576,11485,-0.2000,0.0000,0.0000,-0.5000
2026-05-25T21:05:40.250299,11486,-0.2000,0.0000,0.0000,-0.5000
2026-05-25T21:05:40.350428,11487,-0.2000,0.0000,0.0000,-0.5000
2026-05-25T21:05:40.450662,11488,-0.2000,0.0000,0.0000,-0.5000
2026-05-25T21:05:40.550728,11489,0.0000,0.0000,0.0000,0.5000
2026-05-25T21:05:40.650828,11490,0.0000,0.0000,0.0000,0.5000
2026-05-25T21:05:40.750911,11491,0.0000,0.0000,0.0000,0.5000
2026-05-25T21:05:40.979680,11492,0.0000,0.0000,0.0000,0.5000
2026-05-25T21:05:41.079830,11493,0.0000,0.0000,0.0000,0.5000
2026-05-25T21:05:41.182962,11494,0.0000,0.0000,0.0000,0.5000
2026-05-25T21:05:41.280059,11495,0.0000,0.0000,0.0000,0.5000
2026-05-25T21:05:41.380259,11496,0.0000,0.0000,0.0000,0.5000
2026-05-25T21:05:41.480810,11497,0.0000,0.0000,0.0000,0.5000
2026-05-25T21:05:41.580933,11498,0.0000,0.0000,0.0000,0.5000
2026-05-25T21:05:41.681034,11499,0.0000,0.0000,0.0000,0.5000
2026-05-25T21:05:41.781162,11500,0.0000,0.0000,0.0000,0.5000
2026-05-25T21:05:41.999681,11501,0.0000,0.0000,0.0000,0.5000
2026-05-25T21:05:42.099936,11502,0.0000,0.0000,0.0000,0.5000
2026-05-25T21:05:42.200093,11503,0.0000,0.0000,0.0000,0.5000
2026-05-25T21:05:42.301349,11504,0.0000,0.0000,0.0000,0.5000
2026-05-25T21:05:42.401477,11505,0.0000,0.0000,0.0000,0.5000
2026-05-25T21:05:42.501596,11506,0.0000,0.0000,0.0000,0.5000
2026-05-25T21:05:42.601921,11507,0.0000,0.0000,0.0000,0.5000
2026-05-25T21:05:42.701877,11508,0.0000,0.0000,0.0000,0.5000
2026-05-25T21:05:42.802002,11509,0.0000,0.0000,0.0000,0.5000
2026-05-25T21:05:42.902309,11510,0.0000,0.0000,0.0000,0.5000
2026-05-25T21:05:43.002447,11511,0.0000,0.0000,0.0000,0.5000
2026-05-25T21:05:43.219893,11512,0.0000,0.0000,0.0000,0.5000
2026-05-25T21:05:43.319899,11513,0.0000,0.0000,0.0000,0.5000
2026-05-25T21:05:43.420046,11514,0.0000,0.0000,0.0000,0.5000
2026-05-25T21:05:43.520196,11515,0.0000,0.0000,0.0000,0.5000
2026-05-25T21:05:43.620304,11516,0.0000,0.0000,0.0000,0.5000
2026-05-25T21:05:43.720286,11517,0.0000,0.0000,0.0000,0.5000
2026-05-25T21:05:43.820427,11518,0.0000,0.0000,0.0000,0.5000
2026-05-25T21:05:43.920549,11519,0.3000,0.0000,0.0000,0.0000
2026-05-25T21:05:44.020668,11520,0.3000,0.0000,0.0000,0.0000
2026-05-25T21:05:44.120849,11521,0.3000,0.0000,0.0000,0.0000
2026-05-25T21:05:44.221743,11522,0.3000,0.0000,0.0000,0.0000
2026-05-25T21:05:44.440369,11523,0.3000,0.0000,0.0000,0.0000
2026-05-25T21:05:44.539964,11524,0.3000,0.0000,0.0000,0.0000
2026-05-25T21:05:44.640089,11525,0.3000,0.0000,0.0000,0.0000
2026-05-25T21:05:44.740213,11526,0.3000,0.0000,0.0000,0.0000
2026-05-25T21:05:44.840328,11527,0.3000,0.0000,0.0000,0.0000
2026-05-25T21:05:44.940879,11528,0.3000,0.0000,0.0000,0.0000
2026-05-25T21:05:45.040640,11529,0.3000,0.0000,0.0000,0.0000
2026-05-25T21:05:45.140818,11530,0.3000,0.0000,0.0000,0.0000
2026-05-25T21:05:45.241320,11531,0.3000,0.0000,0.0000,0.0000
2026-05-25T21:05:45.341424,11532,0.3000,0.0000,0.0000,0.0000
2026-05-25T21:05:45.441554,11533,0.3000,0.0000,0.0000,0.0000
2026-05-25T21:05:45.659889,11534,0.3000,0.0000,0.0000,0.0000
2026-05-25T21:05:45.759896,11535,0.3000,0.0000,0.0000,0.0000
2026-05-25T21:05:45.860049,11536,0.3000,0.0000,0.0000,0.0000
2026-05-25T21:05:45.960161,11537,0.3000,0.0000,0.0000,0.0000
2026-05-25T21:05:46.060277,11538,0.3000,0.0000,0.0000,0.0000
2026-05-25T21:05:46.160331,11539,0.3000,0.0000,0.0000,0.0000
2026-05-25T21:05:46.260691,11540,0.3000,0.0000,0.0000,0.0000
2026-05-25T21:05:46.360819,11541,0.3000,0.0000,0.0000,0.0000
2026-05-25T21:05:46.460973,11542,0.3000,0.0000,0.0000,0.0000
2026-05-25T21:05:46.679814,11543,0.3000,0.0000,0.0000,0.0000
2026-05-25T21:05:46.780343,11544,0.3000,0.0000,0.0000,0.0000
2026-05-25T21:05:46.880509,11545,0.3000,0.0000,0.0000,0.0000
2026-05-25T21:05:46.980605,11546,0.3000,0.0000,0.0000,0.0000
2026-05-25T21:05:47.080732,11547,0.3000,0.0000,0.0000,0.0000
2026-05-25T21:05:47.180872,11548,0.3000,0.0000,0.0000,0.0000
2026-05-25T21:05:47.280990,11549,0.0000,0.0000,0.0000,-0.5000
2026-05-25T21:05:47.381117,11550,0.0000,0.0000,0.0000,-0.5000
2026-05-25T21:05:47.481253,11551,0.0000,0.0000,0.0000,-0.5000
2026-05-25T21:05:47.581334,11552,0.0000,0.0000,0.0000,-0.5000
2026-05-25T21:05:47.681612,11553,0.0000,0.0000,0.0000,-0.5000
2026-05-25T21:05:47.899903,11554,0.0000,0.0000,0.0000,-0.5000
2026-05-25T21:05:48.000019,11555,0.0000,0.0000,0.0000,-0.5000
2026-05-25T21:05:48.100121,11556,0.0000,0.0000,0.0000,-0.5000
2026-05-25T21:05:48.200279,11557,0.0000,0.0000,0.0000,-0.5000
2026-05-25T21:05:48.300343,11558,0.0000,0.0000,0.0000,-0.5000
2026-05-25T21:05:48.400486,11559,0.0000,0.0000,0.0000,-0.5000
2026-05-25T21:05:48.500590,11560,0.0000,0.0000,0.0000,-0.5000
2026-05-25T21:05:48.601354,11561,0.0000,0.0000,0.0000,-0.5000
2026-05-25T21:05:48.701409,11562,0.0000,0.0000,0.0000,-0.5000
2026-05-25T21:05:48.920518,11563,0.0000,0.0000,0.0000,-0.5000
2026-05-25T21:05:49.020815,11564,0.0000,0.0000,0.0000,-0.5000
2026-05-25T21:05:49.120737,11565,0.0000,0.0000,0.0000,-0.5000
2026-05-25T21:05:49.223569,11566,0.0000,0.0000,0.0000,-0.5000
2026-05-25T21:05:49.323530,11567,0.0000,0.0000,0.0000,-0.5000
2026-05-25T21:05:49.423667,11568,0.0000,0.0000,0.0000,-0.5000
2026-05-25T21:05:49.523810,11569,0.0000,0.0000,0.0000,-0.5000
2026-05-25T21:05:49.623985,11570,0.0000,0.0000,0.0000,-0.5000
2026-05-25T21:05:49.724136,11571,0.0000,0.0000,0.0000,-0.5000
2026-05-25T21:05:49.824216,11572,0.0000,0.0000,0.0000,-0.5000
2026-05-25T21:05:49.924352,11573,0.0000,0.0000,0.0000,-0.5000
2026-05-25T21:05:50.139894,11574,0.0000,0.0000,0.0000,-0.5000
2026-05-25T21:05:50.240077,11575,0.0000,0.0000,0.0000,-0.5000
2026-05-25T21:05:50.340233,11576,0.0000,0.0000,0.0000,-0.5000
2026-05-25T21:05:50.440292,11577,0.0000,0.0000,0.0000,-0.5000
2026-05-25T21:05:50.540371,11578,0.0000,0.0000,0.0000,-0.5000
2026-05-25T21:05:50.641330,11579,-0.2000,0.0000,0.0000,-0.5000
2026-05-25T21:05:50.741358,11580,-0.2000,0.0000,0.0000,-0.5000
2026-05-25T21:05:50.841526,11581,-0.2000,0.0000,0.0000,-0.5000
2026-05-25T21:05:50.941681,11582,-0.2000,0.0000,0.0000,-0.5000
2026-05-25T21:05:51.041722,11583,-0.2000,0.0000,0.0000,-0.5000
2026-05-25T21:05:51.141883,11584,-0.2000,0.0000,0.0000,-0.5000
2026-05-25T21:05:51.360689,11585,-0.2000,0.0000,0.0000,-0.5000
2026-05-25T21:05:51.460589,11586,-0.2000,0.0000,0.0000,-0.5000
2026-05-25T21:05:51.560993,11587,-0.2000,0.0000,0.0000,-0.5000
2026-05-25T21:05:51.661054,11588,-0.2000,0.0000,0.0000,-0.5000
2026-05-25T21:05:51.761172,11589,-0.2000,0.0000,0.0000,-0.5000
2026-05-25T21:05:51.861322,11590,-0.2000,0.0000,0.0000,-0.5000
2026-05-25T21:05:51.961342,11591,-0.2000,0.0000,0.0000,-0.5000
2026-05-25T21:05:52.061506,11592,-0.2000,0.0000,0.0000,-0.5000
2026-05-25T21:05:52.161585,11593,-0.2000,0.0000,0.0000,-0.5000
2026-05-25T21:05:52.370743,11594,-0.2000,0.0000,0.0000,-0.5000
2026-05-25T21:05:52.470818,11595,-0.2000,0.0000,0.0000,-0.5000
2026-05-25T21:05:52.570950,11596,-0.2000,0.0000,0.0000,-0.5000
2026-05-25T21:05:52.671077,11597,-0.2000,0.0000,0.0000,-0.5000
2026-05-25T21:05:52.771231,11598,-0.2000,0.0000,0.0000,-0.5000
2026-05-25T21:05:52.871348,11599,-0.2000,0.0000,0.0000,-0.5000
2026-05-25T21:05:52.971497,11600,-0.2000,0.0000,0.0000,-0.5000
2026-05-25T21:05:53.071619,11601,-0.2000,0.0000,0.0000,-0.5000
2026-05-25T21:05:53.171746,11602,-0.2000,0.0000,0.0000,-0.5000
2026-05-25T21:05:53.390719,11603,-0.2000,0.0000,0.0000,-0.5000
2026-05-25T21:05:53.490902,11604,-0.2000,0.0000,0.0000,-0.5000
2026-05-25T21:05:53.591600,11605,-0.2000,0.0000,0.0000,-0.5000
2026-05-25T21:05:53.691793,11606,-0.2000,0.0000,0.0000,-0.5000
2026-05-25T21:05:53.791867,11607,-0.2000,0.0000,0.0000,-0.5000
2026-05-25T21:05:53.892006,11608,-0.2000,0.0000,0.0000,-0.5000
2026-05-25T21:05:53.994373,11609,0.0000,0.0000,0.0000,0.5000
2026-05-25T21:05:54.094470,11610,0.0000,0.0000,0.0000,0.5000
2026-05-25T21:05:54.194749,11611,0.0000,0.0000,0.0000,0.5000
2026-05-25T21:05:54.294773,11612,0.0000,0.0000,0.0000,0.5000
2026-05-25T21:05:54.394879,11613,0.0000,0.0000,0.0000,0.5000
2026-05-25T21:05:54.610334,11614,0.0000,0.0000,0.0000,0.5000
2026-05-25T21:05:54.710078,11615,0.0000,0.0000,0.0000,0.5000
2026-05-25T21:05:54.810214,11616,0.0000,0.0000,0.0000,0.5000
2026-05-25T21:05:54.910377,11617,0.0000,0.0000,0.0000,0.5000
2026-05-25T21:05:55.010501,11618,0.0000,0.0000,0.0000,0.5000
2026-05-25T21:05:55.111674,11619,0.0000,0.0000,0.0000,0.5000
2026-05-25T21:05:55.210750,11620,0.0000,0.0000,0.0000,0.5000
2026-05-25T21:05:55.310951,11621,0.0000,0.0000,0.0000,0.5000
2026-05-25T21:05:55.411035,11622,0.0000,0.0000,0.0000,0.5000
2026-05-25T21:05:55.512395,11623,0.0000,0.0000,0.0000,0.5000
2026-05-25T21:05:55.612360,11624,0.0000,0.0000,0.0000,0.5000
2026-05-25T21:05:55.712484,11625,0.0000,0.0000,0.0000,0.5000
2026-05-25T21:05:55.812662,11626,0.0000,0.0000,0.0000,0.5000
2026-05-25T21:05:56.030041,11627,0.0000,0.0000,0.0000,0.5000
2026-05-25T21:05:56.130278,11628,0.0000,0.0000,0.0000,0.5000
2026-05-25T21:05:56.230318,11629,0.0000,0.0000,0.0000,0.5000
2026-05-25T21:05:56.330355,11630,0.0000,0.0000,0.0000,0.5000
2026-05-25T21:05:56.430468,11631,0.0000,0.0000,0.0000,0.5000
2026-05-25T21:05:56.531432,11632,0.0000,0.0000,0.0000,0.5000
2026-05-25T21:05:56.630803,11633,0.0000,0.0000,0.0000,0.5000
2026-05-25T21:05:56.730915,11634,0.0000,0.0000,0.0000,0.5000
2026-05-25T21:05:56.831028,11635,0.0000,0.0000,0.0000,0.5000
2026-05-25T21:05:56.931432,11636,0.0000,0.0000,0.0000,0.5000
2026-05-25T21:05:57.031417,11637,0.0000,0.0000,0.0000,0.5000
2026-05-25T21:05:57.250792,11638,0.0000,0.0000,0.0000,0.5000
2026-05-25T21:05:57.350491,11639,0.3000,0.0000,0.0000,0.0000
2026-05-25T21:05:57.450856,11640,0.3000,0.0000,0.0000,0.0000
2026-05-25T21:05:57.550751,11641,0.3000,0.0000,0.0000,0.0000
2026-05-25T21:05:57.650934,11642,0.3000,0.0000,0.0000,0.0000
2026-05-25T21:05:57.751069,11643,0.3000,0.0000,0.0000,0.0000
2026-05-25T21:05:57.851111,11644,0.3000,0.0000,0.0000,0.0000
2026-05-25T21:05:57.951294,11645,0.3000,0.0000,0.0000,0.0000
2026-05-25T21:05:58.051347,11646,0.3000,0.0000,0.0000,0.0000
2026-05-25T21:05:58.280050,11647,0.3000,0.0000,0.0000,0.0000
2026-05-25T21:05:58.380145,11648,0.3000,0.0000,0.0000,0.0000
2026-05-25T21:05:58.480316,11649,0.3000,0.0000,0.0000,0.0000
2026-05-25T21:05:58.580419,11650,0.3000,0.0000,0.0000,0.0000
2026-05-25T21:05:58.682754,11651,0.3000,0.0000,0.0000,0.0000
2026-05-25T21:05:58.783046,11652,0.3000,0.0000,0.0000,0.0000
2026-05-25T21:05:58.883159,11653,0.3000,0.0000,0.0000,0.0000
2026-05-25T21:05:58.983174,11654,0.3000,0.0000,0.0000,0.0000
2026-05-25T21:05:59.083281,11655,0.3000,0.0000,0.0000,0.0000
2026-05-25T21:05:59.183774,11656,0.3000,0.0000,0.0000,0.0000
2026-05-25T21:05:59.283847,11657,0.3000,0.0000,0.0000,0.0000
2026-05-25T21:05:59.500010,11658,0.3000,0.0000,0.0000,0.0000
2026-05-25T21:05:59.600232,11659,0.3000,0.0000,0.0000,0.0000
2026-05-25T21:05:59.700320,11660,0.3000,0.0000,0.0000,0.0000
2026-05-25T21:05:59.800478,11661,0.3000,0.0000,0.0000,0.0000
2026-05-25T21:05:59.900595,11662,0.3000,0.0000,0.0000,0.0000
2026-05-25T21:06:00.000714,11663,0.3000,0.0000,0.0000,0.0000
2026-05-25T21:06:00.100886,11664,0.3000,0.0000,0.0000,0.0000
2026-05-25T21:06:00.200996,11665,0.3000,0.0000,0.0000,0.0000
2026-05-25T21:06:00.301126,11666,0.3000,0.0000,0.0000,0.0000
2026-05-25T21:06:00.509997,11667,0.3000,0.0000,0.0000,0.0000
2026-05-25T21:06:00.610161,11668,0.3000,0.0000,0.0000,0.0000
2026-05-25T21:06:00.710309,11669,0.0000,0.0000,0.0000,-0.5000
2026-05-25T21:06:00.810349,11670,0.0000,0.0000,0.0000,-0.5000
2026-05-25T21:06:00.910567,11671,0.0000,0.0000,0.0000,-0.5000
2026-05-25T21:06:01.010718,11672,0.0000,0.0000,0.0000,-0.5000
2026-05-25T21:06:01.110858,11673,0.0000,0.0000,0.0000,-0.5000
2026-05-25T21:06:01.211032,11674,0.0000,0.0000,0.0000,-0.5000
2026-05-25T21:06:01.311187,11675,0.0000,0.0000,0.0000,-0.5000
2026-05-25T21:06:01.411353,11676,0.0000,0.0000,0.0000,-0.5000
2026-05-25T21:06:01.511891,11677,0.0000,0.0000,0.0000,-0.5000
2026-05-25T21:06:01.611931,11678,0.0000,0.0000,0.0000,-0.5000
2026-05-25T21:06:01.711920,11679,0.0000,0.0000,0.0000,-0.5000
2026-05-25T21:06:01.970170,11680,0.0000,0.0000,0.0000,-0.5000
2026-05-25T21:06:02.070263,11681,0.0000,0.0000,0.0000,-0.5000
2026-05-25T21:06:02.170358,11682,0.0000,0.0000,0.0000,-0.5000
2026-05-25T21:06:02.270513,11683,0.0000,0.0000,0.0000,-0.5000
2026-05-25T21:06:02.373317,11684,0.0000,0.0000,0.0000,-0.5000
2026-05-25T21:06:02.473498,11685,0.0000,0.0000,0.0000,-0.5000
2026-05-25T21:06:02.573601,11686,0.0000,0.0000,0.0000,-0.5000
2026-05-25T21:06:02.673727,11687,0.0000,0.0000,0.0000,-0.5000
2026-05-25T21:06:02.773837,11688,0.0000,0.0000,0.0000,-0.5000
2026-05-25T21:06:02.873949,11689,0.0000,0.0000,0.0000,-0.5000
2026-05-25T21:06:02.974102,11690,0.0000,0.0000,0.0000,-0.5000
2026-05-25T21:06:03.074316,11691,0.0000,0.0000,0.0000,-0.5000
2026-05-25T21:06:03.174554,11692,0.0000,0.0000,0.0000,-0.5000
2026-05-25T21:06:03.440162,11693,0.0000,0.0000,0.0000,-0.5000
2026-05-25T21:06:03.540210,11694,0.0000,0.0000,0.0000,-0.5000
2026-05-25T21:06:03.640371,11695,0.0000,0.0000,0.0000,-0.5000
2026-05-25T21:06:03.740515,11696,0.0000,0.0000,0.0000,-0.5000
2026-05-25T21:06:03.840636,11697,0.0000,0.0000,0.0000,-0.5000
2026-05-25T21:06:03.940832,11698,0.0000,0.0000,0.0000,-0.5000
2026-05-25T21:06:04.042262,11699,-0.2000,0.0000,0.0000,-0.5000
2026-05-25T21:06:04.142370,11700,-0.2000,0.0000,0.0000,-0.5000
2026-05-25T21:06:04.242551,11701,-0.2000,0.0000,0.0000,-0.5000
2026-05-25T21:06:04.342664,11702,-0.2000,0.0000,0.0000,-0.5000
2026-05-25T21:06:04.442874,11703,-0.2000,0.0000,0.0000,-0.5000
2026-05-25T21:06:04.544393,11704,-0.2000,0.0000,0.0000,-0.5000
2026-05-25T21:06:04.644536,11705,-0.2000,0.0000,0.0000,-0.5000
2026-05-25T21:06:04.789987,11706,-0.2000,0.0000,0.0000,-0.5000
2026-05-25T21:06:04.890980,11707,-0.2000,0.0000,0.0000,-0.5000
2026-05-25T21:06:04.992362,11708,-0.2000,0.0000,0.0000,-0.5000
2026-05-25T21:06:05.092481,11709,-0.2000,0.0000,0.0000,-0.5000
2026-05-25T21:06:05.192592,11710,-0.2000,0.0000,0.0000,-0.5000
2026-05-25T21:06:05.292719,11711,-0.2000,0.0000,0.0000,-0.5000
2026-05-25T21:06:05.392893,11712,-0.2000,0.0000,0.0000,-0.5000
2026-05-25T21:06:05.493044,11713,-0.2000,0.0000,0.0000,-0.5000
2026-05-25T21:06:05.593134,11714,-0.2000,0.0000,0.0000,-0.5000
2026-05-25T21:06:05.693284,11715,-0.2000,0.0000,0.0000,-0.5000
2026-05-25T21:06:05.793349,11716,-0.2000,0.0000,0.0000,-0.5000
2026-05-25T21:06:05.893483,11717,-0.2000,0.0000,0.0000,-0.5000
2026-05-25T21:06:05.993606,11718,-0.2000,0.0000,0.0000,-0.5000
2026-05-25T21:06:06.280147,11719,-0.2000,0.0000,0.0000,-0.5000
2026-05-25T21:06:06.380249,11720,-0.2000,0.0000,0.0000,-0.5000
2026-05-25T21:06:06.480374,11721,-0.2000,0.0000,0.0000,-0.5000
2026-05-25T21:06:06.580701,11722,-0.2000,0.0000,0.0000,-0.5000
2026-05-25T21:06:06.680709,11723,-0.2000,0.0000,0.0000,-0.5000
2026-05-25T21:06:06.780877,11724,-0.2000,0.0000,0.0000,-0.5000
2026-05-25T21:06:06.880960,11725,-0.2000,0.0000,0.0000,-0.5000
2026-05-25T21:06:06.981348,11726,-0.2000,0.0000,0.0000,-0.5000
2026-05-25T21:06:07.081493,11727,-0.2000,0.0000,0.0000,-0.5000
2026-05-25T21:06:07.183739,11728,-0.2000,0.0000,0.0000,-0.5000
2026-05-25T21:06:07.281783,11729,0.0000,0.0000,0.0000,0.5000
2026-05-25T21:06:07.500199,11730,0.0000,0.0000,0.0000,0.5000
2026-05-25T21:06:07.600358,11731,0.0000,0.0000,0.0000,0.5000
2026-05-25T21:06:07.700444,11732,0.0000,0.0000,0.0000,0.5000
2026-05-25T21:06:07.800607,11733,0.0000,0.0000,0.0000,0.5000
2026-05-25T21:06:07.900500,11734,0.0000,0.0000,0.0000,0.5000
2026-05-25T21:06:08.000588,11735,0.0000,0.0000,0.0000,0.5000
2026-05-25T21:06:08.100819,11736,0.0000,0.0000,0.0000,0.5000
2026-05-25T21:06:08.200871,11737,0.0000,0.0000,0.0000,0.5000
2026-05-25T21:06:08.301267,11738,0.0000,0.0000,0.0000,0.5000
2026-05-25T21:06:08.400917,11739,0.0000,0.0000,0.0000,0.5000
2026-05-25T21:06:08.500872,11740,0.0000,0.0000,0.0000,0.5000
2026-05-25T21:06:08.720032,11741,0.0000,0.0000,0.0000,0.5000
2026-05-25T21:06:08.820161,11742,0.0000,0.0000,0.0000,0.5000
2026-05-25T21:06:08.922285,11743,0.0000,0.0000,0.0000,0.5000
2026-05-25T21:06:09.022445,11744,0.0000,0.0000,0.0000,0.5000
2026-05-25T21:06:09.122577,11745,0.0000,0.0000,0.0000,0.5000
2026-05-25T21:06:09.222696,11746,0.0000,0.0000,0.0000,0.5000
2026-05-25T21:06:09.322842,11747,0.0000,0.0000,0.0000,0.5000
2026-05-25T21:06:09.422993,11748,0.0000,0.0000,0.0000,0.5000
2026-05-25T21:06:09.523250,11749,0.0000,0.0000,0.0000,0.5000
2026-05-25T21:06:09.730232,11750,0.0000,0.0000,0.0000,0.5000
2026-05-25T21:06:09.830337,11751,0.0000,0.0000,0.0000,0.5000
2026-05-25T21:06:09.930353,11752,0.0000,0.0000,0.0000,0.5000
2026-05-25T21:06:10.030482,11753,0.0000,0.0000,0.0000,0.5000
2026-05-25T21:06:10.130573,11754,0.0000,0.0000,0.0000,0.5000
2026-05-25T21:06:10.230782,11755,0.0000,0.0000,0.0000,0.5000
2026-05-25T21:06:10.330906,11756,0.0000,0.0000,0.0000,0.5000
2026-05-25T21:06:10.431072,11757,0.0000,0.0000,0.0000,0.5000
2026-05-25T21:06:10.531161,11758,0.0000,0.0000,0.0000,0.5000
2026-05-25T21:06:10.631249,11759,0.3000,0.0000,0.0000,0.0000
2026-05-25T21:06:10.731339,11760,0.3000,0.0000,0.0000,0.0000
2026-05-25T21:06:10.950196,11761,0.3000,0.0000,0.0000,0.0000
2026-05-25T21:06:11.050284,11762,0.3000,0.0000,0.0000,0.0000
2026-05-25T21:06:11.150348,11763,0.3000,0.0000,0.0000,0.0000
2026-05-25T21:06:11.250632,11764,0.3000,0.0000,0.0000,0.0000
2026-05-25T21:06:11.350797,11765,0.3000,0.0000,0.0000,0.0000
2026-05-25T21:06:11.450983,11766,0.3000,0.0000,0.0000,0.0000
2026-05-25T21:06:11.551099,11767,0.3000,0.0000,0.0000,0.0000
2026-05-25T21:06:11.651239,11768,0.3000,0.0000,0.0000,0.0000
2026-05-25T21:06:11.751387,11769,0.3000,0.0000,0.0000,0.0000
2026-05-25T21:06:11.851400,11770,0.3000,0.0000,0.0000,0.0000
2026-05-25T21:06:11.951471,11771,0.3000,0.0000,0.0000,0.0000
2026-05-25T21:06:12.051630,11772,0.3000,0.0000,0.0000,0.0000
2026-05-25T21:06:12.151754,11773,0.3000,0.0000,0.0000,0.0000
2026-05-25T21:06:12.390233,11774,0.3000,0.0000,0.0000,0.0000
2026-05-25T21:06:12.490277,11775,0.3000,0.0000,0.0000,0.0000
2026-05-25T21:06:12.590345,11776,0.3000,0.0000,0.0000,0.0000
2026-05-25T21:06:12.690515,11777,0.3000,0.0000,0.0000,0.0000
2026-05-25T21:06:12.790627,11778,0.3000,0.0000,0.0000,0.0000
2026-05-25T21:06:12.891264,11779,0.3000,0.0000,0.0000,0.0000
2026-05-25T21:06:12.991351,11780,0.3000,0.0000,0.0000,0.0000
2026-05-25T21:06:13.091480,11781,0.3000,0.0000,0.0000,0.0000
2026-05-25T21:06:13.191786,11782,0.3000,0.0000,0.0000,0.0000
2026-05-25T21:06:13.400615,11783,0.3000,0.0000,0.0000,0.0000
2026-05-25T21:06:13.500302,11784,0.3000,0.0000,0.0000,0.0000
2026-05-25T21:06:13.600387,11785,0.3000,0.0000,0.0000,0.0000
2026-05-25T21:06:13.700495,11786,0.3000,0.0000,0.0000,0.0000
2026-05-25T21:06:13.800660,11787,0.3000,0.0000,0.0000,0.0000
2026-05-25T21:06:13.900838,11788,0.3000,0.0000,0.0000,0.0000
2026-05-25T21:06:14.001297,11789,0.0000,0.0000,0.0000,-0.5000
2026-05-25T21:06:14.101353,11790,0.0000,0.0000,0.0000,-0.5000
2026-05-25T21:06:14.201516,11791,0.0000,0.0000,0.0000,-0.5000
2026-05-25T21:06:14.350236,11792,0.0000,0.0000,0.0000,-0.5000
2026-05-25T21:06:14.450630,11793,0.0000,0.0000,0.0000,-0.5000
2026-05-25T21:06:14.550825,11794,0.0000,0.0000,0.0000,-0.5000
2026-05-25T21:06:14.650947,11795,0.0000,0.0000,0.0000,-0.5000
2026-05-25T21:06:14.751052,11796,0.0000,0.0000,0.0000,-0.5000
2026-05-25T21:06:14.851309,11797,0.0000,0.0000,0.0000,-0.5000
2026-05-25T21:06:14.951300,11798,0.0000,0.0000,0.0000,-0.5000
2026-05-25T21:06:15.051373,11799,0.0000,0.0000,0.0000,-0.5000
2026-05-25T21:06:15.151501,11800,0.0000,0.0000,0.0000,-0.5000
2026-05-25T21:06:15.430197,11801,0.0000,0.0000,0.0000,-0.5000
2026-05-25T21:06:15.530329,11802,0.0000,0.0000,0.0000,-0.5000
2026-05-25T21:06:15.630294,11803,0.0000,0.0000,0.0000,-0.5000
2026-05-25T21:06:15.731103,11804,0.0000,0.0000,0.0000,-0.5000
2026-05-25T21:06:15.830568,11805,0.0000,0.0000,0.0000,-0.5000
2026-05-25T21:06:15.930725,11806,0.0000,0.0000,0.0000,-0.5000
2026-05-25T21:06:16.030804,11807,0.0000,0.0000,0.0000,-0.5000
2026-05-25T21:06:16.130971,11808,0.0000,0.0000,0.0000,-0.5000
2026-05-25T21:06:16.231051,11809,0.0000,0.0000,0.0000,-0.5000
2026-05-25T21:06:16.440198,11810,0.0000,0.0000,0.0000,-0.5000
2026-05-25T21:06:16.540333,11811,0.0000,0.0000,0.0000,-0.5000
2026-05-25T21:06:16.640384,11812,0.0000,0.0000,0.0000,-0.5000
2026-05-25T21:06:16.740375,11813,0.0000,0.0000,0.0000,-0.5000
2026-05-25T21:06:16.840474,11814,0.0000,0.0000,0.0000,-0.5000
2026-05-25T21:06:16.940651,11815,0.0000,0.0000,0.0000,-0.5000
2026-05-25T21:06:17.040824,11816,0.0000,0.0000,0.0000,-0.5000
2026-05-25T21:06:17.140884,11817,0.0000,0.0000,0.0000,-0.5000
2026-05-25T21:06:17.241077,11818,0.0000,0.0000,0.0000,-0.5000
2026-05-25T21:06:17.341202,11819,-0.2000,0.0000,0.0000,-0.5000
2026-05-25T21:06:17.441335,11820,-0.2000,0.0000,0.0000,-0.5000
2026-05-25T21:06:17.660445,11821,-0.2000,0.0000,0.0000,-0.5000
2026-05-25T21:06:17.760568,11822,-0.2000,0.0000,0.0000,-0.5000
2026-05-25T21:06:17.860612,11823,-0.2000,0.0000,0.0000,-0.5000
2026-05-25T21:06:17.960742,11824,-0.2000,0.0000,0.0000,-0.5000
2026-05-25T21:06:18.060940,11825,-0.2000,0.0000,0.0000,-0.5000
2026-05-25T21:06:18.161036,11826,-0.2000,0.0000,0.0000,-0.5000
2026-05-25T21:06:18.261139,11827,-0.2000,0.0000,0.0000,-0.5000
2026-05-25T21:06:18.361329,11828,-0.2000,0.0000,0.0000,-0.5000
2026-05-25T21:06:18.461475,11829,-0.2000,0.0000,0.0000,-0.5000
2026-05-25T21:06:18.680270,11830,-0.2000,0.0000,0.0000,-0.5000
2026-05-25T21:06:18.780349,11831,-0.2000,0.0000,0.0000,-0.5000
2026-05-25T21:06:18.880431,11832,-0.2000,0.0000,0.0000,-0.5000
2026-05-25T21:06:18.980548,11833,-0.2000,0.0000,0.0000,-0.5000
2026-05-25T21:06:19.080717,11834,-0.2000,0.0000,0.0000,-0.5000
2026-05-25T21:06:19.180807,11835,-0.2000,0.0000,0.0000,-0.5000
2026-05-25T21:06:19.280998,11836,-0.2000,0.0000,0.0000,-0.5000
2026-05-25T21:06:19.381125,11837,-0.2000,0.0000,0.0000,-0.5000
2026-05-25T21:06:19.481234,11838,-0.2000,0.0000,0.0000,-0.5000
2026-05-25T21:06:19.581331,11839,-0.2000,0.0000,0.0000,-0.5000
2026-05-25T21:06:19.681460,11840,-0.2000,0.0000,0.0000,-0.5000
2026-05-25T21:06:19.900411,11841,-0.2000,0.0000,0.0000,-0.5000
2026-05-25T21:06:20.000517,11842,-0.2000,0.0000,0.0000,-0.5000
2026-05-25T21:06:20.100659,11843,-0.2000,0.0000,0.0000,-0.5000
2026-05-25T21:06:20.200714,11844,-0.2000,0.0000,0.0000,-0.5000
2026-05-25T21:06:20.301446,11845,-0.2000,0.0000,0.0000,-0.5000
2026-05-25T21:06:20.401468,11846,-0.2000,0.0000,0.0000,-0.5000
2026-05-25T21:06:20.501703,11847,-0.2000,0.0000,0.0000,-0.5000
2026-05-25T21:06:20.601844,11848,-0.2000,0.0000,0.0000,-0.5000
2026-05-25T21:06:20.701895,11849,0.0000,0.0000,0.0000,0.5000
2026-05-25T21:06:20.910250,11850,0.0000,0.0000,0.0000,0.5000
2026-05-25T21:06:21.010302,11851,0.0000,0.0000,0.0000,0.5000
2026-05-25T21:06:21.110457,11852,0.0000,0.0000,0.0000,0.5000
2026-05-25T21:06:21.211314,11853,0.0000,0.0000,0.0000,0.5000
2026-05-25T21:06:21.311434,11854,0.0000,0.0000,0.0000,0.5000
2026-05-25T21:06:21.411575,11855,0.0000,0.0000,0.0000,0.5000
2026-05-25T21:06:21.511648,11856,0.0000,0.0000,0.0000,0.5000
2026-05-25T21:06:21.611858,11857,0.0000,0.0000,0.0000,0.5000
2026-05-25T21:06:21.711983,11858,0.0000,0.0000,0.0000,0.5000
2026-05-25T21:06:21.812047,11859,0.0000,0.0000,0.0000,0.5000
2026-05-25T21:06:21.913276,11860,0.0000,0.0000,0.0000,0.5000
2026-05-25T21:06:22.150385,11861,0.0000,0.0000,0.0000,0.5000
2026-05-25T21:06:22.250339,11862,0.0000,0.0000,0.0000,0.5000
2026-05-25T21:06:22.350474,11863,0.0000,0.0000,0.0000,0.5000
2026-05-25T21:06:22.450587,11864,0.0000,0.0000,0.0000,0.5000
2026-05-25T21:06:22.550742,11865,0.0000,0.0000,0.0000,0.5000
2026-05-25T21:06:22.650885,11866,0.0000,0.0000,0.0000,0.5000
2026-05-25T21:06:22.751827,11867,0.0000,0.0000,0.0000,0.5000
2026-05-25T21:06:22.851142,11868,0.0000,0.0000,0.0000,0.5000
2026-05-25T21:06:22.951253,11869,0.0000,0.0000,0.0000,0.5000
2026-05-25T21:06:23.051325,11870,0.0000,0.0000,0.0000,0.5000
2026-05-25T21:06:23.151463,11871,0.0000,0.0000,0.0000,0.5000
2026-05-25T21:06:23.370464,11872,0.0000,0.0000,0.0000,0.5000
2026-05-25T21:06:23.470536,11873,0.0000,0.0000,0.0000,0.5000
2026-05-25T21:06:23.570649,11874,0.0000,0.0000,0.0000,0.5000
2026-05-25T21:06:23.670782,11875,0.0000,0.0000,0.0000,0.5000
2026-05-25T21:06:23.771290,11876,0.0000,0.0000,0.0000,0.5000
2026-05-25T21:06:23.871332,11877,0.0000,0.0000,0.0000,0.5000
2026-05-25T21:06:23.971484,11878,0.0000,0.0000,0.0000,0.5000
2026-05-25T21:06:24.071587,11879,0.3000,0.0000,0.0000,0.0000
2026-05-25T21:06:24.171728,11880,0.3000,0.0000,0.0000,0.0000
2026-05-25T21:06:24.271946,11881,0.3000,0.0000,0.0000,0.0000
2026-05-25T21:06:24.371985,11882,0.3000,0.0000,0.0000,0.0000
2026-05-25T21:06:24.610362,11883,0.3000,0.0000,0.0000,0.0000
2026-05-25T21:06:24.710443,11884,0.3000,0.0000,0.0000,0.0000
2026-05-25T21:06:24.810574,11885,0.3000,0.0000,0.0000,0.0000
2026-05-25T21:06:24.910692,11886,0.3000,0.0000,0.0000,0.0000
2026-05-25T21:06:25.011356,11887,0.3000,0.0000,0.0000,0.0000
2026-05-25T21:06:25.111469,11888,0.3000,0.0000,0.0000,0.0000
2026-05-25T21:06:25.211590,11889,0.3000,0.0000,0.0000,0.0000
2026-05-25T21:06:25.311695,11890,0.3000,0.0000,0.0000,0.0000
2026-05-25T21:06:25.411833,11891,0.3000,0.0000,0.0000,0.0000
2026-05-25T21:06:25.511947,11892,0.3000,0.0000,0.0000,0.0000
2026-05-25T21:06:25.612075,11893,0.3000,0.0000,0.0000,0.0000
2026-05-25T21:06:25.810342,11894,0.3000,0.0000,0.0000,0.0000
2026-05-25T21:06:25.910430,11895,0.3000,0.0000,0.0000,0.0000
2026-05-25T21:06:26.011374,11896,0.3000,0.0000,0.0000,0.0000
2026-05-25T21:06:26.111442,11897,0.3000,0.0000,0.0000,0.0000
2026-05-25T21:06:26.211574,11898,0.3000,0.0000,0.0000,0.0000
2026-05-25T21:06:26.311794,11899,0.3000,0.0000,0.0000,0.0000
2026-05-25T21:06:26.411847,11900,0.3000,0.0000,0.0000,0.0000
2026-05-25T21:06:26.512120,11901,0.3000,0.0000,0.0000,0.0000
2026-05-25T21:06:26.612315,11902,0.3000,0.0000,0.0000,0.0000
2026-05-25T21:06:26.765965,11903,0.3000,0.0000,0.0000,0.0000
2026-05-25T21:06:26.866412,11904,0.3000,0.0000,0.0000,0.0000
2026-05-25T21:06:26.966386,11905,0.3000,0.0000,0.0000,0.0000
2026-05-25T21:06:27.066519,11906,0.3000,0.0000,0.0000,0.0000
2026-05-25T21:06:27.167313,11907,0.3000,0.0000,0.0000,0.0000
2026-05-25T21:06:27.267307,11908,0.3000,0.0000,0.0000,0.0000
2026-05-25T21:06:27.367298,11909,0.0000,0.0000,0.0000,-0.5000
2026-05-25T21:06:27.467419,11910,0.0000,0.0000,0.0000,-0.5000
2026-05-25T21:06:27.567884,11911,0.0000,0.0000,0.0000,-0.5000
2026-05-25T21:06:27.670321,11912,0.0000,0.0000,0.0000,-0.5000
2026-05-25T21:06:27.772362,11913,0.0000,0.0000,0.0000,-0.5000
2026-05-25T21:06:27.985498,11914,0.0000,0.0000,0.0000,-0.5000
2026-05-25T21:06:28.085551,11915,0.0000,0.0000,0.0000,-0.5000
2026-05-25T21:06:28.185752,11916,0.0000,0.0000,0.0000,-0.5000
2026-05-25T21:06:28.285864,11917,0.0000,0.0000,0.0000,-0.5000
2026-05-25T21:06:28.385993,11918,0.0000,0.0000,0.0000,-0.5000
2026-05-25T21:06:28.486303,11919,0.0000,0.0000,0.0000,-0.5000
2026-05-25T21:06:28.586460,11920,0.0000,0.0000,0.0000,-0.5000
2026-05-25T21:06:28.686686,11921,0.0000,0.0000,0.0000,-0.5000
2026-05-25T21:06:28.786786,11922,0.0000,0.0000,0.0000,-0.5000
2026-05-25T21:06:29.060428,11923,0.0000,0.0000,0.0000,-0.5000
2026-05-25T21:06:29.160506,11924,0.0000,0.0000,0.0000,-0.5000
2026-05-25T21:06:29.262557,11925,0.0000,0.0000,0.0000,-0.5000
2026-05-25T21:06:29.360784,11926,0.0000,0.0000,0.0000,-0.5000
2026-05-25T21:06:29.460966,11927,0.0000,0.0000,0.0000,-0.5000
2026-05-25T21:06:29.561984,11928,0.0000,0.0000,0.0000,-0.5000
2026-05-25T21:06:29.661779,11929,0.0000,0.0000,0.0000,-0.5000
2026-05-25T21:06:29.761871,11930,0.0000,0.0000,0.0000,-0.5000
2026-05-25T21:06:29.861974,11931,0.0000,0.0000,0.0000,-0.5000
2026-05-25T21:06:29.962419,11932,0.0000,0.0000,0.0000,-0.5000
2026-05-25T21:06:30.063007,11933,0.0000,0.0000,0.0000,-0.5000
2026-05-25T21:06:30.240341,11934,0.0000,0.0000,0.0000,-0.5000
2026-05-25T21:06:30.340495,11935,0.0000,0.0000,0.0000,-0.5000
2026-05-25T21:06:30.440889,11936,0.0000,0.0000,0.0000,-0.5000
2026-05-25T21:06:30.541008,11937,0.0000,0.0000,0.0000,-0.5000
2026-05-25T21:06:30.641106,11938,0.0000,0.0000,0.0000,-0.5000
2026-05-25T21:06:30.741212,11939,-0.2000,0.0000,0.0000,-0.5000
2026-05-25T21:06:30.841479,11940,-0.2000,0.0000,0.0000,-0.5000
2026-05-25T21:06:30.941446,11941,-0.2000,0.0000,0.0000,-0.5000
2026-05-25T21:06:31.041737,11942,-0.2000,0.0000,0.0000,-0.5000
2026-05-25T21:06:31.141866,11943,-0.2000,0.0000,0.0000,-0.5000
2026-05-25T21:06:31.241957,11944,-0.2000,0.0000,0.0000,-0.5000
2026-05-25T21:06:31.440448,11945,-0.2000,0.0000,0.0000,-0.5000
2026-05-25T21:06:31.540565,11946,-0.2000,0.0000,0.0000,-0.5000
2026-05-25T21:06:31.640685,11947,-0.2000,0.0000,0.0000,-0.5000
2026-05-25T21:06:31.740818,11948,-0.2000,0.0000,0.0000,-0.5000
2026-05-25T21:06:31.840950,11949,-0.2000,0.0000,0.0000,-0.5000
2026-05-25T21:06:31.942240,11950,-0.2000,0.0000,0.0000,-0.5000
2026-05-25T21:06:32.041323,11951,-0.2000,0.0000,0.0000,-0.5000
2026-05-25T21:06:32.141468,11952,-0.2000,0.0000,0.0000,-0.5000
2026-05-25T21:06:32.242367,11953,-0.2000,0.0000,0.0000,-0.5000
2026-05-25T21:06:32.570960,11954,-0.2000,0.0000,0.0000,-0.5000
2026-05-25T21:06:32.670911,11955,-0.2000,0.0000,0.0000,-0.5000
2026-05-25T21:06:32.774380,11956,-0.2000,0.0000,0.0000,-0.5000
2026-05-25T21:06:32.874474,11957,-0.2000,0.0000,0.0000,-0.5000
2026-05-25T21:06:32.974612,11958,-0.2000,0.0000,0.0000,-0.5000
2026-05-25T21:06:33.074696,11959,-0.2000,0.0000,0.0000,-0.5000
2026-05-25T21:06:33.174927,11960,-0.2000,0.0000,0.0000,-0.5000
2026-05-25T21:06:33.275058,11961,-0.2000,0.0000,0.0000,-0.5000
2026-05-25T21:06:33.375160,11962,-0.2000,0.0000,0.0000,-0.5000
2026-05-25T21:06:33.475300,11963,-0.2000,0.0000,0.0000,-0.5000
2026-05-25T21:06:33.575325,11964,-0.2000,0.0000,0.0000,-0.5000
2026-05-25T21:06:33.675460,11965,-0.2000,0.0000,0.0000,-0.5000
2026-05-25T21:06:33.775606,11966,-0.2000,0.0000,0.0000,-0.5000
2026-05-25T21:06:33.991432,11967,-0.2000,0.0000,0.0000,-0.5000
2026-05-25T21:06:34.091401,11968,-0.2000,0.0000,0.0000,-0.5000
2026-05-25T21:06:34.191555,11969,0.0000,0.0000,0.0000,0.5000
2026-05-25T21:06:34.291664,11970,0.0000,0.0000,0.0000,0.5000
2026-05-25T21:06:34.391850,11971,0.0000,0.0000,0.0000,0.5000
2026-05-25T21:06:34.492111,11972,0.0000,0.0000,0.0000,0.5000
2026-05-25T21:06:34.592184,11973,0.0000,0.0000,0.0000,0.5000
2026-05-25T21:06:34.692316,11974,0.0000,0.0000,0.0000,0.5000
2026-05-25T21:06:34.793054,11975,0.0000,0.0000,0.0000,0.5000
2026-05-25T21:06:34.892715,11976,0.0000,0.0000,0.0000,0.5000
2026-05-25T21:06:34.992616,11977,0.0000,0.0000,0.0000,0.5000
2026-05-25T21:06:35.092782,11978,0.0000,0.0000,0.0000,0.5000
2026-05-25T21:06:35.192909,11979,0.0000,0.0000,0.0000,0.5000
2026-05-25T21:06:35.460633,11980,0.0000,0.0000,0.0000,0.5000
2026-05-25T21:06:35.561160,11981,0.0000,0.0000,0.0000,0.5000
2026-05-25T21:06:35.660807,11982,0.0000,0.0000,0.0000,0.5000
2026-05-25T21:06:35.761260,11983,0.0000,0.0000,0.0000,0.5000
2026-05-25T21:06:35.861376,11984,0.0000,0.0000,0.0000,0.5000
2026-05-25T21:06:35.961955,11985,0.0000,0.0000,0.0000,0.5000
2026-05-25T21:06:36.061633,11986,0.0000,0.0000,0.0000,0.5000
2026-05-25T21:06:36.161753,11987,0.0000,0.0000,0.0000,0.5000
2026-05-25T21:06:36.261948,11988,0.0000,0.0000,0.0000,0.5000
2026-05-25T21:06:36.362510,11989,0.0000,0.0000,0.0000,0.5000
2026-05-25T21:06:36.462662,11990,0.0000,0.0000,0.0000,0.5000
2026-05-25T21:06:36.562843,11991,0.0000,0.0000,0.0000,0.5000
2026-05-25T21:06:36.663372,11992,0.0000,0.0000,0.0000,0.5000
2026-05-25T21:06:36.763500,11993,0.0000,0.0000,0.0000,0.5000
2026-05-25T21:06:36.863687,11994,0.0000,0.0000,0.0000,0.5000
2026-05-25T21:06:37.110421,11995,0.0000,0.0000,0.0000,0.5000
2026-05-25T21:06:37.210549,11996,0.0000,0.0000,0.0000,0.5000
2026-05-25T21:06:37.310697,11997,0.0000,0.0000,0.0000,0.5000
2026-05-25T21:06:37.410772,11998,0.0000,0.0000,0.0000,0.5000
2026-05-25T21:06:37.510864,11999,0.3000,0.0000,0.0000,0.0000
2026-05-25T21:06:37.611294,12000,0.3000,0.0000,0.0000,0.0000
2026-05-25T21:06:37.711215,12001,0.3000,0.0000,0.0000,0.0000
2026-05-25T21:06:37.811300,12002,0.3000,0.0000,0.0000,0.0000
2026-05-25T21:06:37.911450,12003,0.3000,0.0000,0.0000,0.0000
2026-05-25T21:06:38.011916,12004,0.3000,0.0000,0.0000,0.0000
2026-05-25T21:06:38.111973,12005,0.3000,0.0000,0.0000,0.0000
2026-05-25T21:06:38.320330,12006,0.3000,0.0000,0.0000,0.0000
2026-05-25T21:06:38.420692,12007,0.3000,0.0000,0.0000,0.0000
2026-05-25T21:06:38.520631,12008,0.3000,0.0000,0.0000,0.0000
2026-05-25T21:06:38.622706,12009,0.3000,0.0000,0.0000,0.0000
2026-05-25T21:06:38.722886,12010,0.3000,0.0000,0.0000,0.0000
2026-05-25T21:06:38.822971,12011,0.3000,0.0000,0.0000,0.0000
2026-05-25T21:06:38.923339,12012,0.3000,0.0000,0.0000,0.0000
2026-05-25T21:06:39.023555,12013,0.3000,0.0000,0.0000,0.0000
2026-05-25T21:06:39.123558,12014,0.3000,0.0000,0.0000,0.0000
2026-05-25T21:06:39.330529,12015,0.3000,0.0000,0.0000,0.0000
2026-05-25T21:06:39.430678,12016,0.3000,0.0000,0.0000,0.0000
2026-05-25T21:06:39.530720,12017,0.3000,0.0000,0.0000,0.0000
2026-05-25T21:06:39.631307,12018,0.3000,0.0000,0.0000,0.0000
2026-05-25T21:06:39.730978,12019,0.3000,0.0000,0.0000,0.0000
2026-05-25T21:06:39.831248,12020,0.3000,0.0000,0.0000,0.0000
2026-05-25T21:06:39.931253,12021,0.3000,0.0000,0.0000,0.0000
2026-05-25T21:06:40.031333,12022,0.3000,0.0000,0.0000,0.0000
2026-05-25T21:06:40.131371,12023,0.3000,0.0000,0.0000,0.0000
2026-05-25T21:06:40.341131,12024,0.3000,0.0000,0.0000,0.0000
2026-05-25T21:06:40.440554,12025,0.3000,0.0000,0.0000,0.0000
2026-05-25T21:06:40.540757,12026,0.3000,0.0000,0.0000,0.0000
2026-05-25T21:06:40.641464,12027,0.3000,0.0000,0.0000,0.0000
2026-05-25T21:06:40.741638,12028,0.3000,0.0000,0.0000,0.0000
2026-05-25T21:06:40.841753,12029,0.0000,0.0000,0.0000,-0.5000
2026-05-25T21:06:40.943263,12030,0.0000,0.0000,0.0000,-0.5000
2026-05-25T21:06:41.043447,12031,0.0000,0.0000,0.0000,-0.5000
2026-05-25T21:06:41.143590,12032,0.0000,0.0000,0.0000,-0.5000
2026-05-25T21:06:41.243739,12033,0.0000,0.0000,0.0000,-0.5000
2026-05-25T21:06:41.343913,12034,0.0000,0.0000,0.0000,-0.5000
2026-05-25T21:06:41.570449,12035,0.0000,0.0000,0.0000,-0.5000
2026-05-25T21:06:41.670524,12036,0.0000,0.0000,0.0000,-0.5000
2026-05-25T21:06:41.770678,12037,0.0000,0.0000,0.0000,-0.5000
2026-05-25T21:06:41.870824,12038,0.0000,0.0000,0.0000,-0.5000
2026-05-25T21:06:41.970931,12039,0.0000,0.0000,0.0000,-0.5000
2026-05-25T21:06:42.071359,12040,0.0000,0.0000,0.0000,-0.5000
2026-05-25T21:06:42.171513,12041,0.0000,0.0000,0.0000,-0.5000
2026-05-25T21:06:42.271635,12042,0.0000,0.0000,0.0000,-0.5000
2026-05-25T21:06:42.371853,12043,0.0000,0.0000,0.0000,-0.5000
2026-05-25T21:06:42.471947,12044,0.0000,0.0000,0.0000,-0.5000
2026-05-25T21:06:42.571998,12045,0.0000,0.0000,0.0000,-0.5000
2026-05-25T21:06:42.790355,12046,0.0000,0.0000,0.0000,-0.5000
2026-05-25T21:06:42.890514,12047,0.0000,0.0000,0.0000,-0.5000
2026-05-25T21:06:42.990684,12048,0.0000,0.0000,0.0000,-0.5000
2026-05-25T21:06:43.090793,12049,0.0000,0.0000,0.0000,-0.5000
2026-05-25T21:06:43.190955,12050,0.0000,0.0000,0.0000,-0.5000
2026-05-25T21:06:43.291073,12051,0.0000,0.0000,0.0000,-0.5000
2026-05-25T21:06:43.391186,12052,0.0000,0.0000,0.0000,-0.5000
2026-05-25T21:06:43.491689,12053,0.0000,0.0000,0.0000,-0.5000
2026-05-25T21:06:43.591867,12054,0.0000,0.0000,0.0000,-0.5000
2026-05-25T21:06:43.691984,12055,0.0000,0.0000,0.0000,-0.5000
2026-05-25T21:06:43.792088,12056,0.0000,0.0000,0.0000,-0.5000
2026-05-25T21:06:44.010536,12057,0.0000,0.0000,0.0000,-0.5000
2026-05-25T21:06:44.110776,12058,0.0000,0.0000,0.0000,-0.5000
2026-05-25T21:06:44.210933,12059,-0.2000,0.0000,0.0000,-0.5000
2026-05-25T21:06:44.310956,12060,-0.2000,0.0000,0.0000,-0.5000
2026-05-25T21:06:44.411317,12061,-0.2000,0.0000,0.0000,-0.5000
2026-05-25T21:06:44.511251,12062,-0.2000,0.0000,0.0000,-0.5000
2026-05-25T21:06:44.611376,12063,-0.2000,0.0000,0.0000,-0.5000
2026-05-25T21:06:44.711817,12064,-0.2000,0.0000,0.0000,-0.5000
2026-05-25T21:06:44.812014,12065,-0.2000,0.0000,0.0000,-0.5000
2026-05-25T21:06:44.912348,12066,-0.2000,0.0000,0.0000,-0.5000
2026-05-25T21:06:45.012448,12067,-0.2000,0.0000,0.0000,-0.5000
2026-05-25T21:06:45.230574,12068,-0.2000,0.0000,0.0000,-0.5000
2026-05-25T21:06:45.330761,12069,-0.2000,0.0000,0.0000,-0.5000
2026-05-25T21:06:45.431199,12070,-0.2000,0.0000,0.0000,-0.5000
2026-05-25T21:06:45.531299,12071,-0.2000,0.0000,0.0000,-0.5000
2026-05-25T21:06:45.632134,12072,-0.2000,0.0000,0.0000,-0.5000
2026-05-25T21:06:45.732219,12073,-0.2000,0.0000,0.0000,-0.5000
2026-05-25T21:06:45.832405,12074,-0.2000,0.0000,0.0000,-0.5000
2026-05-25T21:06:45.932428,12075,-0.2000,0.0000,0.0000,-0.5000
2026-05-25T21:06:46.032868,12076,-0.2000,0.0000,0.0000,-0.5000
2026-05-25T21:06:46.133017,12077,-0.2000,0.0000,0.0000,-0.5000
2026-05-25T21:06:46.235264,12078,-0.2000,0.0000,0.0000,-0.5000
2026-05-25T21:06:46.450424,12079,-0.2000,0.0000,0.0000,-0.5000
2026-05-25T21:06:46.550593,12080,-0.2000,0.0000,0.0000,-0.5000
2026-05-25T21:06:46.651489,12081,-0.2000,0.0000,0.0000,-0.5000
2026-05-25T21:06:46.751520,12082,-0.2000,0.0000,0.0000,-0.5000
2026-05-25T21:06:46.851610,12083,-0.2000,0.0000,0.0000,-0.5000
2026-05-25T21:06:46.951696,12084,-0.2000,0.0000,0.0000,-0.5000
2026-05-25T21:06:47.051865,12085,-0.2000,0.0000,0.0000,-0.5000
2026-05-25T21:06:47.151963,12086,-0.2000,0.0000,0.0000,-0.5000
2026-05-25T21:06:47.252108,12087,-0.2000,0.0000,0.0000,-0.5000
2026-05-25T21:06:47.352282,12088,-0.2000,0.0000,0.0000,-0.5000
2026-05-25T21:06:47.452649,12089,0.0000,0.0000,0.0000,0.5000
2026-05-25T21:06:47.552556,12090,0.0000,0.0000,0.0000,0.5000
2026-05-25T21:06:47.652673,12091,0.0000,0.0000,0.0000,0.5000
2026-05-25T21:06:47.911619,12092,0.0000,0.0000,0.0000,0.5000
2026-05-25T21:06:48.011729,12093,0.0000,0.0000,0.0000,0.5000
2026-05-25T21:06:48.112786,12094,0.0000,0.0000,0.0000,0.5000
2026-05-25T21:06:48.211973,12095,0.0000,0.0000,0.0000,0.5000
2026-05-25T21:06:48.312131,12096,0.0000,0.0000,0.0000,0.5000
2026-05-25T21:06:48.412276,12097,0.0000,0.0000,0.0000,0.5000
2026-05-25T21:06:48.513188,12098,0.0000,0.0000,0.0000,0.5000
2026-05-25T21:06:48.613305,12099,0.0000,0.0000,0.0000,0.5000
2026-05-25T21:06:48.713487,12100,0.0000,0.0000,0.0000,0.5000
2026-05-25T21:06:48.920808,12101,0.0000,0.0000,0.0000,0.5000
2026-05-25T21:06:49.020678,12102,0.0000,0.0000,0.0000,0.5000
2026-05-25T21:06:49.120819,12103,0.0000,0.0000,0.0000,0.5000
2026-05-25T21:06:49.220983,12104,0.0000,0.0000,0.0000,0.5000
2026-05-25T21:06:49.321134,12105,0.0000,0.0000,0.0000,0.5000
2026-05-25T21:06:49.421218,12106,0.0000,0.0000,0.0000,0.5000
2026-05-25T21:06:49.521358,12107,0.0000,0.0000,0.0000,0.5000
2026-05-25T21:06:49.621552,12108,0.0000,0.0000,0.0000,0.5000
2026-05-25T21:06:49.721609,12109,0.0000,0.0000,0.0000,0.5000
2026-05-25T21:06:49.931115,12110,0.0000,0.0000,0.0000,0.5000
2026-05-25T21:06:50.031234,12111,0.0000,0.0000,0.0000,0.5000
2026-05-25T21:06:50.134301,12112,0.0000,0.0000,0.0000,0.5000
2026-05-25T21:06:50.234443,12113,0.0000,0.0000,0.0000,0.5000
2026-05-25T21:06:50.334554,12114,0.0000,0.0000,0.0000,0.5000
2026-05-25T21:06:50.435336,12115,0.0000,0.0000,0.0000,0.5000
2026-05-25T21:06:50.535401,12116,0.0000,0.0000,0.0000,0.5000
2026-05-25T21:06:50.635653,12117,0.0000,0.0000,0.0000,0.5000
2026-05-25T21:06:50.735731,12118,0.0000,0.0000,0.0000,0.5000
2026-05-25T21:06:50.835864,12119,0.3000,0.0000,0.0000,0.0000
2026-05-25T21:06:50.935956,12120,0.3000,0.0000,0.0000,0.0000
2026-05-25T21:06:51.150604,12121,0.3000,0.0000,0.0000,0.0000
2026-05-25T21:06:51.250708,12122,0.3000,0.0000,0.0000,0.0000
2026-05-25T21:06:51.350811,12123,0.3000,0.0000,0.0000,0.0000
2026-05-25T21:06:51.450930,12124,0.3000,0.0000,0.0000,0.0000
2026-05-25T21:06:51.551097,12125,0.3000,0.0000,0.0000,0.0000
2026-05-25T21:06:51.651209,12126,0.3000,0.0000,0.0000,0.0000
2026-05-25T21:06:51.751304,12127,0.3000,0.0000,0.0000,0.0000
2026-05-25T21:06:51.851503,12128,0.3000,0.0000,0.0000,0.0000
2026-05-25T21:06:51.951606,12129,0.3000,0.0000,0.0000,0.0000
2026-05-25T21:06:52.170607,12130,0.3000,0.0000,0.0000,0.0000
2026-05-25T21:06:52.270698,12131,0.3000,0.0000,0.0000,0.0000
2026-05-25T21:06:52.370865,12132,0.3000,0.0000,0.0000,0.0000
2026-05-25T21:06:52.470954,12133,0.3000,0.0000,0.0000,0.0000
2026-05-25T21:06:52.571126,12134,0.3000,0.0000,0.0000,0.0000
2026-05-25T21:06:52.671276,12135,0.3000,0.0000,0.0000,0.0000
2026-05-25T21:06:52.771302,12136,0.3000,0.0000,0.0000,0.0000
2026-05-25T21:06:52.871437,12137,0.3000,0.0000,0.0000,0.0000
2026-05-25T21:06:52.971572,12138,0.3000,0.0000,0.0000,0.0000
2026-05-25T21:06:53.071717,12139,0.3000,0.0000,0.0000,0.0000
2026-05-25T21:06:53.171841,12140,0.3000,0.0000,0.0000,0.0000
2026-05-25T21:06:53.390611,12141,0.3000,0.0000,0.0000,0.0000
2026-05-25T21:06:53.490749,12142,0.3000,0.0000,0.0000,0.0000
2026-05-25T21:06:53.590874,12143,0.3000,0.0000,0.0000,0.0000
2026-05-25T21:06:53.690998,12144,0.3000,0.0000,0.0000,0.0000
2026-05-25T21:06:53.791171,12145,0.3000,0.0000,0.0000,0.0000
2026-05-25T21:06:53.891258,12146,0.3000,0.0000,0.0000,0.0000
2026-05-25T21:06:53.991326,12147,0.3000,0.0000,0.0000,0.0000
2026-05-25T21:06:54.091467,12148,0.3000,0.0000,0.0000,0.0000
2026-05-25T21:06:54.191636,12149,0.0000,0.0000,0.0000,-0.5000
2026-05-25T21:06:54.400803,12150,0.0000,0.0000,0.0000,-0.5000
2026-05-25T21:06:54.500846,12151,0.0000,0.0000,0.0000,-0.5000
2026-05-25T21:06:54.600973,12152,0.0000,0.0000,0.0000,-0.5000
2026-05-25T21:06:54.701711,12153,0.0000,0.0000,0.0000,-0.5000
2026-05-25T21:06:54.801195,12154,0.0000,0.0000,0.0000,-0.5000
2026-05-25T21:06:54.901285,12155,0.0000,0.0000,0.0000,-0.5000
2026-05-25T21:06:55.001621,12156,0.0000,0.0000,0.0000,-0.5000
2026-05-25T21:06:55.101961,12157,0.0000,0.0000,0.0000,-0.5000
2026-05-25T21:06:55.202099,12158,0.0000,0.0000,0.0000,-0.5000
2026-05-25T21:06:55.410722,12159,0.0000,0.0000,0.0000,-0.5000
2026-05-25T21:06:55.510832,12160,0.0000,0.0000,0.0000,-0.5000
2026-05-25T21:06:55.610948,12161,0.0000,0.0000,0.0000,-0.5000
2026-05-25T21:06:55.711099,12162,0.0000,0.0000,0.0000,-0.5000
2026-05-25T21:06:55.811174,12163,0.0000,0.0000,0.0000,-0.5000
2026-05-25T21:06:55.911281,12164,0.0000,0.0000,0.0000,-0.5000
2026-05-25T21:06:56.011456,12165,0.0000,0.0000,0.0000,-0.5000
2026-05-25T21:06:56.111583,12166,0.0000,0.0000,0.0000,-0.5000
2026-05-25T21:06:56.211699,12167,0.0000,0.0000,0.0000,-0.5000
2026-05-25T21:06:56.311827,12168,0.0000,0.0000,0.0000,-0.5000
2026-05-25T21:06:56.411979,12169,0.0000,0.0000,0.0000,-0.5000
2026-05-25T21:06:56.640672,12170,0.0000,0.0000,0.0000,-0.5000
2026-05-25T21:06:56.740705,12171,0.0000,0.0000,0.0000,-0.5000
2026-05-25T21:06:56.840857,12172,0.0000,0.0000,0.0000,-0.5000
2026-05-25T21:06:56.941046,12173,0.0000,0.0000,0.0000,-0.5000
2026-05-25T21:06:57.041115,12174,0.0000,0.0000,0.0000,-0.5000
2026-05-25T21:06:57.141659,12175,0.0000,0.0000,0.0000,-0.5000
2026-05-25T21:06:57.241889,12176,0.0000,0.0000,0.0000,-0.5000
2026-05-25T21:06:57.342039,12177,0.0000,0.0000,0.0000,-0.5000
2026-05-25T21:06:57.442137,12178,0.0000,0.0000,0.0000,-0.5000
2026-05-25T21:06:57.660799,12179,-0.2000,0.0000,0.0000,-0.5000
2026-05-25T21:06:57.761038,12180,-0.2000,0.0000,0.0000,-0.5000
2026-05-25T21:06:57.862345,12181,-0.2000,0.0000,0.0000,-0.5000
2026-05-25T21:06:57.962452,12182,-0.2000,0.0000,0.0000,-0.5000
2026-05-25T21:06:58.062575,12183,-0.2000,0.0000,0.0000,-0.5000
2026-05-25T21:06:58.162709,12184,-0.2000,0.0000,0.0000,-0.5000
2026-05-25T21:06:58.262906,12185,-0.2000,0.0000,0.0000,-0.5000
2026-05-25T21:06:58.363035,12186,-0.2000,0.0000,0.0000,-0.5000
2026-05-25T21:06:58.463107,12187,-0.2000,0.0000,0.0000,-0.5000
2026-05-25T21:06:58.564163,12188,-0.2000,0.0000,0.0000,-0.5000
2026-05-25T21:06:58.664187,12189,-0.2000,0.0000,0.0000,-0.5000
2026-05-25T21:06:58.880746,12190,-0.2000,0.0000,0.0000,-0.5000
2026-05-25T21:06:58.980858,12191,-0.2000,0.0000,0.0000,-0.5000
2026-05-25T21:06:59.081495,12192,-0.2000,0.0000,0.0000,-0.5000
2026-05-25T21:06:59.181195,12193,-0.2000,0.0000,0.0000,-0.5000
2026-05-25T21:06:59.281406,12194,-0.2000,0.0000,0.0000,-0.5000
2026-05-25T21:06:59.381324,12195,-0.2000,0.0000,0.0000,-0.5000
2026-05-25T21:06:59.481459,12196,-0.2000,0.0000,0.0000,-0.5000
2026-05-25T21:06:59.581564,12197,-0.2000,0.0000,0.0000,-0.5000
2026-05-25T21:06:59.681791,12198,-0.2000,0.0000,0.0000,-0.5000
2026-05-25T21:06:59.781934,12199,-0.2000,0.0000,0.0000,-0.5000
2026-05-25T21:06:59.882089,12200,-0.2000,0.0000,0.0000,-0.5000
2026-05-25T21:07:00.090688,12201,-0.2000,0.0000,0.0000,-0.5000
2026-05-25T21:07:00.190873,12202,-0.2000,0.0000,0.0000,-0.5000
2026-05-25T21:07:00.291048,12203,-0.2000,0.0000,0.0000,-0.5000
2026-05-25T21:07:00.391173,12204,-0.2000,0.0000,0.0000,-0.5000
2026-05-25T21:07:00.491272,12205,-0.2000,0.0000,0.0000,-0.5000
2026-05-25T21:07:00.591420,12206,-0.2000,0.0000,0.0000,-0.5000
2026-05-25T21:07:00.691566,12207,-0.2000,0.0000,0.0000,-0.5000
2026-05-25T21:07:00.793164,12208,-0.2000,0.0000,0.0000,-0.5000
2026-05-25T21:07:00.893299,12209,0.0000,0.0000,0.0000,0.5000
2026-05-25T21:07:00.993414,12210,0.0000,0.0000,0.0000,0.5000
2026-05-25T21:07:01.093551,12211,0.0000,0.0000,0.0000,0.5000
2026-05-25T21:07:01.310612,12212,0.0000,0.0000,0.0000,0.5000
2026-05-25T21:07:01.410746,12213,0.0000,0.0000,0.0000,0.5000
2026-05-25T21:07:01.513869,12214,0.0000,0.0000,0.0000,0.5000
2026-05-25T21:07:01.611251,12215,0.0000,0.0000,0.0000,0.5000
2026-05-25T21:07:01.711214,12216,0.0000,0.0000,0.0000,0.5000
2026-05-25T21:07:01.811324,12217,0.0000,0.0000,0.0000,0.5000
2026-05-25T21:07:01.911411,12218,0.0000,0.0000,0.0000,0.5000
2026-05-25T21:07:02.011593,12219,0.0000,0.0000,0.0000,0.5000
2026-05-25T21:07:02.111675,12220,0.0000,0.0000,0.0000,0.5000
2026-05-25T21:07:02.211802,12221,0.0000,0.0000,0.0000,0.5000
2026-05-25T21:07:02.312012,12222,0.0000,0.0000,0.0000,0.5000
2026-05-25T21:07:02.530754,12223,0.0000,0.0000,0.0000,0.5000
2026-05-25T21:07:02.630874,12224,0.0000,0.0000,0.0000,0.5000
2026-05-25T21:07:02.730985,12225,0.0000,0.0000,0.0000,0.5000
2026-05-25T21:07:02.831110,12226,0.0000,0.0000,0.0000,0.5000
2026-05-25T21:07:02.931211,12227,0.0000,0.0000,0.0000,0.5000
2026-05-25T21:07:03.031315,12228,0.0000,0.0000,0.0000,0.5000
2026-05-25T21:07:03.131441,12229,0.0000,0.0000,0.0000,0.5000
2026-05-25T21:07:03.231583,12230,0.0000,0.0000,0.0000,0.5000
2026-05-25T21:07:03.331685,12231,0.0000,0.0000,0.0000,0.5000
2026-05-25T21:07:03.550729,12232,0.0000,0.0000,0.0000,0.5000
2026-05-25T21:07:03.650844,12233,0.0000,0.0000,0.0000,0.5000
2026-05-25T21:07:03.750967,12234,0.0000,0.0000,0.0000,0.5000
2026-05-25T21:07:03.851077,12235,0.0000,0.0000,0.0000,0.5000
2026-05-25T21:07:03.951468,12236,0.0000,0.0000,0.0000,0.5000
2026-05-25T21:07:04.051311,12237,0.0000,0.0000,0.0000,0.5000
2026-05-25T21:07:04.151505,12238,0.0000,0.0000,0.0000,0.5000
2026-05-25T21:07:04.251683,12239,0.3000,0.0000,0.0000,0.0000
2026-05-25T21:07:04.351738,12240,0.3000,0.0000,0.0000,0.0000
2026-05-25T21:07:04.451906,12241,0.3000,0.0000,0.0000,0.0000
2026-05-25T21:07:04.552176,12242,0.3000,0.0000,0.0000,0.0000
2026-05-25T21:07:04.790727,12243,0.3000,0.0000,0.0000,0.0000
2026-05-25T21:07:04.890854,12244,0.3000,0.0000,0.0000,0.0000
2026-05-25T21:07:04.991164,12245,0.3000,0.0000,0.0000,0.0000
2026-05-25T21:07:05.091096,12246,0.3000,0.0000,0.0000,0.0000
2026-05-25T21:07:05.191274,12247,0.3000,0.0000,0.0000,0.0000
2026-05-25T21:07:05.291357,12248,0.3000,0.0000,0.0000,0.0000
2026-05-25T21:07:05.391467,12249,0.3000,0.0000,0.0000,0.0000
2026-05-25T21:07:05.491591,12250,0.3000,0.0000,0.0000,0.0000
2026-05-25T21:07:05.591737,12251,0.3000,0.0000,0.0000,0.0000
2026-05-25T21:07:05.811271,12252,0.3000,0.0000,0.0000,0.0000
2026-05-25T21:07:05.911329,12253,0.3000,0.0000,0.0000,0.0000
2026-05-25T21:07:06.011378,12254,0.3000,0.0000,0.0000,0.0000
2026-05-25T21:07:06.111447,12255,0.3000,0.0000,0.0000,0.0000
2026-05-25T21:07:06.211658,12256,0.3000,0.0000,0.0000,0.0000
2026-05-25T21:07:06.311786,12257,0.3000,0.0000,0.0000,0.0000
2026-05-25T21:07:06.411896,12258,0.3000,0.0000,0.0000,0.0000
2026-05-25T21:07:06.512024,12259,0.3000,0.0000,0.0000,0.0000
2026-05-25T21:07:06.612177,12260,0.3000,0.0000,0.0000,0.0000
2026-05-25T21:07:06.712271,12261,0.3000,0.0000,0.0000,0.0000
2026-05-25T21:07:06.812274,12262,0.3000,0.0000,0.0000,0.0000
2026-05-25T21:07:07.030806,12263,0.3000,0.0000,0.0000,0.0000
2026-05-25T21:07:07.130876,12264,0.3000,0.0000,0.0000,0.0000
2026-05-25T21:07:07.231003,12265,0.3000,0.0000,0.0000,0.0000
2026-05-25T21:07:07.331156,12266,0.3000,0.0000,0.0000,0.0000
2026-05-25T21:07:07.431304,12267,0.3000,0.0000,0.0000,0.0000
2026-05-25T21:07:07.531423,12268,0.3000,0.0000,0.0000,0.0000
2026-05-25T21:07:07.631555,12269,0.0000,0.0000,0.0000,-0.5000
2026-05-25T21:07:07.731759,12270,0.0000,0.0000,0.0000,-0.5000
2026-05-25T21:07:07.831857,12271,0.0000,0.0000,0.0000,-0.5000
2026-05-25T21:07:08.040924,12272,0.0000,0.0000,0.0000,-0.5000
2026-05-25T21:07:08.140968,12273,0.0000,0.0000,0.0000,-0.5000
2026-05-25T21:07:08.241140,12274,0.0000,0.0000,0.0000,-0.5000
2026-05-25T21:07:08.341416,12275,0.0000,0.0000,0.0000,-0.5000
2026-05-25T21:07:08.441584,12276,0.0000,0.0000,0.0000,-0.5000
2026-05-25T21:07:08.541679,12277,0.0000,0.0000,0.0000,-0.5000
2026-05-25T21:07:08.641988,12278,0.0000,0.0000,0.0000,-0.5000
2026-05-25T21:07:08.741966,12279,0.0000,0.0000,0.0000,-0.5000
2026-05-25T21:07:08.842082,12280,0.0000,0.0000,0.0000,-0.5000
2026-05-25T21:07:08.942220,12281,0.0000,0.0000,0.0000,-0.5000
2026-05-25T21:07:09.042329,12282,0.0000,0.0000,0.0000,-0.5000
2026-05-25T21:07:09.260872,12283,0.0000,0.0000,0.0000,-0.5000
2026-05-25T21:07:09.360955,12284,0.0000,0.0000,0.0000,-0.5000
2026-05-25T21:07:09.461070,12285,0.0000,0.0000,0.0000,-0.5000
2026-05-25T21:07:09.561190,12286,0.0000,0.0000,0.0000,-0.5000
2026-05-25T21:07:09.661885,12287,0.0000,0.0000,0.0000,-0.5000
2026-05-25T21:07:09.762034,12288,0.0000,0.0000,0.0000,-0.5000
2026-05-25T21:07:09.862136,12289,0.0000,0.0000,0.0000,-0.5000
2026-05-25T21:07:09.962321,12290,0.0000,0.0000,0.0000,-0.5000
2026-05-25T21:07:10.062561,12291,0.0000,0.0000,0.0000,-0.5000
2026-05-25T21:07:10.162684,12292,0.0000,0.0000,0.0000,-0.5000
2026-05-25T21:07:10.262796,12293,0.0000,0.0000,0.0000,-0.5000
2026-05-25T21:07:10.362963,12294,0.0000,0.0000,0.0000,-0.5000
2026-05-25T21:07:10.463122,12295,0.0000,0.0000,0.0000,-0.5000
2026-05-25T21:07:10.720923,12296,0.0000,0.0000,0.0000,-0.5000
2026-05-25T21:07:10.821131,12297,0.0000,0.0000,0.0000,-0.5000
2026-05-25T21:07:10.922334,12298,0.0000,0.0000,0.0000,-0.5000
2026-05-25T21:07:11.022454,12299,-0.2000,0.0000,0.0000,-0.5000
2026-05-25T21:07:11.122582,12300,-0.2000,0.0000,0.0000,-0.5000
2026-05-25T21:07:11.223391,12301,-0.2000,0.0000,0.0000,-0.5000
2026-05-25T21:07:11.322829,12302,-0.2000,0.0000,0.0000,-0.5000
2026-05-25T21:07:11.423016,12303,-0.2000,0.0000,0.0000,-0.5000
2026-05-25T21:07:11.523302,12304,-0.2000,0.0000,0.0000,-0.5000
2026-05-25T21:07:11.731018,12305,-0.2000,0.0000,0.0000,-0.5000
2026-05-25T21:07:11.831086,12306,-0.2000,0.0000,0.0000,-0.5000
2026-05-25T21:07:11.931205,12307,-0.2000,0.0000,0.0000,-0.5000
2026-05-25T21:07:12.031303,12308,-0.2000,0.0000,0.0000,-0.5000
2026-05-25T21:07:12.131433,12309,-0.2000,0.0000,0.0000,-0.5000
2026-05-25T21:07:12.231561,12310,-0.2000,0.0000,0.0000,-0.5000
2026-05-25T21:07:12.331648,12311,-0.2000,0.0000,0.0000,-0.5000
2026-05-25T21:07:12.431998,12312,-0.2000,0.0000,0.0000,-0.5000
2026-05-25T21:07:12.532004,12313,-0.2000,0.0000,0.0000,-0.5000
2026-05-25T21:07:12.632114,12314,-0.2000,0.0000,0.0000,-0.5000
2026-05-25T21:07:12.732352,12315,-0.2000,0.0000,0.0000,-0.5000
2026-05-25T21:07:12.962108,12316,-0.2000,0.0000,0.0000,-0.5000
2026-05-25T21:07:13.061931,12317,-0.2000,0.0000,0.0000,-0.5000
2026-05-25T21:07:13.162078,12318,-0.2000,0.0000,0.0000,-0.5000
2026-05-25T21:07:13.263062,12319,-0.2000,0.0000,0.0000,-0.5000
2026-05-25T21:07:13.363257,12320,-0.2000,0.0000,0.0000,-0.5000
2026-05-25T21:07:13.463320,12321,-0.2000,0.0000,0.0000,-0.5000
2026-05-25T21:07:13.563457,12322,-0.2000,0.0000,0.0000,-0.5000
2026-05-25T21:07:13.663587,12323,-0.2000,0.0000,0.0000,-0.5000
2026-05-25T21:07:13.763693,12324,-0.2000,0.0000,0.0000,-0.5000
2026-05-25T21:07:13.863807,12325,-0.2000,0.0000,0.0000,-0.5000
2026-05-25T21:07:13.963974,12326,-0.2000,0.0000,0.0000,-0.5000
2026-05-25T21:07:14.171060,12327,-0.2000,0.0000,0.0000,-0.5000
2026-05-25T21:07:14.271143,12328,-0.2000,0.0000,0.0000,-0.5000
2026-05-25T21:07:14.371222,12329,0.0000,0.0000,0.0000,0.5000
2026-05-25T21:07:14.472332,12330,0.0000,0.0000,0.0000,0.5000
2026-05-25T21:07:14.572455,12331,0.0000,0.0000,0.0000,0.5000
2026-05-25T21:07:14.672622,12332,0.0000,0.0000,0.0000,0.5000
2026-05-25T21:07:14.772708,12333,0.0000,0.0000,0.0000,0.5000
2026-05-25T21:07:14.872857,12334,0.0000,0.0000,0.0000,0.5000
2026-05-25T21:07:14.972969,12335,0.0000,0.0000,0.0000,0.5000
2026-05-25T21:07:15.191112,12336,0.0000,0.0000,0.0000,0.5000
2026-05-25T21:07:15.291227,12337,0.0000,0.0000,0.0000,0.5000
2026-05-25T21:07:15.391748,12338,0.0000,0.0000,0.0000,0.5000
2026-05-25T21:07:15.491885,12339,0.0000,0.0000,0.0000,0.5000
2026-05-25T21:07:15.592709,12340,0.0000,0.0000,0.0000,0.5000
2026-05-25T21:07:15.692145,12341,0.0000,0.0000,0.0000,0.5000
2026-05-25T21:07:15.792290,12342,0.0000,0.0000,0.0000,0.5000
2026-05-25T21:07:15.892330,12343,0.0000,0.0000,0.0000,0.5000
2026-05-25T21:07:15.992429,12344,0.0000,0.0000,0.0000,0.5000
2026-05-25T21:07:16.211096,12345,0.0000,0.0000,0.0000,0.5000
2026-05-25T21:07:16.311314,12346,0.0000,0.0000,0.0000,0.5000
2026-05-25T21:07:16.413346,12347,0.0000,0.0000,0.0000,0.5000
2026-05-25T21:07:16.513394,12348,0.0000,0.0000,0.0000,0.5000
2026-05-25T21:07:16.613574,12349,0.0000,0.0000,0.0000,0.5000
2026-05-25T21:07:16.713675,12350,0.0000,0.0000,0.0000,0.5000
2026-05-25T21:07:16.813817,12351,0.0000,0.0000,0.0000,0.5000
2026-05-25T21:07:16.914112,12352,0.0000,0.0000,0.0000,0.5000
2026-05-25T21:07:17.014067,12353,0.0000,0.0000,0.0000,0.5000
2026-05-25T21:07:17.211012,12354,0.0000,0.0000,0.0000,0.5000
2026-05-25T21:07:17.311124,12355,0.0000,0.0000,0.0000,0.5000
2026-05-25T21:07:17.411677,12356,0.0000,0.0000,0.0000,0.5000
2026-05-25T21:07:17.511837,12357,0.0000,0.0000,0.0000,0.5000
2026-05-25T21:07:17.611980,12358,0.0000,0.0000,0.0000,0.5000
2026-05-25T21:07:17.712118,12359,0.3000,0.0000,0.0000,0.0000
2026-05-25T21:07:17.812239,12360,0.3000,0.0000,0.0000,0.0000
2026-05-25T21:07:17.912447,12361,0.3000,0.0000,0.0000,0.0000
2026-05-25T21:07:18.012602,12362,0.3000,0.0000,0.0000,0.0000
2026-05-25T21:07:18.112633,12363,0.3000,0.0000,0.0000,0.0000
2026-05-25T21:07:18.213386,12364,0.3000,0.0000,0.0000,0.0000
2026-05-25T21:07:18.313453,12365,0.3000,0.0000,0.0000,0.0000
2026-05-25T21:07:18.413610,12366,0.3000,0.0000,0.0000,0.0000
2026-05-25T21:07:18.641021,12367,0.3000,0.0000,0.0000,0.0000
2026-05-25T21:07:18.741394,12368,0.3000,0.0000,0.0000,0.0000
2026-05-25T21:07:18.841912,12369,0.3000,0.0000,0.0000,0.0000
2026-05-25T21:07:18.941866,12370,0.3000,0.0000,0.0000,0.0000
2026-05-25T21:07:19.042000,12371,0.3000,0.0000,0.0000,0.0000
2026-05-25T21:07:19.142322,12372,0.3000,0.0000,0.0000,0.0000
2026-05-25T21:07:19.242665,12373,0.3000,0.0000,0.0000,0.0000
2026-05-25T21:07:19.342593,12374,0.3000,0.0000,0.0000,0.0000
2026-05-25T21:07:19.443033,12375,0.3000,0.0000,0.0000,0.0000
2026-05-25T21:07:19.543190,12376,0.3000,0.0000,0.0000,0.0000
2026-05-25T21:07:19.643266,12377,0.3000,0.0000,0.0000,0.0000
2026-05-25T21:07:19.764921,12378,0.3000,0.0000,0.0000,0.0000
2026-05-25T21:07:19.865027,12379,0.3000,0.0000,0.0000,0.0000
2026-05-25T21:07:19.966374,12380,0.3000,0.0000,0.0000,0.0000
2026-05-25T21:07:20.066457,12381,0.3000,0.0000,0.0000,0.0000
2026-05-25T21:07:20.167339,12382,0.3000,0.0000,0.0000,0.0000
2026-05-25T21:07:20.267471,12383,0.3000,0.0000,0.0000,0.0000
2026-05-25T21:07:20.367595,12384,0.3000,0.0000,0.0000,0.0000
2026-05-25T21:07:20.467691,12385,0.3000,0.0000,0.0000,0.0000
2026-05-25T21:07:20.567859,12386,0.3000,0.0000,0.0000,0.0000
2026-05-25T21:07:20.667993,12387,0.3000,0.0000,0.0000,0.0000
2026-05-25T21:07:20.880992,12388,0.3000,0.0000,0.0000,0.0000
2026-05-25T21:07:20.983334,12389,0.0000,0.0000,0.0000,-0.5000
2026-05-25T21:07:21.082464,12390,0.0000,0.0000,0.0000,-0.5000
2026-05-25T21:07:21.182579,12391,0.0000,0.0000,0.0000,-0.5000
2026-05-25T21:07:21.282744,12392,0.0000,0.0000,0.0000,-0.5000
2026-05-25T21:07:21.382870,12393,0.0000,0.0000,0.0000,-0.5000
2026-05-25T21:07:21.483070,12394,0.0000,0.0000,0.0000,-0.5000
2026-05-25T21:07:21.583119,12395,0.0000,0.0000,0.0000,-0.5000
2026-05-25T21:07:21.683295,12396,0.0000,0.0000,0.0000,-0.5000
2026-05-25T21:07:21.891001,12397,0.0000,0.0000,0.0000,-0.5000
2026-05-25T21:07:21.991079,12398,0.0000,0.0000,0.0000,-0.5000
2026-05-25T21:07:22.091391,12399,0.0000,0.0000,0.0000,-0.5000
2026-05-25T21:07:22.191328,12400,0.0000,0.0000,0.0000,-0.5000
2026-05-25T21:07:22.291653,12401,0.0000,0.0000,0.0000,-0.5000
2026-05-25T21:07:22.391612,12402,0.0000,0.0000,0.0000,-0.5000
2026-05-25T21:07:22.491715,12403,0.0000,0.0000,0.0000,-0.5000
2026-05-25T21:07:22.591863,12404,0.0000,0.0000,0.0000,-0.5000
2026-05-25T21:07:22.692031,12405,0.0000,0.0000,0.0000,-0.5000
2026-05-25T21:07:22.792526,12406,0.0000,0.0000,0.0000,-0.5000
2026-05-25T21:07:22.892330,12407,0.0000,0.0000,0.0000,-0.5000
2026-05-25T21:07:23.111081,12408,0.0000,0.0000,0.0000,-0.5000
2026-05-25T21:07:23.211154,12409,0.0000,0.0000,0.0000,-0.5000
2026-05-25T21:07:23.313344,12410,0.0000,0.0000,0.0000,-0.5000
2026-05-25T21:07:23.413473,12411,0.0000,0.0000,0.0000,-0.5000
2026-05-25T21:07:23.513619,12412,0.0000,0.0000,0.0000,-0.5000
2026-05-25T21:07:23.613711,12413,0.0000,0.0000,0.0000,-0.5000
2026-05-25T21:07:23.713877,12414,0.0000,0.0000,0.0000,-0.5000
2026-05-25T21:07:23.813963,12415,0.0000,0.0000,0.0000,-0.5000
2026-05-25T21:07:23.914127,12416,0.0000,0.0000,0.0000,-0.5000
2026-05-25T21:07:24.120912,12417,0.0000,0.0000,0.0000,-0.5000
2026-05-25T21:07:24.221081,12418,0.0000,0.0000,0.0000,-0.5000
2026-05-25T21:07:24.321192,12419,-0.2000,0.0000,0.0000,-0.5000
2026-05-25T21:07:24.421332,12420,-0.2000,0.0000,0.0000,-0.5000
2026-05-25T21:07:24.521443,12421,-0.2000,0.0000,0.0000,-0.5000
2026-05-25T21:07:24.621602,12422,-0.2000,0.0000,0.0000,-0.5000
2026-05-25T21:07:24.721871,12423,-0.2000,0.0000,0.0000,-0.5000
2026-05-25T21:07:24.821987,12424,-0.2000,0.0000,0.0000,-0.5000
2026-05-25T21:07:24.922345,12425,-0.2000,0.0000,0.0000,-0.5000
2026-05-25T21:07:25.141130,12426,-0.2000,0.0000,0.0000,-0.5000
2026-05-25T21:07:25.241178,12427,-0.2000,0.0000,0.0000,-0.5000
2026-05-25T21:07:25.341334,12428,-0.2000,0.0000,0.0000,-0.5000
2026-05-25T21:07:25.441443,12429,-0.2000,0.0000,0.0000,-0.5000
2026-05-25T21:07:25.541603,12430,-0.2000,0.0000,0.0000,-0.5000
2026-05-25T21:07:25.642803,12431,-0.2000,0.0000,0.0000,-0.5000
2026-05-25T21:07:25.741947,12432,-0.2000,0.0000,0.0000,-0.5000
2026-05-25T21:07:25.842098,12433,-0.2000,0.0000,0.0000,-0.5000
2026-05-25T21:07:25.942435,12434,-0.2000,0.0000,0.0000,-0.5000
2026-05-25T21:07:26.044492,12435,-0.2000,0.0000,0.0000,-0.5000
2026-05-25T21:07:26.144611,12436,-0.2000,0.0000,0.0000,-0.5000
2026-05-25T21:07:26.371108,12437,-0.2000,0.0000,0.0000,-0.5000
2026-05-25T21:07:26.471220,12438,-0.2000,0.0000,0.0000,-0.5000
2026-05-25T21:07:26.572528,12439,-0.2000,0.0000,0.0000,-0.5000
2026-05-25T21:07:26.673720,12440,-0.2000,0.0000,0.0000,-0.5000
2026-05-25T21:07:26.773889,12441,-0.2000,0.0000,0.0000,-0.5000
2026-05-25T21:07:26.874057,12442,-0.2000,0.0000,0.0000,-0.5000
2026-05-25T21:07:26.974142,12443,-0.2000,0.0000,0.0000,-0.5000
2026-05-25T21:07:27.074260,12444,-0.2000,0.0000,0.0000,-0.5000
2026-05-25T21:07:27.175349,12445,-0.2000,0.0000,0.0000,-0.5000
2026-05-25T21:07:27.275440,12446,-0.2000,0.0000,0.0000,-0.5000
2026-05-25T21:07:27.375858,12447,-0.2000,0.0000,0.0000,-0.5000
2026-05-25T21:07:27.632266,12448,-0.2000,0.0000,0.0000,-0.5000
2026-05-25T21:07:27.732326,12449,0.0000,0.0000,0.0000,0.5000
2026-05-25T21:07:27.832457,12450,0.0000,0.0000,0.0000,0.5000
2026-05-25T21:07:27.932578,12451,0.0000,0.0000,0.0000,0.5000
2026-05-25T21:07:28.032704,12452,0.0000,0.0000,0.0000,0.5000
2026-05-25T21:07:28.133293,12453,0.0000,0.0000,0.0000,0.5000
2026-05-25T21:07:28.233436,12454,0.0000,0.0000,0.0000,0.5000
2026-05-25T21:07:28.333583,12455,0.0000,0.0000,0.0000,0.5000
2026-05-25T21:07:28.433683,12456,0.0000,0.0000,0.0000,0.5000
2026-05-25T21:07:28.533840,12457,0.0000,0.0000,0.0000,0.5000
2026-05-25T21:07:28.633914,12458,0.0000,0.0000,0.0000,0.5000
2026-05-25T21:07:28.851118,12459,0.0000,0.0000,0.0000,0.5000
2026-05-25T21:07:28.951238,12460,0.0000,0.0000,0.0000,0.5000
2026-05-25T21:07:29.051389,12461,0.0000,0.0000,0.0000,0.5000
2026-05-25T21:07:29.151465,12462,0.0000,0.0000,0.0000,0.5000
2026-05-25T21:07:29.251611,12463,0.0000,0.0000,0.0000,0.5000
2026-05-25T21:07:29.351739,12464,0.0000,0.0000,0.0000,0.5000
2026-05-25T21:07:29.451861,12465,0.0000,0.0000,0.0000,0.5000
2026-05-25T21:07:29.552015,12466,0.0000,0.0000,0.0000,0.5000
2026-05-25T21:07:29.654807,12467,0.0000,0.0000,0.0000,0.5000
2026-05-25T21:07:29.754950,12468,0.0000,0.0000,0.0000,0.5000
2026-05-25T21:07:29.855107,12469,0.0000,0.0000,0.0000,0.5000
2026-05-25T21:07:30.071451,12470,0.0000,0.0000,0.0000,0.5000
2026-05-25T21:07:30.173281,12471,0.0000,0.0000,0.0000,0.5000
2026-05-25T21:07:30.276415,12472,0.0000,0.0000,0.0000,0.5000
2026-05-25T21:07:30.376524,12473,0.0000,0.0000,0.0000,0.5000
2026-05-25T21:07:30.476576,12474,0.0000,0.0000,0.0000,0.5000
2026-05-25T21:07:30.576808,12475,0.0000,0.0000,0.0000,0.5000
2026-05-25T21:07:30.676922,12476,0.0000,0.0000,0.0000,0.5000
2026-05-25T21:07:30.777632,12477,0.0000,0.0000,0.0000,0.5000
2026-05-25T21:07:30.877192,12478,0.0000,0.0000,0.0000,0.5000
2026-05-25T21:07:30.977318,12479,0.3000,0.0000,0.0000,0.0000
2026-05-25T21:07:31.077298,12480,0.3000,0.0000,0.0000,0.0000
2026-05-25T21:07:31.291284,12481,0.3000,0.0000,0.0000,0.0000
2026-05-25T21:07:31.391370,12482,0.3000,0.0000,0.0000,0.0000
2026-05-25T21:07:31.491525,12483,0.3000,0.0000,0.0000,0.0000
2026-05-25T21:07:31.591655,12484,0.3000,0.0000,0.0000,0.0000
2026-05-25T21:07:31.691848,12485,0.3000,0.0000,0.0000,0.0000
2026-05-25T21:07:31.792009,12486,0.3000,0.0000,0.0000,0.0000
2026-05-25T21:07:31.892182,12487,0.3000,0.0000,0.0000,0.0000
2026-05-25T21:07:32.114408,12488,0.3000,0.0000,0.0000,0.0000
2026-05-25T21:07:32.214940,12489,0.3000,0.0000,0.0000,0.0000
2026-05-25T21:07:32.464195,12490,0.3000,0.0000,0.0000,0.0000
2026-05-25T21:07:32.564285,12491,0.3000,0.0000,0.0000,0.0000
2026-05-25T21:07:32.664337,12492,0.3000,0.0000,0.0000,0.0000
2026-05-25T21:07:32.764680,12493,0.3000,0.0000,0.0000,0.0000
2026-05-25T21:07:32.864893,12494,0.3000,0.0000,0.0000,0.0000
2026-05-25T21:07:32.964992,12495,0.3000,0.0000,0.0000,0.0000
2026-05-25T21:07:33.065084,12496,0.3000,0.0000,0.0000,0.0000
2026-05-25T21:07:33.165258,12497,0.3000,0.0000,0.0000,0.0000
2026-05-25T21:07:33.265322,12498,0.3000,0.0000,0.0000,0.0000
2026-05-25T21:07:33.531317,12499,0.3000,0.0000,0.0000,0.0000
2026-05-25T21:07:33.631343,12500,0.3000,0.0000,0.0000,0.0000
2026-05-25T21:07:33.731470,12501,0.3000,0.0000,0.0000,0.0000
2026-05-25T21:07:33.831579,12502,0.3000,0.0000,0.0000,0.0000
2026-05-25T21:07:33.931718,12503,0.3000,0.0000,0.0000,0.0000
2026-05-25T21:07:34.031858,12504,0.3000,0.0000,0.0000,0.0000
2026-05-25T21:07:34.132004,12505,0.3000,0.0000,0.0000,0.0000
2026-05-25T21:07:34.232128,12506,0.3000,0.0000,0.0000,0.0000
2026-05-25T21:07:34.332301,12507,0.3000,0.0000,0.0000,0.0000
2026-05-25T21:07:34.432341,12508,0.3000,0.0000,0.0000,0.0000
2026-05-25T21:07:34.532500,12509,0.0000,0.0000,0.0000,-0.5000
2026-05-25T21:07:34.741111,12510,0.0000,0.0000,0.0000,-0.5000
2026-05-25T21:07:34.841239,12511,0.0000,0.0000,0.0000,-0.5000
2026-05-25T21:07:34.941330,12512,0.0000,0.0000,0.0000,-0.5000
2026-05-25T21:07:35.041458,12513,0.0000,0.0000,0.0000,-0.5000
2026-05-25T21:07:35.141797,12514,0.0000,0.0000,0.0000,-0.5000
2026-05-25T21:07:35.241731,12515,0.0000,0.0000,0.0000,-0.5000
2026-05-25T21:07:35.341911,12516,0.0000,0.0000,0.0000,-0.5000
2026-05-25T21:07:35.441996,12517,0.0000,0.0000,0.0000,-0.5000
2026-05-25T21:07:35.542114,12518,0.0000,0.0000,0.0000,-0.5000
2026-05-25T21:07:35.642247,12519,0.0000,0.0000,0.0000,-0.5000
2026-05-25T21:07:35.742254,12520,0.0000,0.0000,0.0000,-0.5000
2026-05-25T21:07:35.961110,12521,0.0000,0.0000,0.0000,-0.5000
2026-05-25T21:07:36.061333,12522,0.0000,0.0000,0.0000,-0.5000
2026-05-25T21:07:36.161319,12523,0.0000,0.0000,0.0000,-0.5000
2026-05-25T21:07:36.261465,12524,0.0000,0.0000,0.0000,-0.5000
2026-05-25T21:07:36.361612,12525,0.0000,0.0000,0.0000,-0.5000
2026-05-25T21:07:36.461761,12526,0.0000,0.0000,0.0000,-0.5000
2026-05-25T21:07:36.561865,12527,0.0000,0.0000,0.0000,-0.5000
2026-05-25T21:07:36.661928,12528,0.0000,0.0000,0.0000,-0.5000
2026-05-25T21:07:36.762042,12529,0.0000,0.0000,0.0000,-0.5000
2026-05-25T21:07:36.862215,12530,0.0000,0.0000,0.0000,-0.5000
2026-05-25T21:07:36.962325,12531,0.0000,0.0000,0.0000,-0.5000
2026-05-25T21:07:37.111200,12532,0.0000,0.0000,0.0000,-0.5000
2026-05-25T21:07:37.211479,12533,0.0000,0.0000,0.0000,-0.5000
2026-05-25T21:07:37.313748,12534,0.0000,0.0000,0.0000,-0.5000
2026-05-25T21:07:37.413507,12535,0.0000,0.0000,0.0000,-0.5000
2026-05-25T21:07:37.513609,12536,0.0000,0.0000,0.0000,-0.5000
2026-05-25T21:07:37.613743,12537,0.0000,0.0000,0.0000,-0.5000
2026-05-25T21:07:37.713842,12538,0.0000,0.0000,0.0000,-0.5000
2026-05-25T21:07:37.991220,12539,-0.2000,0.0000,0.0000,-0.5000
2026-05-25T21:07:38.091362,12540,-0.2000,0.0000,0.0000,-0.5000
2026-05-25T21:07:38.191658,12541,-0.2000,0.0000,0.0000,-0.5000
2026-05-25T21:07:38.291581,12542,-0.2000,0.0000,0.0000,-0.5000
2026-05-25T21:07:38.391732,12543,-0.2000,0.0000,0.0000,-0.5000
2026-05-25T21:07:38.492528,12544,-0.2000,0.0000,0.0000,-0.5000
2026-05-25T21:07:38.592033,12545,-0.2000,0.0000,0.0000,-0.5000
2026-05-25T21:07:38.692179,12546,-0.2000,0.0000,0.0000,-0.5000
2026-05-25T21:07:38.792264,12547,-0.2000,0.0000,0.0000,-0.5000
2026-05-25T21:07:38.892320,12548,-0.2000,0.0000,0.0000,-0.5000
2026-05-25T21:07:38.992449,12549,-0.2000,0.0000,0.0000,-0.5000
2026-05-25T21:07:39.241533,12550,-0.2000,0.0000,0.0000,-0.5000
2026-05-25T21:07:39.341359,12551,-0.2000,0.0000,0.0000,-0.5000
2026-05-25T21:07:39.441493,12552,-0.2000,0.0000,0.0000,-0.5000
2026-05-25T21:07:39.541643,12553,-0.2000,0.0000,0.0000,-0.5000
2026-05-25T21:07:39.641772,12554,-0.2000,0.0000,0.0000,-0.5000
2026-05-25T21:07:39.741897,12555,-0.2000,0.0000,0.0000,-0.5000
2026-05-25T21:07:39.842082,12556,-0.2000,0.0000,0.0000,-0.5000
2026-05-25T21:07:39.942119,12557,-0.2000,0.0000,0.0000,-0.5000
2026-05-25T21:07:40.042257,12558,-0.2000,0.0000,0.0000,-0.5000
2026-05-25T21:07:40.142298,12559,-0.2000,0.0000,0.0000,-0.5000
2026-05-25T21:07:40.242428,12560,-0.2000,0.0000,0.0000,-0.5000
2026-05-25T21:07:40.481636,12561,-0.2000,0.0000,0.0000,-0.5000
2026-05-25T21:07:40.581798,12562,-0.2000,0.0000,0.0000,-0.5000
2026-05-25T21:07:40.682333,12563,-0.2000,0.0000,0.0000,-0.5000
2026-05-25T21:07:40.782482,12564,-0.2000,0.0000,0.0000,-0.5000
2026-05-25T21:07:40.882726,12565,-0.2000,0.0000,0.0000,-0.5000
2026-05-25T21:07:40.982676,12566,-0.2000,0.0000,0.0000,-0.5000
2026-05-25T21:07:41.082800,12567,-0.2000,0.0000,0.0000,-0.5000
2026-05-25T21:07:41.183132,12568,-0.2000,0.0000,0.0000,-0.5000
2026-05-25T21:07:41.283151,12569,0.0000,0.0000,0.0000,0.5000
2026-05-25T21:07:41.383276,12570,0.0000,0.0000,0.0000,0.5000
2026-05-25T21:07:41.483339,12571,0.0000,0.0000,0.0000,0.5000
2026-05-25T21:07:41.583578,12572,0.0000,0.0000,0.0000,0.5000
2026-05-25T21:07:41.683816,12573,0.0000,0.0000,0.0000,0.5000
2026-05-25T21:07:41.901274,12574,0.0000,0.0000,0.0000,0.5000
2026-05-25T21:07:42.001341,12575,0.0000,0.0000,0.0000,0.5000
2026-05-25T21:07:42.101487,12576,0.0000,0.0000,0.0000,0.5000
2026-05-25T21:07:42.201623,12577,0.0000,0.0000,0.0000,0.5000
2026-05-25T21:07:42.301792,12578,0.0000,0.0000,0.0000,0.5000
2026-05-25T21:07:42.401889,12579,0.0000,0.0000,0.0000,0.5000
2026-05-25T21:07:42.502047,12580,0.0000,0.0000,0.0000,0.5000
2026-05-25T21:07:42.602183,12581,0.0000,0.0000,0.0000,0.5000
2026-05-25T21:07:42.702295,12582,0.0000,0.0000,0.0000,0.5000
2026-05-25T21:07:42.802411,12583,0.0000,0.0000,0.0000,0.5000
2026-05-25T21:07:42.902490,12584,0.0000,0.0000,0.0000,0.5000
2026-05-25T21:07:43.121140,12585,0.0000,0.0000,0.0000,0.5000
2026-05-25T21:07:43.221302,12586,0.0000,0.0000,0.0000,0.5000
2026-05-25T21:07:43.321308,12587,0.0000,0.0000,0.0000,0.5000
2026-05-25T21:07:43.421498,12588,0.0000,0.0000,0.0000,0.5000
2026-05-25T21:07:43.521819,12589,0.0000,0.0000,0.0000,0.5000
2026-05-25T21:07:43.621741,12590,0.0000,0.0000,0.0000,0.5000
2026-05-25T21:07:43.721889,12591,0.0000,0.0000,0.0000,0.5000
2026-05-25T21:07:43.821967,12592,0.0000,0.0000,0.0000,0.5000
2026-05-25T21:07:43.922129,12593,0.0000,0.0000,0.0000,0.5000
2026-05-25T21:07:44.022293,12594,0.0000,0.0000,0.0000,0.5000
2026-05-25T21:07:44.122376,12595,0.0000,0.0000,0.0000,0.5000
2026-05-25T21:07:44.341822,12596,0.0000,0.0000,0.0000,0.5000
2026-05-25T21:07:44.441372,12597,0.0000,0.0000,0.0000,0.5000
2026-05-25T21:07:44.541529,12598,0.0000,0.0000,0.0000,0.5000
2026-05-25T21:07:44.641618,12599,0.3000,0.0000,0.0000,0.0000
2026-05-25T21:07:44.741735,12600,0.3000,0.0000,0.0000,0.0000
2026-05-25T21:07:44.842031,12601,0.3000,0.0000,0.0000,0.0000
2026-05-25T21:07:44.942038,12602,0.3000,0.0000,0.0000,0.0000
2026-05-25T21:07:45.042314,12603,0.3000,0.0000,0.0000,0.0000
2026-05-25T21:07:45.142315,12604,0.3000,0.0000,0.0000,0.0000
2026-05-25T21:07:45.242489,12605,0.3000,0.0000,0.0000,0.0000
2026-05-25T21:07:45.342457,12606,0.3000,0.0000,0.0000,0.0000
2026-05-25T21:07:45.561436,12607,0.3000,0.0000,0.0000,0.0000
2026-05-25T21:07:45.662356,12608,0.3000,0.0000,0.0000,0.0000
2026-05-25T21:07:45.762450,12609,0.3000,0.0000,0.0000,0.0000
2026-05-25T21:07:45.862552,12610,0.3000,0.0000,0.0000,0.0000
2026-05-25T21:07:45.962712,12611,0.3000,0.0000,0.0000,0.0000
2026-05-25T21:07:46.063009,12612,0.3000,0.0000,0.0000,0.0000
2026-05-25T21:07:46.163548,12613,0.3000,0.0000,0.0000,0.0000
2026-05-25T21:07:46.263106,12614,0.3000,0.0000,0.0000,0.0000
2026-05-25T21:07:46.363244,12615,0.3000,0.0000,0.0000,0.0000
2026-05-25T21:07:46.463294,12616,0.3000,0.0000,0.0000,0.0000
2026-05-25T21:07:46.563468,12617,0.3000,0.0000,0.0000,0.0000
2026-05-25T21:07:46.831291,12618,0.3000,0.0000,0.0000,0.0000
2026-05-25T21:07:46.931498,12619,0.3000,0.0000,0.0000,0.0000
2026-05-25T21:07:47.031557,12620,0.3000,0.0000,0.0000,0.0000
2026-05-25T21:07:47.131990,12621,0.3000,0.0000,0.0000,0.0000
2026-05-25T21:07:47.232068,12622,0.3000,0.0000,0.0000,0.0000
2026-05-25T21:07:47.332188,12623,0.3000,0.0000,0.0000,0.0000
2026-05-25T21:07:47.432328,12624,0.3000,0.0000,0.0000,0.0000
2026-05-25T21:07:47.532395,12625,0.3000,0.0000,0.0000,0.0000
2026-05-25T21:07:47.632576,12626,0.3000,0.0000,0.0000,0.0000
2026-05-25T21:07:47.732690,12627,0.3000,0.0000,0.0000,0.0000
2026-05-25T21:07:47.832878,12628,0.3000,0.0000,0.0000,0.0000
2026-05-25T21:07:47.949296,12629,0.0000,0.0000,0.0000,-0.5000
2026-05-25T21:07:48.049453,12630,0.0000,0.0000,0.0000,-0.5000
2026-05-25T21:07:48.152338,12631,0.0000,0.0000,0.0000,-0.5000
2026-05-25T21:07:48.252448,12632,0.0000,0.0000,0.0000,-0.5000
2026-05-25T21:07:48.352565,12633,0.0000,0.0000,0.0000,-0.5000
2026-05-25T21:07:48.452736,12634,0.0000,0.0000,0.0000,-0.5000
2026-05-25T21:07:48.552856,12635,0.0000,0.0000,0.0000,-0.5000
2026-05-25T21:07:48.851395,12636,0.0000,0.0000,0.0000,-0.5000
2026-05-25T21:07:48.951475,12637,0.0000,0.0000,0.0000,-0.5000
2026-05-25T21:07:49.051585,12638,0.0000,0.0000,0.0000,-0.5000
2026-05-25T21:07:49.152328,12639,0.0000,0.0000,0.0000,-0.5000
2026-05-25T21:07:49.252468,12640,0.0000,0.0000,0.0000,-0.5000
2026-05-25T21:07:49.352559,12641,0.0000,0.0000,0.0000,-0.5000
2026-05-25T21:07:49.452663,12642,0.0000,0.0000,0.0000,-0.5000
2026-05-25T21:07:49.552844,12643,0.0000,0.0000,0.0000,-0.5000
2026-05-25T21:07:49.652956,12644,0.0000,0.0000,0.0000,-0.5000
2026-05-25T21:07:49.753086,12645,0.0000,0.0000,0.0000,-0.5000
2026-05-25T21:07:49.853242,12646,0.0000,0.0000,0.0000,-0.5000
2026-05-25T21:07:50.071434,12647,0.0000,0.0000,0.0000,-0.5000
2026-05-25T21:07:50.171510,12648,0.0000,0.0000,0.0000,-0.5000
2026-05-25T21:07:50.271679,12649,0.0000,0.0000,0.0000,-0.5000
2026-05-25T21:07:50.371804,12650,0.0000,0.0000,0.0000,-0.5000
2026-05-25T21:07:50.471917,12651,0.0000,0.0000,0.0000,-0.5000
2026-05-25T21:07:50.572061,12652,0.0000,0.0000,0.0000,-0.5000
2026-05-25T21:07:50.672179,12653,0.0000,0.0000,0.0000,-0.5000
2026-05-25T21:07:50.772287,12654,0.0000,0.0000,0.0000,-0.5000
2026-05-25T21:07:50.872445,12655,0.0000,0.0000,0.0000,-0.5000
2026-05-25T21:07:50.972591,12656,0.0000,0.0000,0.0000,-0.5000
2026-05-25T21:07:51.072681,12657,0.0000,0.0000,0.0000,-0.5000
2026-05-25T21:07:51.281339,12658,0.0000,0.0000,0.0000,-0.5000
2026-05-25T21:07:51.381372,12659,-0.2000,0.0000,0.0000,-0.5000
2026-05-25T21:07:51.481445,12660,-0.2000,0.0000,0.0000,-0.5000
2026-05-25T21:07:51.581797,12661,-0.2000,0.0000,0.0000,-0.5000
2026-05-25T21:07:51.681736,12662,-0.2000,0.0000,0.0000,-0.5000
2026-05-25T21:07:51.781862,12663,-0.2000,0.0000,0.0000,-0.5000
2026-05-25T21:07:51.882008,12664,-0.2000,0.0000,0.0000,-0.5000
2026-05-25T21:07:51.982141,12665,-0.2000,0.0000,0.0000,-0.5000
2026-05-25T21:07:52.082262,12666,-0.2000,0.0000,0.0000,-0.5000
2026-05-25T21:07:52.182319,12667,-0.2000,0.0000,0.0000,-0.5000
2026-05-25T21:07:52.282464,12668,-0.2000,0.0000,0.0000,-0.5000
2026-05-25T21:07:52.491405,12669,-0.2000,0.0000,0.0000,-0.5000
2026-05-25T21:07:52.591504,12670,-0.2000,0.0000,0.0000,-0.5000
2026-05-25T21:07:52.691636,12671,-0.2000,0.0000,0.0000,-0.5000
2026-05-25T21:07:52.791762,12672,-0.2000,0.0000,0.0000,-0.5000
2026-05-25T21:07:52.891869,12673,-0.2000,0.0000,0.0000,-0.5000
2026-05-25T21:07:52.992029,12674,-0.2000,0.0000,0.0000,-0.5000
2026-05-25T21:07:53.092126,12675,-0.2000,0.0000,0.0000,-0.5000
2026-05-25T21:07:53.192269,12676,-0.2000,0.0000,0.0000,-0.5000
2026-05-25T21:07:53.292325,12677,-0.2000,0.0000,0.0000,-0.5000
2026-05-25T21:07:53.501467,12678,-0.2000,0.0000,0.0000,-0.5000
2026-05-25T21:07:53.601549,12679,-0.2000,0.0000,0.0000,-0.5000
2026-05-25T21:07:53.701637,12680,-0.2000,0.0000,0.0000,-0.5000
2026-05-25T21:07:53.801788,12681,-0.2000,0.0000,0.0000,-0.5000
2026-05-25T21:07:53.901930,12682,-0.2000,0.0000,0.0000,-0.5000
2026-05-25T21:07:54.002056,12683,-0.2000,0.0000,0.0000,-0.5000
2026-05-25T21:07:54.102194,12684,-0.2000,0.0000,0.0000,-0.5000
2026-05-25T21:07:54.202343,12685,-0.2000,0.0000,0.0000,-0.5000
2026-05-25T21:07:54.302458,12686,-0.2000,0.0000,0.0000,-0.5000
2026-05-25T21:07:54.511554,12687,-0.2000,0.0000,0.0000,-0.5000
2026-05-25T21:07:54.611697,12688,-0.2000,0.0000,0.0000,-0.5000
2026-05-25T21:07:54.711821,12689,0.0000,0.0000,0.0000,0.5000
2026-05-25T21:07:54.811943,12690,0.0000,0.0000,0.0000,0.5000
2026-05-25T21:07:54.912161,12691,0.0000,0.0000,0.0000,0.5000
2026-05-25T21:07:55.012403,12692,0.0000,0.0000,0.0000,0.5000
2026-05-25T21:07:55.112527,12693,0.0000,0.0000,0.0000,0.5000
2026-05-25T21:07:55.212653,12694,0.0000,0.0000,0.0000,0.5000
2026-05-25T21:07:55.312795,12695,0.0000,0.0000,0.0000,0.5000
2026-05-25T21:07:55.413138,12696,0.0000,0.0000,0.0000,0.5000
2026-05-25T21:07:55.513206,12697,0.0000,0.0000,0.0000,0.5000
2026-05-25T21:07:55.732535,12698,0.0000,0.0000,0.0000,0.5000
2026-05-25T21:07:55.832155,12699,0.0000,0.0000,0.0000,0.5000
2026-05-25T21:07:55.933306,12700,0.0000,0.0000,0.0000,0.5000
2026-05-25T21:07:56.033439,12701,0.0000,0.0000,0.0000,0.5000
2026-05-25T21:07:56.133543,12702,0.0000,0.0000,0.0000,0.5000
2026-05-25T21:07:56.233680,12703,0.0000,0.0000,0.0000,0.5000
2026-05-25T21:07:56.333814,12704,0.0000,0.0000,0.0000,0.5000
2026-05-25T21:07:56.433949,12705,0.0000,0.0000,0.0000,0.5000
2026-05-25T21:07:56.534102,12706,0.0000,0.0000,0.0000,0.5000
2026-05-25T21:07:56.671542,12707,0.0000,0.0000,0.0000,0.5000
2026-05-25T21:07:56.802286,12708,0.0000,0.0000,0.0000,0.5000
2026-05-25T21:07:56.902321,12709,0.0000,0.0000,0.0000,0.5000
2026-05-25T21:07:57.002472,12710,0.0000,0.0000,0.0000,0.5000
2026-05-25T21:07:57.102608,12711,0.0000,0.0000,0.0000,0.5000
2026-05-25T21:07:57.202890,12712,0.0000,0.0000,0.0000,0.5000
2026-05-25T21:07:57.302880,12713,0.0000,0.0000,0.0000,0.5000
2026-05-25T21:07:57.403014,12714,0.0000,0.0000,0.0000,0.5000
2026-05-25T21:07:57.503122,12715,0.0000,0.0000,0.0000,0.5000
2026-05-25T21:07:57.603247,12716,0.0000,0.0000,0.0000,0.5000
2026-05-25T21:07:57.703342,12717,0.0000,0.0000,0.0000,0.5000
2026-05-25T21:07:57.803430,12718,0.0000,0.0000,0.0000,0.5000
2026-05-25T21:07:57.903572,12719,0.3000,0.0000,0.0000,0.0000
2026-05-25T21:07:58.003690,12720,0.3000,0.0000,0.0000,0.0000
2026-05-25T21:07:58.221615,12721,0.3000,0.0000,0.0000,0.0000
2026-05-25T21:07:58.321701,12722,0.3000,0.0000,0.0000,0.0000
2026-05-25T21:07:58.421832,12723,0.3000,0.0000,0.0000,0.0000
2026-05-25T21:07:58.521997,12724,0.3000,0.0000,0.0000,0.0000
2026-05-25T21:07:58.622124,12725,0.3000,0.0000,0.0000,0.0000
2026-05-25T21:07:58.722213,12726,0.3000,0.0000,0.0000,0.0000
2026-05-25T21:07:58.822335,12727,0.3000,0.0000,0.0000,0.0000
2026-05-25T21:07:58.922460,12728,0.3000,0.0000,0.0000,0.0000
2026-05-25T21:07:59.022613,12729,0.3000,0.0000,0.0000,0.0000
2026-05-25T21:07:59.122736,12730,0.3000,0.0000,0.0000,0.0000
2026-05-25T21:07:59.222907,12731,0.3000,0.0000,0.0000,0.0000
2026-05-25T21:07:59.323013,12732,0.3000,0.0000,0.0000,0.0000
2026-05-25T21:07:59.423145,12733,0.3000,0.0000,0.0000,0.0000
2026-05-25T21:07:59.641484,12734,0.3000,0.0000,0.0000,0.0000
2026-05-25T21:07:59.741573,12735,0.3000,0.0000,0.0000,0.0000
2026-05-25T21:07:59.841723,12736,0.3000,0.0000,0.0000,0.0000
2026-05-25T21:07:59.941858,12737,0.3000,0.0000,0.0000,0.0000
2026-05-25T21:08:00.041989,12738,0.3000,0.0000,0.0000,0.0000
2026-05-25T21:08:00.142093,12739,0.3000,0.0000,0.0000,0.0000
2026-05-25T21:08:00.242236,12740,0.3000,0.0000,0.0000,0.0000
2026-05-25T21:08:00.342623,12741,0.3000,0.0000,0.0000,0.0000
2026-05-25T21:08:00.442779,12742,0.3000,0.0000,0.0000,0.0000
2026-05-25T21:08:00.542957,12743,0.3000,0.0000,0.0000,0.0000
2026-05-25T21:08:00.651416,12744,0.3000,0.0000,0.0000,0.0000
2026-05-25T21:08:00.751696,12745,0.3000,0.0000,0.0000,0.0000
2026-05-25T21:08:00.851822,12746,0.3000,0.0000,0.0000,0.0000
2026-05-25T21:08:00.952015,12747,0.3000,0.0000,0.0000,0.0000
2026-05-25T21:08:01.052165,12748,0.3000,0.0000,0.0000,0.0000
2026-05-25T21:08:01.152279,12749,0.0000,0.0000,0.0000,-0.5000
2026-05-25T21:08:01.252347,12750,0.0000,0.0000,0.0000,-0.5000
2026-05-25T21:08:01.352469,12751,0.0000,0.0000,0.0000,-0.5000
2026-05-25T21:08:01.452584,12752,0.0000,0.0000,0.0000,-0.5000
2026-05-25T21:08:01.552736,12753,0.0000,0.0000,0.0000,-0.5000
2026-05-25T21:08:01.652870,12754,0.0000,0.0000,0.0000,-0.5000
2026-05-25T21:08:01.941732,12755,0.0000,0.0000,0.0000,-0.5000
2026-05-25T21:08:02.041619,12756,0.0000,0.0000,0.0000,-0.5000
2026-05-25T21:08:02.142371,12757,0.0000,0.0000,0.0000,-0.5000
2026-05-25T21:08:02.242408,12758,0.0000,0.0000,0.0000,-0.5000
2026-05-25T21:08:02.342595,12759,0.0000,0.0000,0.0000,-0.5000
2026-05-25T21:08:02.442704,12760,0.0000,0.0000,0.0000,-0.5000
2026-05-25T21:08:02.542822,12761,0.0000,0.0000,0.0000,-0.5000
2026-05-25T21:08:02.642904,12762,0.0000,0.0000,0.0000,-0.5000
2026-05-25T21:08:02.743097,12763,0.0000,0.0000,0.0000,-0.5000
2026-05-25T21:08:02.843216,12764,0.0000,0.0000,0.0000,-0.5000
2026-05-25T21:08:02.943291,12765,0.0000,0.0000,0.0000,-0.5000
2026-05-25T21:08:03.043453,12766,0.0000,0.0000,0.0000,-0.5000
2026-05-25T21:08:03.143553,12767,0.0000,0.0000,0.0000,-0.5000
2026-05-25T21:08:03.243716,12768,0.0000,0.0000,0.0000,-0.5000
2026-05-25T21:08:03.343853,12769,0.0000,0.0000,0.0000,-0.5000
2026-05-25T21:08:03.601697,12770,0.0000,0.0000,0.0000,-0.5000
2026-05-25T21:08:03.701577,12771,0.0000,0.0000,0.0000,-0.5000
2026-05-25T21:08:03.801641,12772,0.0000,0.0000,0.0000,-0.5000
2026-05-25T21:08:03.901870,12773,0.0000,0.0000,0.0000,-0.5000
2026-05-25T21:08:04.001895,12774,0.0000,0.0000,0.0000,-0.5000
2026-05-25T21:08:04.102080,12775,0.0000,0.0000,0.0000,-0.5000
2026-05-25T21:08:04.202886,12776,0.0000,0.0000,0.0000,-0.5000
2026-05-25T21:08:04.302914,12777,0.0000,0.0000,0.0000,-0.5000
2026-05-25T21:08:04.403284,12778,0.0000,0.0000,0.0000,-0.5000
2026-05-25T21:08:04.503499,12779,-0.2000,0.0000,0.0000,-0.5000
2026-05-25T21:08:04.782358,12780,-0.2000,0.0000,0.0000,-0.5000
2026-05-25T21:08:04.882451,12781,-0.2000,0.0000,0.0000,-0.5000
2026-05-25T21:08:04.982604,12782,-0.2000,0.0000,0.0000,-0.5000
2026-05-25T21:08:05.082906,12783,-0.2000,0.0000,0.0000,-0.5000
2026-05-25T21:08:05.183714,12784,-0.2000,0.0000,0.0000,-0.5000
2026-05-25T21:08:05.283190,12785,-0.2000,0.0000,0.0000,-0.5000
2026-05-25T21:08:05.383342,12786,-0.2000,0.0000,0.0000,-0.5000
2026-05-25T21:08:05.483540,12787,-0.2000,0.0000,0.0000,-0.5000
2026-05-25T21:08:05.584181,12788,-0.2000,0.0000,0.0000,-0.5000
2026-05-25T21:08:05.791694,12789,-0.2000,0.0000,0.0000,-0.5000
2026-05-25T21:08:05.891635,12790,-0.2000,0.0000,0.0000,-0.5000
2026-05-25T21:08:05.991998,12791,-0.2000,0.0000,0.0000,-0.5000
2026-05-25T21:08:06.092037,12792,-0.2000,0.0000,0.0000,-0.5000
2026-05-25T21:08:06.192271,12793,-0.2000,0.0000,0.0000,-0.5000
2026-05-25T21:08:06.292524,12794,-0.2000,0.0000,0.0000,-0.5000
2026-05-25T21:08:06.392736,12795,-0.2000,0.0000,0.0000,-0.5000
2026-05-25T21:08:06.493082,12796,-0.2000,0.0000,0.0000,-0.5000
2026-05-25T21:08:06.592895,12797,-0.2000,0.0000,0.0000,-0.5000
2026-05-25T21:08:06.692971,12798,-0.2000,0.0000,0.0000,-0.5000
2026-05-25T21:08:06.793080,12799,-0.2000,0.0000,0.0000,-0.5000
2026-05-25T21:08:06.951647,12800,-0.2000,0.0000,0.0000,-0.5000
2026-05-25T21:08:07.051760,12801,-0.2000,0.0000,0.0000,-0.5000
2026-05-25T21:08:07.151871,12802,-0.2000,0.0000,0.0000,-0.5000
2026-05-25T21:08:07.251974,12803,-0.2000,0.0000,0.0000,-0.5000
2026-05-25T21:08:07.352102,12804,-0.2000,0.0000,0.0000,-0.5000
2026-05-25T21:08:07.452196,12805,-0.2000,0.0000,0.0000,-0.5000
2026-05-25T21:08:07.552290,12806,-0.2000,0.0000,0.0000,-0.5000
2026-05-25T21:08:07.652422,12807,-0.2000,0.0000,0.0000,-0.5000
2026-05-25T21:08:07.752527,12808,-0.2000,0.0000,0.0000,-0.5000
2026-05-25T21:08:07.971600,12809,0.0000,0.0000,0.0000,0.5000
2026-05-25T21:08:08.071654,12810,0.0000,0.0000,0.0000,0.5000
2026-05-25T21:08:08.171790,12811,0.0000,0.0000,0.0000,0.5000
2026-05-25T21:08:08.271953,12812,0.0000,0.0000,0.0000,0.5000
2026-05-25T21:08:08.372113,12813,0.0000,0.0000,0.0000,0.5000
2026-05-25T21:08:08.472230,12814,0.0000,0.0000,0.0000,0.5000
2026-05-25T21:08:08.572273,12815,0.0000,0.0000,0.0000,0.5000
2026-05-25T21:08:08.672436,12816,0.0000,0.0000,0.0000,0.5000
2026-05-25T21:08:08.772517,12817,0.0000,0.0000,0.0000,0.5000
2026-05-25T21:08:08.872647,12818,0.0000,0.0000,0.0000,0.5000
2026-05-25T21:08:08.972837,12819,0.0000,0.0000,0.0000,0.5000
2026-05-25T21:08:09.261884,12820,0.0000,0.0000,0.0000,0.5000
2026-05-25T21:08:09.362320,12821,0.0000,0.0000,0.0000,0.5000
2026-05-25T21:08:09.463043,12822,0.0000,0.0000,0.0000,0.5000
2026-05-25T21:08:09.563138,12823,0.0000,0.0000,0.0000,0.5000
2026-05-25T21:08:09.663453,12824,0.0000,0.0000,0.0000,0.5000
2026-05-25T21:08:09.763755,12825,0.0000,0.0000,0.0000,0.5000
2026-05-25T21:08:09.863756,12826,0.0000,0.0000,0.0000,0.5000
2026-05-25T21:08:09.963868,12827,0.0000,0.0000,0.0000,0.5000
2026-05-25T21:08:10.064582,12828,0.0000,0.0000,0.0000,0.5000
2026-05-25T21:08:10.164249,12829,0.0000,0.0000,0.0000,0.5000
2026-05-25T21:08:10.264315,12830,0.0000,0.0000,0.0000,0.5000
2026-05-25T21:08:10.481739,12831,0.0000,0.0000,0.0000,0.5000
2026-05-25T21:08:10.581758,12832,0.0000,0.0000,0.0000,0.5000
2026-05-25T21:08:10.681933,12833,0.0000,0.0000,0.0000,0.5000
2026-05-25T21:08:10.782144,12834,0.0000,0.0000,0.0000,0.5000
2026-05-25T21:08:10.882158,12835,0.0000,0.0000,0.0000,0.5000
2026-05-25T21:08:10.984702,12836,0.0000,0.0000,0.0000,0.5000
2026-05-25T21:08:11.084983,12837,0.0000,0.0000,0.0000,0.5000
2026-05-25T21:08:11.185031,12838,0.0000,0.0000,0.0000,0.5000
2026-05-25T21:08:11.285173,12839,0.3000,0.0000,0.0000,0.0000
2026-05-25T21:08:11.385293,12840,0.3000,0.0000,0.0000,0.0000
2026-05-25T21:08:11.485616,12841,0.3000,0.0000,0.0000,0.0000
2026-05-25T21:08:11.731670,12842,0.3000,0.0000,0.0000,0.0000
2026-05-25T21:08:11.831713,12843,0.3000,0.0000,0.0000,0.0000
2026-05-25T21:08:11.931878,12844,0.3000,0.0000,0.0000,0.0000
2026-05-25T21:08:12.031992,12845,0.3000,0.0000,0.0000,0.0000
2026-05-25T21:08:12.132068,12846,0.3000,0.0000,0.0000,0.0000
2026-05-25T21:08:12.232222,12847,0.3000,0.0000,0.0000,0.0000
2026-05-25T21:08:12.332278,12848,0.3000,0.0000,0.0000,0.0000
2026-05-25T21:08:12.432465,12849,0.3000,0.0000,0.0000,0.0000
2026-05-25T21:08:12.532679,12850,0.3000,0.0000,0.0000,0.0000
2026-05-25T21:08:12.632798,12851,0.3000,0.0000,0.0000,0.0000
2026-05-25T21:08:12.732969,12852,0.3000,0.0000,0.0000,0.0000
2026-05-25T21:08:12.952266,12853,0.3000,0.0000,0.0000,0.0000
2026-05-25T21:08:13.051917,12854,0.3000,0.0000,0.0000,0.0000
2026-05-25T21:08:13.151897,12855,0.3000,0.0000,0.0000,0.0000
2026-05-25T21:08:13.252057,12856,0.3000,0.0000,0.0000,0.0000
2026-05-25T21:08:13.352190,12857,0.3000,0.0000,0.0000,0.0000
2026-05-25T21:08:13.452267,12858,0.3000,0.0000,0.0000,0.0000
2026-05-25T21:08:13.552307,12859,0.3000,0.0000,0.0000,0.0000
2026-05-25T21:08:13.652453,12860,0.3000,0.0000,0.0000,0.0000
2026-05-25T21:08:13.752560,12861,0.3000,0.0000,0.0000,0.0000
2026-05-25T21:08:13.853232,12862,0.3000,0.0000,0.0000,0.0000
2026-05-25T21:08:13.952824,12863,0.3000,0.0000,0.0000,0.0000
2026-05-25T21:08:14.052945,12864,0.3000,0.0000,0.0000,0.0000
2026-05-25T21:08:14.153136,12865,0.3000,0.0000,0.0000,0.0000
2026-05-25T21:08:14.253471,12866,0.3000,0.0000,0.0000,0.0000
2026-05-25T21:08:14.353942,12867,0.3000,0.0000,0.0000,0.0000
2026-05-25T21:08:14.571727,12868,0.3000,0.0000,0.0000,0.0000
2026-05-25T21:08:14.672298,12869,0.0000,0.0000,0.0000,-0.5000
2026-05-25T21:08:14.772269,12870,0.0000,0.0000,0.0000,-0.5000
2026-05-25T21:08:14.872565,12871,0.0000,0.0000,0.0000,-0.5000
2026-05-25T21:08:14.972677,12872,0.0000,0.0000,0.0000,-0.5000
2026-05-25T21:08:15.075306,12873,0.0000,0.0000,0.0000,-0.5000
2026-05-25T21:08:15.175459,12874,0.0000,0.0000,0.0000,-0.5000
2026-05-25T21:08:15.275530,12875,0.0000,0.0000,0.0000,-0.5000
2026-05-25T21:08:15.375744,12876,0.0000,0.0000,0.0000,-0.5000
2026-05-25T21:08:15.581958,12877,0.0000,0.0000,0.0000,-0.5000
2026-05-25T21:08:15.682077,12878,0.0000,0.0000,0.0000,-0.5000
2026-05-25T21:08:15.782496,12879,0.0000,0.0000,0.0000,-0.5000
2026-05-25T21:08:15.882520,12880,0.0000,0.0000,0.0000,-0.5000
2026-05-25T21:08:15.982709,12881,0.0000,0.0000,0.0000,-0.5000
2026-05-25T21:08:16.082851,12882,0.0000,0.0000,0.0000,-0.5000
2026-05-25T21:08:16.183976,12883,0.0000,0.0000,0.0000,-0.5000
2026-05-25T21:08:16.283133,12884,0.0000,0.0000,0.0000,-0.5000
2026-05-25T21:08:16.383304,12885,0.0000,0.0000,0.0000,-0.5000
2026-05-25T21:08:16.483318,12886,0.0000,0.0000,0.0000,-0.5000
2026-05-25T21:08:16.583441,12887,0.0000,0.0000,0.0000,-0.5000
2026-05-25T21:08:16.683617,12888,0.0000,0.0000,0.0000,-0.5000
2026-05-25T21:08:16.783739,12889,0.0000,0.0000,0.0000,-0.5000
2026-05-25T21:08:17.081718,12890,0.0000,0.0000,0.0000,-0.5000
2026-05-25T21:08:17.181762,12891,0.0000,0.0000,0.0000,-0.5000
2026-05-25T21:08:17.281940,12892,0.0000,0.0000,0.0000,-0.5000
2026-05-25T21:08:17.382117,12893,0.0000,0.0000,0.0000,-0.5000
2026-05-25T21:08:17.482178,12894,0.0000,0.0000,0.0000,-0.5000
2026-05-25T21:08:17.582382,12895,0.0000,0.0000,0.0000,-0.5000
2026-05-25T21:08:17.682489,12896,0.0000,0.0000,0.0000,-0.5000
2026-05-25T21:08:17.782600,12897,0.0000,0.0000,0.0000,-0.5000
2026-05-25T21:08:17.882750,12898,0.0000,0.0000,0.0000,-0.5000
2026-05-25T21:08:17.982916,12899,-0.2000,0.0000,0.0000,-0.5000
2026-05-25T21:08:18.082946,12900,-0.2000,0.0000,0.0000,-0.5000
2026-05-25T21:08:18.301815,12901,-0.2000,0.0000,0.0000,-0.5000
2026-05-25T21:08:18.401876,12902,-0.2000,0.0000,0.0000,-0.5000
2026-05-25T21:08:18.502023,12903,-0.2000,0.0000,0.0000,-0.5000
2026-05-25T21:08:18.602131,12904,-0.2000,0.0000,0.0000,-0.5000
2026-05-25T21:08:18.702210,12905,-0.2000,0.0000,0.0000,-0.5000
2026-05-25T21:08:18.802387,12906,-0.2000,0.0000,0.0000,-0.5000
2026-05-25T21:08:18.902455,12907,-0.2000,0.0000,0.0000,-0.5000
2026-05-25T21:08:19.002610,12908,-0.2000,0.0000,0.0000,-0.5000
2026-05-25T21:08:19.102743,12909,-0.2000,0.0000,0.0000,-0.5000
2026-05-25T21:08:19.311781,12910,-0.2000,0.0000,0.0000,-0.5000
2026-05-25T21:08:19.411856,12911,-0.2000,0.0000,0.0000,-0.5000
2026-05-25T21:08:19.512001,12912,-0.2000,0.0000,0.0000,-0.5000
2026-05-25T21:08:19.612122,12913,-0.2000,0.0000,0.0000,-0.5000
2026-05-25T21:08:19.712350,12914,-0.2000,0.0000,0.0000,-0.5000
2026-05-25T21:08:19.812305,12915,-0.2000,0.0000,0.0000,-0.5000
2026-05-25T21:08:19.912486,12916,-0.2000,0.0000,0.0000,-0.5000
2026-05-25T21:08:20.012578,12917,-0.2000,0.0000,0.0000,-0.5000
2026-05-25T21:08:20.112848,12918,-0.2000,0.0000,0.0000,-0.5000
2026-05-25T21:08:20.321741,12919,-0.2000,0.0000,0.0000,-0.5000
2026-05-25T21:08:20.421833,12920,-0.2000,0.0000,0.0000,-0.5000
2026-05-25T21:08:20.521949,12921,-0.2000,0.0000,0.0000,-0.5000
2026-05-25T21:08:20.622234,12922,-0.2000,0.0000,0.0000,-0.5000
2026-05-25T21:08:20.722221,12923,-0.2000,0.0000,0.0000,-0.5000
2026-05-25T21:08:20.822282,12924,-0.2000,0.0000,0.0000,-0.5000
2026-05-25T21:08:20.922456,12925,-0.2000,0.0000,0.0000,-0.5000
2026-05-25T21:08:21.022782,12926,-0.2000,0.0000,0.0000,-0.5000
2026-05-25T21:08:21.122669,12927,-0.2000,0.0000,0.0000,-0.5000
2026-05-25T21:08:21.332487,12928,-0.2000,0.0000,0.0000,-0.5000
2026-05-25T21:08:21.431848,12929,0.0000,0.0000,0.0000,0.5000
2026-05-25T21:08:21.532019,12930,0.0000,0.0000,0.0000,0.5000
2026-05-25T21:08:21.632097,12931,0.0000,0.0000,0.0000,0.5000
2026-05-25T21:08:21.732222,12932,0.0000,0.0000,0.0000,0.5000
2026-05-25T21:08:21.832344,12933,0.0000,0.0000,0.0000,0.5000
2026-05-25T21:08:21.932433,12934,0.0000,0.0000,0.0000,0.5000
2026-05-25T21:08:22.032580,12935,0.0000,0.0000,0.0000,0.5000
2026-05-25T21:08:22.132721,12936,0.0000,0.0000,0.0000,0.5000
2026-05-25T21:08:22.232819,12937,0.0000,0.0000,0.0000,0.5000
2026-05-25T21:08:22.333136,12938,0.0000,0.0000,0.0000,0.5000
2026-05-25T21:08:22.551757,12939,0.0000,0.0000,0.0000,0.5000
2026-05-25T21:08:22.651861,12940,0.0000,0.0000,0.0000,0.5000
2026-05-25T21:08:22.751950,12941,0.0000,0.0000,0.0000,0.5000
2026-05-25T21:08:22.852102,12942,0.0000,0.0000,0.0000,0.5000
2026-05-25T21:08:22.954188,12943,0.0000,0.0000,0.0000,0.5000
2026-05-25T21:08:23.052332,12944,0.0000,0.0000,0.0000,0.5000
2026-05-25T21:08:23.152401,12945,0.0000,0.0000,0.0000,0.5000
2026-05-25T21:08:23.252571,12946,0.0000,0.0000,0.0000,0.5000
2026-05-25T21:08:23.352681,12947,0.0000,0.0000,0.0000,0.5000
2026-05-25T21:08:23.562586,12948,0.0000,0.0000,0.0000,0.5000
2026-05-25T21:08:23.662603,12949,0.0000,0.0000,0.0000,0.5000
2026-05-25T21:08:23.762741,12950,0.0000,0.0000,0.0000,0.5000
2026-05-25T21:08:23.864215,12951,0.0000,0.0000,0.0000,0.5000
2026-05-25T21:08:23.964423,12952,0.0000,0.0000,0.0000,0.5000
2026-05-25T21:08:24.064560,12953,0.0000,0.0000,0.0000,0.5000
2026-05-25T21:08:24.164674,12954,0.0000,0.0000,0.0000,0.5000
2026-05-25T21:08:24.264835,12955,0.0000,0.0000,0.0000,0.5000
2026-05-25T21:08:24.364973,12956,0.0000,0.0000,0.0000,0.5000
2026-05-25T21:08:24.582123,12957,0.0000,0.0000,0.0000,0.5000
2026-05-25T21:08:24.682177,12958,0.0000,0.0000,0.0000,0.5000
2026-05-25T21:08:24.782392,12959,0.3000,0.0000,0.0000,0.0000
2026-05-25T21:08:24.882542,12960,0.3000,0.0000,0.0000,0.0000
2026-05-25T21:08:24.982619,12961,0.3000,0.0000,0.0000,0.0000
2026-05-25T21:08:25.082791,12962,0.3000,0.0000,0.0000,0.0000
2026-05-25T21:08:25.182924,12963,0.3000,0.0000,0.0000,0.0000
2026-05-25T21:08:25.285302,12964,0.3000,0.0000,0.0000,0.0000
2026-05-25T21:08:25.385423,12965,0.3000,0.0000,0.0000,0.0000
2026-05-25T21:08:25.485593,12966,0.3000,0.0000,0.0000,0.0000
2026-05-25T21:08:25.586312,12967,0.3000,0.0000,0.0000,0.0000
2026-05-25T21:08:25.802094,12968,0.3000,0.0000,0.0000,0.0000
2026-05-25T21:08:25.902195,12969,0.3000,0.0000,0.0000,0.0000
2026-05-25T21:08:26.002430,12970,0.3000,0.0000,0.0000,0.0000
2026-05-25T21:08:26.102571,12971,0.3000,0.0000,0.0000,0.0000
2026-05-25T21:08:26.203022,12972,0.3000,0.0000,0.0000,0.0000
2026-05-25T21:08:26.303229,12973,0.3000,0.0000,0.0000,0.0000
2026-05-25T21:08:26.403235,12974,0.3000,0.0000,0.0000,0.0000
2026-05-25T21:08:26.503364,12975,0.3000,0.0000,0.0000,0.0000
2026-05-25T21:08:26.603504,12976,0.3000,0.0000,0.0000,0.0000
2026-05-25T21:08:26.703541,12977,0.3000,0.0000,0.0000,0.0000
2026-05-25T21:08:26.803682,12978,0.3000,0.0000,0.0000,0.0000
2026-05-25T21:08:27.034066,12979,0.3000,0.0000,0.0000,0.0000
2026-05-25T21:08:27.134196,12980,0.3000,0.0000,0.0000,0.0000
2026-05-25T21:08:27.234291,12981,0.3000,0.0000,0.0000,0.0000
2026-05-25T21:08:27.334450,12982,0.3000,0.0000,0.0000,0.0000
2026-05-25T21:08:27.434549,12983,0.3000,0.0000,0.0000,0.0000
2026-05-25T21:08:27.534685,12984,0.3000,0.0000,0.0000,0.0000
2026-05-25T21:08:27.634902,12985,0.3000,0.0000,0.0000,0.0000
2026-05-25T21:08:27.734995,12986,0.3000,0.0000,0.0000,0.0000
2026-05-25T21:08:27.835080,12987,0.3000,0.0000,0.0000,0.0000
2026-05-25T21:08:27.935237,12988,0.3000,0.0000,0.0000,0.0000
2026-05-25T21:08:28.035327,12989,0.0000,0.0000,0.0000,-0.5000
2026-05-25T21:08:28.251909,12990,0.0000,0.0000,0.0000,-0.5000
2026-05-25T21:08:28.352009,12991,0.0000,0.0000,0.0000,-0.5000
2026-05-25T21:08:28.452309,12992,0.0000,0.0000,0.0000,-0.5000
2026-05-25T21:08:28.552246,12993,0.0000,0.0000,0.0000,-0.5000
2026-05-25T21:08:28.652343,12994,0.0000,0.0000,0.0000,-0.5000
2026-05-25T21:08:28.752475,12995,0.0000,0.0000,0.0000,-0.5000
2026-05-25T21:08:28.852543,12996,0.0000,0.0000,0.0000,-0.5000
2026-05-25T21:08:28.952670,12997,0.0000,0.0000,0.0000,-0.5000
2026-05-25T21:08:29.052851,12998,0.0000,0.0000,0.0000,-0.5000
2026-05-25T21:08:29.272120,12999,0.0000,0.0000,0.0000,-0.5000
2026-05-25T21:08:29.371983,13000,0.0000,0.0000,0.0000,-0.5000
2026-05-25T21:08:29.472066,13001,0.0000,0.0000,0.0000,-0.5000
2026-05-25T21:08:29.572151,13002,0.0000,0.0000,0.0000,-0.5000
2026-05-25T21:08:29.672138,13003,0.0000,0.0000,0.0000,-0.5000
2026-05-25T21:08:29.772192,13004,0.0000,0.0000,0.0000,-0.5000
2026-05-25T21:08:29.872393,13005,0.0000,0.0000,0.0000,-0.5000
2026-05-25T21:08:29.972416,13006,0.0000,0.0000,0.0000,-0.5000
2026-05-25T21:08:30.072576,13007,0.0000,0.0000,0.0000,-0.5000
2026-05-25T21:08:30.172721,13008,0.0000,0.0000,0.0000,-0.5000
2026-05-25T21:08:30.272867,13009,0.0000,0.0000,0.0000,-0.5000
2026-05-25T21:08:30.492001,13010,0.0000,0.0000,0.0000,-0.5000
2026-05-25T21:08:30.592093,13011,0.0000,0.0000,0.0000,-0.5000
2026-05-25T21:08:30.692269,13012,0.0000,0.0000,0.0000,-0.5000
2026-05-25T21:08:30.792297,13013,0.0000,0.0000,0.0000,-0.5000
2026-05-25T21:08:30.892401,13014,0.0000,0.0000,0.0000,-0.5000
2026-05-25T21:08:30.992551,13015,0.0000,0.0000,0.0000,-0.5000
2026-05-25T21:08:31.092688,13016,0.0000,0.0000,0.0000,-0.5000
2026-05-25T21:08:31.192815,13017,0.0000,0.0000,0.0000,-0.5000
2026-05-25T21:08:31.292974,13018,0.0000,0.0000,0.0000,-0.5000
2026-05-25T21:08:31.501932,13019,-0.2000,0.0000,0.0000,-0.5000
2026-05-25T21:08:31.602085,13020,-0.2000,0.0000,0.0000,-0.5000
2026-05-25T21:08:31.702648,13021,-0.2000,0.0000,0.0000,-0.5000
2026-05-25T21:08:31.802217,13022,-0.2000,0.0000,0.0000,-0.5000
2026-05-25T21:08:31.902337,13023,-0.2000,0.0000,0.0000,-0.5000
2026-05-25T21:08:32.002594,13024,-0.2000,0.0000,0.0000,-0.5000
2026-05-25T21:08:32.103339,13025,-0.2000,0.0000,0.0000,-0.5000
2026-05-25T21:08:32.204266,13026,-0.2000,0.0000,0.0000,-0.5000
2026-05-25T21:08:32.304320,13027,-0.2000,0.0000,0.0000,-0.5000
2026-05-25T21:08:32.522572,13028,-0.2000,0.0000,0.0000,-0.5000
2026-05-25T21:08:32.622658,13029,-0.2000,0.0000,0.0000,-0.5000
2026-05-25T21:08:32.722800,13030,-0.2000,0.0000,0.0000,-0.5000
2026-05-25T21:08:32.822952,13031,-0.2000,0.0000,0.0000,-0.5000
2026-05-25T21:08:32.923082,13032,-0.2000,0.0000,0.0000,-0.5000
2026-05-25T21:08:33.023214,13033,-0.2000,0.0000,0.0000,-0.5000
2026-05-25T21:08:33.123350,13034,-0.2000,0.0000,0.0000,-0.5000
2026-05-25T21:08:33.223470,13035,-0.2000,0.0000,0.0000,-0.5000
2026-05-25T21:08:33.323568,13036,-0.2000,0.0000,0.0000,-0.5000
2026-05-25T21:08:33.532018,13037,-0.2000,0.0000,0.0000,-0.5000
2026-05-25T21:08:33.632255,13038,-0.2000,0.0000,0.0000,-0.5000
2026-05-25T21:08:33.732267,13039,-0.2000,0.0000,0.0000,-0.5000
2026-05-25T21:08:33.832469,13040,-0.2000,0.0000,0.0000,-0.5000
2026-05-25T21:08:33.932392,13041,-0.2000,0.0000,0.0000,-0.5000
2026-05-25T21:08:34.032711,13042,-0.2000,0.0000,0.0000,-0.5000
2026-05-25T21:08:34.132671,13043,-0.2000,0.0000,0.0000,-0.5000
2026-05-25T21:08:34.232849,13044,-0.2000,0.0000,0.0000,-0.5000
2026-05-25T21:08:34.332939,13045,-0.2000,0.0000,0.0000,-0.5000
2026-05-25T21:08:34.433077,13046,-0.2000,0.0000,0.0000,-0.5000
2026-05-25T21:08:34.533179,13047,-0.2000,0.0000,0.0000,-0.5000
2026-05-25T21:08:34.741721,13048,-0.2000,0.0000,0.0000,-0.5000
2026-05-25T21:08:34.842025,13049,0.0000,0.0000,0.0000,0.5000
2026-05-25T21:08:34.942100,13050,0.0000,0.0000,0.0000,0.5000
2026-05-25T21:08:35.042257,13051,0.0000,0.0000,0.0000,0.5000
2026-05-25T21:08:35.142318,13052,0.0000,0.0000,0.0000,0.5000
2026-05-25T21:08:35.242461,13053,0.0000,0.0000,0.0000,0.5000
2026-05-25T21:08:35.342593,13054,0.0000,0.0000,0.0000,0.5000
2026-05-25T21:08:35.442700,13055,0.0000,0.0000,0.0000,0.5000
2026-05-25T21:08:35.542861,13056,0.0000,0.0000,0.0000,0.5000
2026-05-25T21:08:35.771992,13057,0.0000,0.0000,0.0000,0.5000
2026-05-25T21:08:35.872574,13058,0.0000,0.0000,0.0000,0.5000
2026-05-25T21:08:35.973284,13059,0.0000,0.0000,0.0000,0.5000
2026-05-25T21:08:36.072581,13060,0.0000,0.0000,0.0000,0.5000
2026-05-25T21:08:36.172691,13061,0.0000,0.0000,0.0000,0.5000
2026-05-25T21:08:36.272841,13062,0.0000,0.0000,0.0000,0.5000
2026-05-25T21:08:36.373003,13063,0.0000,0.0000,0.0000,0.5000
2026-05-25T21:08:36.473543,13064,0.0000,0.0000,0.0000,0.5000
2026-05-25T21:08:36.573838,13065,0.0000,0.0000,0.0000,0.5000
2026-05-25T21:08:36.673327,13066,0.0000,0.0000,0.0000,0.5000
2026-05-25T21:08:36.773395,13067,0.0000,0.0000,0.0000,0.5000
2026-05-25T21:08:37.011896,13068,0.0000,0.0000,0.0000,0.5000
2026-05-25T21:08:37.112047,13069,0.0000,0.0000,0.0000,0.5000
2026-05-25T21:08:37.213125,13070,0.0000,0.0000,0.0000,0.5000
2026-05-25T21:08:37.313313,13071,0.0000,0.0000,0.0000,0.5000
2026-05-25T21:08:37.413462,13072,0.0000,0.0000,0.0000,0.5000
2026-05-25T21:08:37.513580,13073,0.0000,0.0000,0.0000,0.5000
2026-05-25T21:08:37.613688,13074,0.0000,0.0000,0.0000,0.5000
2026-05-25T21:08:37.714580,13075,0.0000,0.0000,0.0000,0.5000
2026-05-25T21:08:37.814677,13076,0.0000,0.0000,0.0000,0.5000
2026-05-25T21:08:37.914973,13077,0.0000,0.0000,0.0000,0.5000
2026-05-25T21:08:38.015007,13078,0.0000,0.0000,0.0000,0.5000
2026-05-25T21:08:38.130989,13079,0.3000,0.0000,0.0000,0.0000
2026-05-25T21:08:38.231102,13080,0.3000,0.0000,0.0000,0.0000
2026-05-25T21:08:38.331225,13081,0.3000,0.0000,0.0000,0.0000
2026-05-25T21:08:38.431331,13082,0.3000,0.0000,0.0000,0.0000
2026-05-25T21:08:38.531690,13083,0.3000,0.0000,0.0000,0.0000
2026-05-25T21:08:38.711880,13084,0.3000,0.0000,0.0000,0.0000
2026-05-25T21:08:38.851980,13085,0.3000,0.0000,0.0000,0.0000
2026-05-25T21:08:38.952072,13086,0.3000,0.0000,0.0000,0.0000
2026-05-25T21:08:39.052196,13087,0.3000,0.0000,0.0000,0.0000
2026-05-25T21:08:39.154333,13088,0.3000,0.0000,0.0000,0.0000
2026-05-25T21:08:39.254633,13089,0.3000,0.0000,0.0000,0.0000
2026-05-25T21:08:39.354580,13090,0.3000,0.0000,0.0000,0.0000
2026-05-25T21:08:39.454787,13091,0.3000,0.0000,0.0000,0.0000
2026-05-25T21:08:39.554856,13092,0.3000,0.0000,0.0000,0.0000
2026-05-25T21:08:39.654932,13093,0.3000,0.0000,0.0000,0.0000
2026-05-25T21:08:39.785250,13094,0.3000,0.0000,0.0000,0.0000
2026-05-25T21:08:39.885431,13095,0.3000,0.0000,0.0000,0.0000
2026-05-25T21:08:39.987338,13096,0.3000,0.0000,0.0000,0.0000
2026-05-25T21:08:40.087453,13097,0.3000,0.0000,0.0000,0.0000
2026-05-25T21:08:40.187565,13098,0.3000,0.0000,0.0000,0.0000
2026-05-25T21:08:40.287727,13099,0.3000,0.0000,0.0000,0.0000
2026-05-25T21:08:40.387871,13100,0.3000,0.0000,0.0000,0.0000
2026-05-25T21:08:40.692106,13101,0.3000,0.0000,0.0000,0.0000
2026-05-25T21:08:40.792211,13102,0.3000,0.0000,0.0000,0.0000
2026-05-25T21:08:40.892366,13103,0.3000,0.0000,0.0000,0.0000
2026-05-25T21:08:40.992480,13104,0.3000,0.0000,0.0000,0.0000
2026-05-25T21:08:41.092732,13105,0.3000,0.0000,0.0000,0.0000
2026-05-25T21:08:41.192815,13106,0.3000,0.0000,0.0000,0.0000
2026-05-25T21:08:41.293464,13107,0.3000,0.0000,0.0000,0.0000
2026-05-25T21:08:41.393496,13108,0.3000,0.0000,0.0000,0.0000
2026-05-25T21:08:41.493670,13109,0.0000,0.0000,0.0000,-0.5000
2026-05-25T21:08:41.594038,13110,0.0000,0.0000,0.0000,-0.5000
2026-05-25T21:08:41.694167,13111,0.0000,0.0000,0.0000,-0.5000
2026-05-25T21:08:41.912023,13112,0.0000,0.0000,0.0000,-0.5000
2026-05-25T21:08:42.012180,13113,0.0000,0.0000,0.0000,-0.5000
2026-05-25T21:08:42.112206,13114,0.0000,0.0000,0.0000,-0.5000
2026-05-25T21:08:42.212307,13115,0.0000,0.0000,0.0000,-0.5000
2026-05-25T21:08:42.312512,13116,0.0000,0.0000,0.0000,-0.5000
2026-05-25T21:08:42.413928,13117,0.0000,0.0000,0.0000,-0.5000
2026-05-25T21:08:42.514000,13118,0.0000,0.0000,0.0000,-0.5000
2026-05-25T21:08:42.616308,13119,0.0000,0.0000,0.0000,-0.5000
2026-05-25T21:08:42.716335,13120,0.0000,0.0000,0.0000,-0.5000
2026-05-25T21:08:42.816462,13121,0.0000,0.0000,0.0000,-0.5000
2026-05-25T21:08:42.916646,13122,0.0000,0.0000,0.0000,-0.5000
2026-05-25T21:08:43.152039,13123,0.0000,0.0000,0.0000,-0.5000
2026-05-25T21:08:43.252126,13124,0.0000,0.0000,0.0000,-0.5000
2026-05-25T21:08:43.352204,13125,0.0000,0.0000,0.0000,-0.5000
2026-05-25T21:08:43.452378,13126,0.0000,0.0000,0.0000,-0.5000
2026-05-25T21:08:43.552455,13127,0.0000,0.0000,0.0000,-0.5000
2026-05-25T21:08:43.652534,13128,0.0000,0.0000,0.0000,-0.5000
2026-05-25T21:08:43.752713,13129,0.0000,0.0000,0.0000,-0.5000
2026-05-25T21:08:43.852803,13130,0.0000,0.0000,0.0000,-0.5000
2026-05-25T21:08:43.952948,13131,0.0000,0.0000,0.0000,-0.5000
2026-05-25T21:08:44.053108,13132,0.0000,0.0000,0.0000,-0.5000
2026-05-25T21:08:44.153184,13133,0.0000,0.0000,0.0000,-0.5000
2026-05-25T21:08:44.372145,13134,0.0000,0.0000,0.0000,-0.5000
2026-05-25T21:08:44.472190,13135,0.0000,0.0000,0.0000,-0.5000
2026-05-25T21:08:44.572396,13136,0.0000,0.0000,0.0000,-0.5000
2026-05-25T21:08:44.672467,13137,0.0000,0.0000,0.0000,-0.5000
2026-05-25T21:08:44.772512,13138,0.0000,0.0000,0.0000,-0.5000
2026-05-25T21:08:44.872706,13139,-0.2000,0.0000,0.0000,-0.5000
2026-05-25T21:08:44.972819,13140,-0.2000,0.0000,0.0000,-0.5000
2026-05-25T21:08:45.072882,13141,-0.2000,0.0000,0.0000,-0.5000
2026-05-25T21:08:45.173134,13142,-0.2000,0.0000,0.0000,-0.5000
2026-05-25T21:08:45.273341,13143,-0.2000,0.0000,0.0000,-0.5000
2026-05-25T21:08:45.373346,13144,-0.2000,0.0000,0.0000,-0.5000
2026-05-25T21:08:45.473402,13145,-0.2000,0.0000,0.0000,-0.5000
2026-05-25T21:08:45.573577,13146,-0.2000,0.0000,0.0000,-0.5000
2026-05-25T21:08:45.802134,13147,-0.2000,0.0000,0.0000,-0.5000
2026-05-25T21:08:45.902284,13148,-0.2000,0.0000,0.0000,-0.5000
2026-05-25T21:08:46.003344,13149,-0.2000,0.0000,0.0000,-0.5000
2026-05-25T21:08:46.103444,13150,-0.2000,0.0000,0.0000,-0.5000
2026-05-25T21:08:46.203565,13151,-0.2000,0.0000,0.0000,-0.5000
2026-05-25T21:08:46.303751,13152,-0.2000,0.0000,0.0000,-0.5000
2026-05-25T21:08:46.403998,13153,-0.2000,0.0000,0.0000,-0.5000
2026-05-25T21:08:46.503981,13154,-0.2000,0.0000,0.0000,-0.5000
2026-05-25T21:08:46.604127,13155,-0.2000,0.0000,0.0000,-0.5000
2026-05-25T21:08:46.812103,13156,-0.2000,0.0000,0.0000,-0.5000
2026-05-25T21:08:46.912219,13157,-0.2000,0.0000,0.0000,-0.5000
2026-05-25T21:08:47.012460,13158,-0.2000,0.0000,0.0000,-0.5000
2026-05-25T21:08:47.112490,13159,-0.2000,0.0000,0.0000,-0.5000
2026-05-25T21:08:47.212574,13160,-0.2000,0.0000,0.0000,-0.5000
2026-05-25T21:08:47.312780,13161,-0.2000,0.0000,0.0000,-0.5000
2026-05-25T21:08:47.412864,13162,-0.2000,0.0000,0.0000,-0.5000
2026-05-25T21:08:47.512986,13163,-0.2000,0.0000,0.0000,-0.5000
2026-05-25T21:08:47.613137,13164,-0.2000,0.0000,0.0000,-0.5000
2026-05-25T21:08:47.713651,13165,-0.2000,0.0000,0.0000,-0.5000
2026-05-25T21:08:47.813752,13166,-0.2000,0.0000,0.0000,-0.5000
2026-05-25T21:08:48.032097,13167,-0.2000,0.0000,0.0000,-0.5000
2026-05-25T21:08:48.132183,13168,-0.2000,0.0000,0.0000,-0.5000
2026-05-25T21:08:48.232297,13169,0.0000,0.0000,0.0000,0.5000
2026-05-25T21:08:48.332452,13170,0.0000,0.0000,0.0000,0.5000
2026-05-25T21:08:48.432607,13171,0.0000,0.0000,0.0000,0.5000
2026-05-25T21:08:48.532718,13172,0.0000,0.0000,0.0000,0.5000
2026-05-25T21:08:48.632857,13173,0.0000,0.0000,0.0000,0.5000
2026-05-25T21:08:48.732999,13174,0.0000,0.0000,0.0000,0.5000
2026-05-25T21:08:48.833095,13175,0.0000,0.0000,0.0000,0.5000
2026-05-25T21:08:49.052166,13176,0.0000,0.0000,0.0000,0.5000
2026-05-25T21:08:49.152282,13177,0.0000,0.0000,0.0000,0.5000
2026-05-25T21:08:49.252351,13178,0.0000,0.0000,0.0000,0.5000
2026-05-25T21:08:49.352457,13179,0.0000,0.0000,0.0000,0.5000
2026-05-25T21:08:49.452605,13180,0.0000,0.0000,0.0000,0.5000
2026-05-25T21:08:49.552730,13181,0.0000,0.0000,0.0000,0.5000
2026-05-25T21:08:49.655336,13182,0.0000,0.0000,0.0000,0.5000
2026-05-25T21:08:49.755453,13183,0.0000,0.0000,0.0000,0.5000
2026-05-25T21:08:49.855626,13184,0.0000,0.0000,0.0000,0.5000
2026-05-25T21:08:49.955733,13185,0.0000,0.0000,0.0000,0.5000
2026-05-25T21:08:50.055866,13186,0.0000,0.0000,0.0000,0.5000
2026-05-25T21:08:50.302187,13187,0.0000,0.0000,0.0000,0.5000
2026-05-25T21:08:50.402252,13188,0.0000,0.0000,0.0000,0.5000
2026-05-25T21:08:50.502353,13189,0.0000,0.0000,0.0000,0.5000
2026-05-25T21:08:50.602434,13190,0.0000,0.0000,0.0000,0.5000
2026-05-25T21:08:50.702564,13191,0.0000,0.0000,0.0000,0.5000
2026-05-25T21:08:50.802698,13192,0.0000,0.0000,0.0000,0.5000
2026-05-25T21:08:50.902859,13193,0.0000,0.0000,0.0000,0.5000
2026-05-25T21:08:51.002982,13194,0.0000,0.0000,0.0000,0.5000
2026-05-25T21:08:51.103120,13195,0.0000,0.0000,0.0000,0.5000
2026-05-25T21:08:51.203237,13196,0.0000,0.0000,0.0000,0.5000
2026-05-25T21:08:51.303331,13197,0.0000,0.0000,0.0000,0.5000
2026-05-25T21:08:51.522114,13198,0.0000,0.0000,0.0000,0.5000
2026-05-25T21:08:51.622232,13199,0.3000,0.0000,0.0000,0.0000
2026-05-25T21:08:51.722308,13200,0.3000,0.0000,0.0000,0.0000
2026-05-25T21:08:51.822422,13201,0.3000,0.0000,0.0000,0.0000
2026-05-25T21:08:51.922569,13202,0.3000,0.0000,0.0000,0.0000
2026-05-25T21:08:52.022712,13203,0.3000,0.0000,0.0000,0.0000
2026-05-25T21:08:52.122836,13204,0.3000,0.0000,0.0000,0.0000
2026-05-25T21:08:52.222994,13205,0.3000,0.0000,0.0000,0.0000
2026-05-25T21:08:52.323271,13206,0.3000,0.0000,0.0000,0.0000
2026-05-25T21:08:52.532163,13207,0.3000,0.0000,0.0000,0.0000
2026-05-25T21:08:52.632266,13208,0.3000,0.0000,0.0000,0.0000
2026-05-25T21:08:52.732331,13209,0.3000,0.0000,0.0000,0.0000
2026-05-25T21:08:52.832453,13210,0.3000,0.0000,0.0000,0.0000
2026-05-25T21:08:52.932650,13211,0.3000,0.0000,0.0000,0.0000
2026-05-25T21:08:53.032750,13212,0.3000,0.0000,0.0000,0.0000
2026-05-25T21:08:53.132851,13213,0.3000,0.0000,0.0000,0.0000
2026-05-25T21:08:53.232981,13214,0.3000,0.0000,0.0000,0.0000
2026-05-25T21:08:53.333143,13215,0.3000,0.0000,0.0000,0.0000
2026-05-25T21:08:53.433256,13216,0.3000,0.0000,0.0000,0.0000
2026-05-25T21:08:53.533319,13217,0.3000,0.0000,0.0000,0.0000
2026-05-25T21:08:53.634375,13218,0.3000,0.0000,0.0000,0.0000
2026-05-25T21:08:53.736590,13219,0.3000,0.0000,0.0000,0.0000
2026-05-25T21:08:53.962299,13220,0.3000,0.0000,0.0000,0.0000
2026-05-25T21:08:54.062321,13221,0.3000,0.0000,0.0000,0.0000
2026-05-25T21:08:54.162503,13222,0.3000,0.0000,0.0000,0.0000
2026-05-25T21:08:54.262623,13223,0.3000,0.0000,0.0000,0.0000
2026-05-25T21:08:54.362725,13224,0.3000,0.0000,0.0000,0.0000
2026-05-25T21:08:54.462884,13225,0.3000,0.0000,0.0000,0.0000
2026-05-25T21:08:54.563175,13226,0.3000,0.0000,0.0000,0.0000
2026-05-25T21:08:54.663146,13227,0.3000,0.0000,0.0000,0.0000
2026-05-25T21:08:54.763270,13228,0.3000,0.0000,0.0000,0.0000
2026-05-25T21:08:54.863483,13229,0.0000,0.0000,0.0000,-0.5000
2026-05-25T21:08:54.963590,13230,0.0000,0.0000,0.0000,-0.5000
2026-05-25T21:08:55.182213,13231,0.0000,0.0000,0.0000,-0.5000
2026-05-25T21:08:55.282286,13232,0.0000,0.0000,0.0000,-0.5000
2026-05-25T21:08:55.382331,13233,0.0000,0.0000,0.0000,-0.5000
2026-05-25T21:08:55.482448,13234,0.0000,0.0000,0.0000,-0.5000
2026-05-25T21:08:55.582566,13235,0.0000,0.0000,0.0000,-0.5000
2026-05-25T21:08:55.682717,13236,0.0000,0.0000,0.0000,-0.5000
2026-05-25T21:08:55.782849,13237,0.0000,0.0000,0.0000,-0.5000
2026-05-25T21:08:55.882996,13238,0.0000,0.0000,0.0000,-0.5000
2026-05-25T21:08:55.983109,13239,0.0000,0.0000,0.0000,-0.5000
2026-05-25T21:08:56.202229,13240,0.0000,0.0000,0.0000,-0.5000
2026-05-25T21:08:56.302320,13241,0.0000,0.0000,0.0000,-0.5000
2026-05-25T21:08:56.402528,13242,0.0000,0.0000,0.0000,-0.5000
2026-05-25T21:08:56.504934,13243,0.0000,0.0000,0.0000,-0.5000
2026-05-25T21:08:56.604985,13244,0.0000,0.0000,0.0000,-0.5000
2026-05-25T21:08:56.704915,13245,0.0000,0.0000,0.0000,-0.5000
2026-05-25T21:08:56.805053,13246,0.0000,0.0000,0.0000,-0.5000
2026-05-25T21:08:56.905170,13247,0.0000,0.0000,0.0000,-0.5000
2026-05-25T21:08:57.005323,13248,0.0000,0.0000,0.0000,-0.5000
2026-05-25T21:08:57.105623,13249,0.0000,0.0000,0.0000,-0.5000
2026-05-25T21:08:57.205909,13250,0.0000,0.0000,0.0000,-0.5000
2026-05-25T21:08:57.432335,13251,0.0000,0.0000,0.0000,-0.5000
2026-05-25T21:08:57.532318,13252,0.0000,0.0000,0.0000,-0.5000
2026-05-25T21:08:57.634351,13253,0.0000,0.0000,0.0000,-0.5000
2026-05-25T21:08:57.734460,13254,0.0000,0.0000,0.0000,-0.5000
2026-05-25T21:08:57.834597,13255,0.0000,0.0000,0.0000,-0.5000
2026-05-25T21:08:57.934722,13256,0.0000,0.0000,0.0000,-0.5000
2026-05-25T21:08:58.034844,13257,0.0000,0.0000,0.0000,-0.5000
2026-05-25T21:08:58.134974,13258,0.0000,0.0000,0.0000,-0.5000
2026-05-25T21:08:58.235147,13259,-0.2000,0.0000,0.0000,-0.5000
2026-05-25T21:08:58.335320,13260,-0.2000,0.0000,0.0000,-0.5000
2026-05-25T21:08:58.435384,13261,-0.2000,0.0000,0.0000,-0.5000
2026-05-25T21:08:58.542209,13262,-0.2000,0.0000,0.0000,-0.5000
2026-05-25T21:08:58.673015,13263,-0.2000,0.0000,0.0000,-0.5000
2026-05-25T21:08:58.772984,13264,-0.2000,0.0000,0.0000,-0.5000
2026-05-25T21:08:58.875311,13265,-0.2000,0.0000,0.0000,-0.5000
2026-05-25T21:08:58.975559,13266,-0.2000,0.0000,0.0000,-0.5000
2026-05-25T21:08:59.075640,13267,-0.2000,0.0000,0.0000,-0.5000
2026-05-25T21:08:59.175742,13268,-0.2000,0.0000,0.0000,-0.5000
2026-05-25T21:08:59.275963,13269,-0.2000,0.0000,0.0000,-0.5000
2026-05-25T21:08:59.376337,13270,-0.2000,0.0000,0.0000,-0.5000
2026-05-25T21:08:59.476335,13271,-0.2000,0.0000,0.0000,-0.5000
2026-05-25T21:08:59.579223,13272,-0.2000,0.0000,0.0000,-0.5000
2026-05-25T21:08:59.679330,13273,-0.2000,0.0000,0.0000,-0.5000
2026-05-25T21:08:59.779452,13274,-0.2000,0.0000,0.0000,-0.5000
2026-05-25T21:08:59.879583,13275,-0.2000,0.0000,0.0000,-0.5000
2026-05-25T21:08:59.979881,13276,-0.2000,0.0000,0.0000,-0.5000
2026-05-25T21:09:00.079854,13277,-0.2000,0.0000,0.0000,-0.5000
2026-05-25T21:09:00.180056,13278,-0.2000,0.0000,0.0000,-0.5000
2026-05-25T21:09:00.280156,13279,-0.2000,0.0000,0.0000,-0.5000
2026-05-25T21:09:00.493473,13280,-0.2000,0.0000,0.0000,-0.5000
2026-05-25T21:09:00.592498,13281,-0.2000,0.0000,0.0000,-0.5000
2026-05-25T21:09:00.692603,13282,-0.2000,0.0000,0.0000,-0.5000
2026-05-25T21:09:00.792819,13283,-0.2000,0.0000,0.0000,-0.5000
2026-05-25T21:09:00.892913,13284,-0.2000,0.0000,0.0000,-0.5000
2026-05-25T21:09:00.993051,13285,-0.2000,0.0000,0.0000,-0.5000
2026-05-25T21:09:01.093202,13286,-0.2000,0.0000,0.0000,-0.5000
2026-05-25T21:09:01.193351,13287,-0.2000,0.0000,0.0000,-0.5000
2026-05-25T21:09:01.293489,13288,-0.2000,0.0000,0.0000,-0.5000
2026-05-25T21:09:01.395590,13289,0.0000,0.0000,0.0000,0.5000
2026-05-25T21:09:01.495723,13290,0.0000,0.0000,0.0000,0.5000
2026-05-25T21:09:01.742383,13291,0.0000,0.0000,0.0000,0.5000
2026-05-25T21:09:01.842513,13292,0.0000,0.0000,0.0000,0.5000
2026-05-25T21:09:01.942694,13293,0.0000,0.0000,0.0000,0.5000
2026-05-25T21:09:02.042796,13294,0.0000,0.0000,0.0000,0.5000
2026-05-25T21:09:02.142935,13295,0.0000,0.0000,0.0000,0.5000
2026-05-25T21:09:02.243052,13296,0.0000,0.0000,0.0000,0.5000
2026-05-25T21:09:02.343172,13297,0.0000,0.0000,0.0000,0.5000
2026-05-25T21:09:02.443304,13298,0.0000,0.0000,0.0000,0.5000
2026-05-25T21:09:02.543430,13299,0.0000,0.0000,0.0000,0.5000
2026-05-25T21:09:02.643535,13300,0.0000,0.0000,0.0000,0.5000
2026-05-25T21:09:02.743701,13301,0.0000,0.0000,0.0000,0.5000
2026-05-25T21:09:02.962598,13302,0.0000,0.0000,0.0000,0.5000
2026-05-25T21:09:03.062724,13303,0.0000,0.0000,0.0000,0.5000
2026-05-25T21:09:03.162859,13304,0.0000,0.0000,0.0000,0.5000
2026-05-25T21:09:03.263020,13305,0.0000,0.0000,0.0000,0.5000
2026-05-25T21:09:03.363148,13306,0.0000,0.0000,0.0000,0.5000
2026-05-25T21:09:03.463276,13307,0.0000,0.0000,0.0000,0.5000
2026-05-25T21:09:03.563357,13308,0.0000,0.0000,0.0000,0.5000
2026-05-25T21:09:03.663468,13309,0.0000,0.0000,0.0000,0.5000
2026-05-25T21:09:03.763624,13310,0.0000,0.0000,0.0000,0.5000
2026-05-25T21:09:03.863785,13311,0.0000,0.0000,0.0000,0.5000
2026-05-25T21:09:03.963901,13312,0.0000,0.0000,0.0000,0.5000
2026-05-25T21:09:04.182499,13313,0.0000,0.0000,0.0000,0.5000
2026-05-25T21:09:04.282543,13314,0.0000,0.0000,0.0000,0.5000
2026-05-25T21:09:04.382670,13315,0.0000,0.0000,0.0000,0.5000
2026-05-25T21:09:04.482779,13316,0.0000,0.0000,0.0000,0.5000
2026-05-25T21:09:04.582942,13317,0.0000,0.0000,0.0000,0.5000
2026-05-25T21:09:04.683118,13318,0.0000,0.0000,0.0000,0.5000
2026-05-25T21:09:04.783153,13319,0.3000,0.0000,0.0000,0.0000
2026-05-25T21:09:04.883253,13320,0.3000,0.0000,0.0000,0.0000
2026-05-25T21:09:04.983334,13321,0.3000,0.0000,0.0000,0.0000
2026-05-25T21:09:05.083485,13322,0.3000,0.0000,0.0000,0.0000
2026-05-25T21:09:05.183608,13323,0.3000,0.0000,0.0000,0.0000
2026-05-25T21:09:05.362589,13324,0.3000,0.0000,0.0000,0.0000
2026-05-25T21:09:05.463386,13325,0.3000,0.0000,0.0000,0.0000
2026-05-25T21:09:05.563511,13326,0.3000,0.0000,0.0000,0.0000
2026-05-25T21:09:05.663657,13327,0.3000,0.0000,0.0000,0.0000
2026-05-25T21:09:05.764017,13328,0.3000,0.0000,0.0000,0.0000
2026-05-25T21:09:05.864068,13329,0.3000,0.0000,0.0000,0.0000
2026-05-25T21:09:05.964262,13330,0.3000,0.0000,0.0000,0.0000
2026-05-25T21:09:06.064450,13331,0.3000,0.0000,0.0000,0.0000
2026-05-25T21:09:06.164516,13332,0.3000,0.0000,0.0000,0.0000
2026-05-25T21:09:06.264648,13333,0.3000,0.0000,0.0000,0.0000
2026-05-25T21:09:06.364740,13334,0.3000,0.0000,0.0000,0.0000
2026-05-25T21:09:06.465050,13335,0.3000,0.0000,0.0000,0.0000
2026-05-25T21:09:06.565215,13336,0.3000,0.0000,0.0000,0.0000
2026-05-25T21:09:06.822427,13337,0.3000,0.0000,0.0000,0.0000
2026-05-25T21:09:06.922535,13338,0.3000,0.0000,0.0000,0.0000
2026-05-25T21:09:07.023328,13339,0.3000,0.0000,0.0000,0.0000
2026-05-25T21:09:07.123677,13340,0.3000,0.0000,0.0000,0.0000
2026-05-25T21:09:07.223551,13341,0.3000,0.0000,0.0000,0.0000
2026-05-25T21:09:07.324127,13342,0.3000,0.0000,0.0000,0.0000
2026-05-25T21:09:07.424175,13343,0.3000,0.0000,0.0000,0.0000
2026-05-25T21:09:07.523967,13344,0.3000,0.0000,0.0000,0.0000
2026-05-25T21:09:07.624490,13345,0.3000,0.0000,0.0000,0.0000
2026-05-25T21:09:07.832608,13346,0.3000,0.0000,0.0000,0.0000
2026-05-25T21:09:07.933208,13347,0.3000,0.0000,0.0000,0.0000
2026-05-25T21:09:08.034248,13348,0.3000,0.0000,0.0000,0.0000
2026-05-25T21:09:08.134325,13349,0.0000,0.0000,0.0000,-0.5000
2026-05-25T21:09:08.234426,13350,0.0000,0.0000,0.0000,-0.5000
2026-05-25T21:09:08.334599,13351,0.0000,0.0000,0.0000,-0.5000
2026-05-25T21:09:08.434670,13352,0.0000,0.0000,0.0000,-0.5000
2026-05-25T21:09:08.534825,13353,0.0000,0.0000,0.0000,-0.5000
2026-05-25T21:09:08.637543,13354,0.0000,0.0000,0.0000,-0.5000
2026-05-25T21:09:08.842519,13355,0.0000,0.0000,0.0000,-0.5000
2026-05-25T21:09:08.942496,13356,0.0000,0.0000,0.0000,-0.5000
2026-05-25T21:09:09.042594,13357,0.0000,0.0000,0.0000,-0.5000
2026-05-25T21:09:09.142792,13358,0.0000,0.0000,0.0000,-0.5000
2026-05-25T21:09:09.242863,13359,0.0000,0.0000,0.0000,-0.5000
2026-05-25T21:09:09.343187,13360,0.0000,0.0000,0.0000,-0.5000
2026-05-25T21:09:09.443312,13361,0.0000,0.0000,0.0000,-0.5000
2026-05-25T21:09:09.543847,13362,0.0000,0.0000,0.0000,-0.5000
2026-05-25T21:09:09.643702,13363,0.0000,0.0000,0.0000,-0.5000
2026-05-25T21:09:09.882408,13364,0.0000,0.0000,0.0000,-0.5000
2026-05-25T21:09:09.982500,13365,0.0000,0.0000,0.0000,-0.5000
2026-05-25T21:09:10.082685,13366,0.0000,0.0000,0.0000,-0.5000
2026-05-25T21:09:10.182668,13367,0.0000,0.0000,0.0000,-0.5000
2026-05-25T21:09:10.282867,13368,0.0000,0.0000,0.0000,-0.5000
2026-05-25T21:09:10.382940,13369,0.0000,0.0000,0.0000,-0.5000
2026-05-25T21:09:10.483035,13370,0.0000,0.0000,0.0000,-0.5000
2026-05-25T21:09:10.583245,13371,0.0000,0.0000,0.0000,-0.5000
2026-05-25T21:09:10.683375,13372,0.0000,0.0000,0.0000,-0.5000
2026-05-25T21:09:10.783471,13373,0.0000,0.0000,0.0000,-0.5000
2026-05-25T21:09:10.883609,13374,0.0000,0.0000,0.0000,-0.5000
2026-05-25T21:09:10.992334,13375,0.0000,0.0000,0.0000,-0.5000
2026-05-25T21:09:11.092388,13376,0.0000,0.0000,0.0000,-0.5000
2026-05-25T21:09:11.192592,13377,0.0000,0.0000,0.0000,-0.5000
2026-05-25T21:09:11.293330,13378,0.0000,0.0000,0.0000,-0.5000
2026-05-25T21:09:11.393261,13379,-0.2000,0.0000,0.0000,-0.5000
2026-05-25T21:09:11.494495,13380,-0.2000,0.0000,0.0000,-0.5000
2026-05-25T21:09:11.594636,13381,-0.2000,0.0000,0.0000,-0.5000
2026-05-25T21:09:11.694567,13382,-0.2000,0.0000,0.0000,-0.5000
2026-05-25T21:09:11.794668,13383,-0.2000,0.0000,0.0000,-0.5000
2026-05-25T21:09:11.894831,13384,-0.2000,0.0000,0.0000,-0.5000
2026-05-25T21:09:12.112557,13385,-0.2000,0.0000,0.0000,-0.5000
2026-05-25T21:09:12.212545,13386,-0.2000,0.0000,0.0000,-0.5000
2026-05-25T21:09:12.312780,13387,-0.2000,0.0000,0.0000,-0.5000
2026-05-25T21:09:12.412989,13388,-0.2000,0.0000,0.0000,-0.5000
2026-05-25T21:09:12.513520,13389,-0.2000,0.0000,0.0000,-0.5000
2026-05-25T21:09:12.613229,13390,-0.2000,0.0000,0.0000,-0.5000
2026-05-25T21:09:12.713320,13391,-0.2000,0.0000,0.0000,-0.5000
2026-05-25T21:09:12.813270,13392,-0.2000,0.0000,0.0000,-0.5000
2026-05-25T21:09:12.913407,13393,-0.2000,0.0000,0.0000,-0.5000
2026-05-25T21:09:13.013527,13394,-0.2000,0.0000,0.0000,-0.5000
2026-05-25T21:09:13.113621,13395,-0.2000,0.0000,0.0000,-0.5000
2026-05-25T21:09:13.213957,13396,-0.2000,0.0000,0.0000,-0.5000
2026-05-25T21:09:13.315279,13397,-0.2000,0.0000,0.0000,-0.5000
2026-05-25T21:09:13.573151,13398,-0.2000,0.0000,0.0000,-0.5000
2026-05-25T21:09:13.672820,13399,-0.2000,0.0000,0.0000,-0.5000
2026-05-25T21:09:13.772991,13400,-0.2000,0.0000,0.0000,-0.5000
2026-05-25T21:09:13.873252,13401,-0.2000,0.0000,0.0000,-0.5000
2026-05-25T21:09:13.973301,13402,-0.2000,0.0000,0.0000,-0.5000
2026-05-25T21:09:14.073494,13403,-0.2000,0.0000,0.0000,-0.5000
2026-05-25T21:09:14.173577,13404,-0.2000,0.0000,0.0000,-0.5000
2026-05-25T21:09:14.273698,13405,-0.2000,0.0000,0.0000,-0.5000
2026-05-25T21:09:14.373861,13406,-0.2000,0.0000,0.0000,-0.5000
2026-05-25T21:09:14.474649,13407,-0.2000,0.0000,0.0000,-0.5000
2026-05-25T21:09:14.574133,13408,-0.2000,0.0000,0.0000,-0.5000
2026-05-25T21:09:14.674194,13409,0.0000,0.0000,0.0000,0.5000
2026-05-25T21:09:14.774339,13410,0.0000,0.0000,0.0000,0.5000
2026-05-25T21:09:14.992477,13411,0.0000,0.0000,0.0000,0.5000
2026-05-25T21:09:15.092627,13412,0.0000,0.0000,0.0000,0.5000
2026-05-25T21:09:15.192697,13413,0.0000,0.0000,0.0000,0.5000
2026-05-25T21:09:15.292872,13414,0.0000,0.0000,0.0000,0.5000
2026-05-25T21:09:15.392997,13415,0.0000,0.0000,0.0000,0.5000
2026-05-25T21:09:15.493293,13416,0.0000,0.0000,0.0000,0.5000
2026-05-25T21:09:15.593390,13417,0.0000,0.0000,0.0000,0.5000
2026-05-25T21:09:15.693281,13418,0.0000,0.0000,0.0000,0.5000
2026-05-25T21:09:15.793409,13419,0.0000,0.0000,0.0000,0.5000
2026-05-25T21:09:16.002740,13420,0.0000,0.0000,0.0000,0.5000
2026-05-25T21:09:16.102845,13421,0.0000,0.0000,0.0000,0.5000
2026-05-25T21:09:16.204463,13422,0.0000,0.0000,0.0000,0.5000
2026-05-25T21:09:16.304431,13423,0.0000,0.0000,0.0000,0.5000
2026-05-25T21:09:16.404611,13424,0.0000,0.0000,0.0000,0.5000
2026-05-25T21:09:16.504750,13425,0.0000,0.0000,0.0000,0.5000
2026-05-25T21:09:16.604894,13426,0.0000,0.0000,0.0000,0.5000
2026-05-25T21:09:16.705013,13427,0.0000,0.0000,0.0000,0.5000
2026-05-25T21:09:16.805081,13428,0.0000,0.0000,0.0000,0.5000
2026-05-25T21:09:17.012413,13429,0.0000,0.0000,0.0000,0.5000
2026-05-25T21:09:17.112516,13430,0.0000,0.0000,0.0000,0.5000
2026-05-25T21:09:17.212669,13431,0.0000,0.0000,0.0000,0.5000
2026-05-25T21:09:17.312759,13432,0.0000,0.0000,0.0000,0.5000
2026-05-25T21:09:17.412931,13433,0.0000,0.0000,0.0000,0.5000
2026-05-25T21:09:17.513090,13434,0.0000,0.0000,0.0000,0.5000
2026-05-25T21:09:17.613208,13435,0.0000,0.0000,0.0000,0.5000
2026-05-25T21:09:17.713305,13436,0.0000,0.0000,0.0000,0.5000
2026-05-25T21:09:17.813556,13437,0.0000,0.0000,0.0000,0.5000
2026-05-25T21:09:18.032502,13438,0.0000,0.0000,0.0000,0.5000
2026-05-25T21:09:18.132623,13439,0.3000,0.0000,0.0000,0.0000
2026-05-25T21:09:18.232704,13440,0.3000,0.0000,0.0000,0.0000
2026-05-25T21:09:18.335302,13441,0.3000,0.0000,0.0000,0.0000
2026-05-25T21:09:18.435415,13442,0.3000,0.0000,0.0000,0.0000
2026-05-25T21:09:18.535730,13443,0.3000,0.0000,0.0000,0.0000
2026-05-25T21:09:18.635698,13444,0.3000,0.0000,0.0000,0.0000
2026-05-25T21:09:18.736003,13445,0.3000,0.0000,0.0000,0.0000
2026-05-25T21:09:18.835936,13446,0.3000,0.0000,0.0000,0.0000
2026-05-25T21:09:18.936109,13447,0.3000,0.0000,0.0000,0.0000
2026-05-25T21:09:19.036189,13448,0.3000,0.0000,0.0000,0.0000
2026-05-25T21:09:19.136303,13449,0.3000,0.0000,0.0000,0.0000
2026-05-25T21:09:19.236447,13450,0.3000,0.0000,0.0000,0.0000
2026-05-25T21:09:19.336592,13451,0.3000,0.0000,0.0000,0.0000
2026-05-25T21:09:19.436716,13452,0.3000,0.0000,0.0000,0.0000
2026-05-25T21:09:19.672536,13453,0.3000,0.0000,0.0000,0.0000
2026-05-25T21:09:19.772630,13454,0.3000,0.0000,0.0000,0.0000
2026-05-25T21:09:19.872788,13455,0.3000,0.0000,0.0000,0.0000
2026-05-25T21:09:19.972901,13456,0.3000,0.0000,0.0000,0.0000
2026-05-25T21:09:20.073019,13457,0.3000,0.0000,0.0000,0.0000
2026-05-25T21:09:20.173418,13458,0.3000,0.0000,0.0000,0.0000
2026-05-25T21:09:20.273311,13459,0.3000,0.0000,0.0000,0.0000
2026-05-25T21:09:20.373401,13460,0.3000,0.0000,0.0000,0.0000
2026-05-25T21:09:20.473544,13461,0.3000,0.0000,0.0000,0.0000
2026-05-25T21:09:20.573830,13462,0.3000,0.0000,0.0000,0.0000
2026-05-25T21:09:20.673761,13463,0.3000,0.0000,0.0000,0.0000
2026-05-25T21:09:20.892537,13464,0.3000,0.0000,0.0000,0.0000
2026-05-25T21:09:20.992703,13465,0.3000,0.0000,0.0000,0.0000
2026-05-25T21:09:21.092837,13466,0.3000,0.0000,0.0000,0.0000
2026-05-25T21:09:21.192975,13467,0.3000,0.0000,0.0000,0.0000
2026-05-25T21:09:21.293107,13468,0.3000,0.0000,0.0000,0.0000
2026-05-25T21:09:21.393241,13469,0.0000,0.0000,0.0000,-0.5000
2026-05-25T21:09:21.493341,13470,0.0000,0.0000,0.0000,-0.5000
2026-05-25T21:09:21.593511,13471,0.0000,0.0000,0.0000,-0.5000
2026-05-25T21:09:21.693578,13472,0.0000,0.0000,0.0000,-0.5000
2026-05-25T21:09:21.942584,13473,0.0000,0.0000,0.0000,-0.5000
2026-05-25T21:09:22.042665,13474,0.0000,0.0000,0.0000,-0.5000
2026-05-25T21:09:22.142823,13475,0.0000,0.0000,0.0000,-0.5000
2026-05-25T21:09:22.242878,13476,0.0000,0.0000,0.0000,-0.5000
2026-05-25T21:09:22.343045,13477,0.0000,0.0000,0.0000,-0.5000
2026-05-25T21:09:22.443217,13478,0.0000,0.0000,0.0000,-0.5000
2026-05-25T21:09:22.543235,13479,0.0000,0.0000,0.0000,-0.5000
2026-05-25T21:09:22.643373,13480,0.0000,0.0000,0.0000,-0.5000
2026-05-25T21:09:22.743580,13481,0.0000,0.0000,0.0000,-0.5000
2026-05-25T21:09:22.843608,13482,0.0000,0.0000,0.0000,-0.5000
2026-05-25T21:09:22.943758,13483,0.0000,0.0000,0.0000,-0.5000
2026-05-25T21:09:23.162636,13484,0.0000,0.0000,0.0000,-0.5000
2026-05-25T21:09:23.262637,13485,0.0000,0.0000,0.0000,-0.5000
2026-05-25T21:09:23.362809,13486,0.0000,0.0000,0.0000,-0.5000
2026-05-25T21:09:23.462996,13487,0.0000,0.0000,0.0000,-0.5000
2026-05-25T21:09:23.563140,13488,0.0000,0.0000,0.0000,-0.5000
2026-05-25T21:09:23.663170,13489,0.0000,0.0000,0.0000,-0.5000
2026-05-25T21:09:23.763332,13490,0.0000,0.0000,0.0000,-0.5000
2026-05-25T21:09:23.863528,13491,0.0000,0.0000,0.0000,-0.5000
2026-05-25T21:09:23.963499,13492,0.0000,0.0000,0.0000,-0.5000
2026-05-25T21:09:24.063607,13493,0.0000,0.0000,0.0000,-0.5000
2026-05-25T21:09:24.163802,13494,0.0000,0.0000,0.0000,-0.5000
2026-05-25T21:09:24.383098,13495,0.0000,0.0000,0.0000,-0.5000
2026-05-25T21:09:24.482729,13496,0.0000,0.0000,0.0000,-0.5000
2026-05-25T21:09:24.582873,13497,0.0000,0.0000,0.0000,-0.5000
2026-05-25T21:09:24.682913,13498,0.0000,0.0000,0.0000,-0.5000
2026-05-25T21:09:24.783114,13499,-0.2000,0.0000,0.0000,-0.5000
2026-05-25T21:09:24.883250,13500,-0.2000,0.0000,0.0000,-0.5000
2026-05-25T21:09:24.983365,13501,-0.2000,0.0000,0.0000,-0.5000
2026-05-25T21:09:25.083452,13502,-0.2000,0.0000,0.0000,-0.5000
2026-05-25T21:09:25.183506,13503,-0.2000,0.0000,0.0000,-0.5000
2026-05-25T21:09:25.392673,13504,-0.2000,0.0000,0.0000,-0.5000
2026-05-25T21:09:25.492742,13505,-0.2000,0.0000,0.0000,-0.5000
2026-05-25T21:09:25.592921,13506,-0.2000,0.0000,0.0000,-0.5000
2026-05-25T21:09:25.693008,13507,-0.2000,0.0000,0.0000,-0.5000
2026-05-25T21:09:25.793120,13508,-0.2000,0.0000,0.0000,-0.5000
2026-05-25T21:09:25.893290,13509,-0.2000,0.0000,0.0000,-0.5000
2026-05-25T21:09:25.993309,13510,-0.2000,0.0000,0.0000,-0.5000
2026-05-25T21:09:26.094917,13511,-0.2000,0.0000,0.0000,-0.5000
2026-05-25T21:09:26.195087,13512,-0.2000,0.0000,0.0000,-0.5000
2026-05-25T21:09:26.402850,13513,-0.2000,0.0000,0.0000,-0.5000
2026-05-25T21:09:26.502997,13514,-0.2000,0.0000,0.0000,-0.5000
2026-05-25T21:09:26.603315,13515,-0.2000,0.0000,0.0000,-0.5000
2026-05-25T21:09:26.703261,13516,-0.2000,0.0000,0.0000,-0.5000
2026-05-25T21:09:26.803287,13517,-0.2000,0.0000,0.0000,-0.5000
2026-05-25T21:09:26.903417,13518,-0.2000,0.0000,0.0000,-0.5000
2026-05-25T21:09:27.003598,13519,-0.2000,0.0000,0.0000,-0.5000
2026-05-25T21:09:27.103661,13520,-0.2000,0.0000,0.0000,-0.5000
2026-05-25T21:09:27.203838,13521,-0.2000,0.0000,0.0000,-0.5000
2026-05-25T21:09:27.303937,13522,-0.2000,0.0000,0.0000,-0.5000
2026-05-25T21:09:27.404077,13523,-0.2000,0.0000,0.0000,-0.5000
2026-05-25T21:09:27.622643,13524,-0.2000,0.0000,0.0000,-0.5000
2026-05-25T21:09:27.722748,13525,-0.2000,0.0000,0.0000,-0.5000
2026-05-25T21:09:27.822894,13526,-0.2000,0.0000,0.0000,-0.5000
2026-05-25T21:09:27.923026,13527,-0.2000,0.0000,0.0000,-0.5000
2026-05-25T21:09:28.023125,13528,-0.2000,0.0000,0.0000,-0.5000
2026-05-25T21:09:28.123250,13529,0.0000,0.0000,0.0000,0.5000
2026-05-25T21:09:28.223329,13530,0.0000,0.0000,0.0000,0.5000
2026-05-25T21:09:28.323458,13531,0.0000,0.0000,0.0000,0.5000
2026-05-25T21:09:28.423574,13532,0.0000,0.0000,0.0000,0.5000
2026-05-25T21:09:28.524322,13533,0.0000,0.0000,0.0000,0.5000
2026-05-25T21:09:28.624449,13534,0.0000,0.0000,0.0000,0.5000
2026-05-25T21:09:28.798678,13535,0.0000,0.0000,0.0000,0.5000
2026-05-25T21:09:28.898792,13536,0.0000,0.0000,0.0000,0.5000
2026-05-25T21:09:28.998930,13537,0.0000,0.0000,0.0000,0.5000
2026-05-25T21:09:29.099027,13538,0.0000,0.0000,0.0000,0.5000
2026-05-25T21:09:29.199163,13539,0.0000,0.0000,0.0000,0.5000
2026-05-25T21:09:29.299326,13540,0.0000,0.0000,0.0000,0.5000
2026-05-25T21:09:29.399296,13541,0.0000,0.0000,0.0000,0.5000
2026-05-25T21:09:29.499468,13542,0.0000,0.0000,0.0000,0.5000
2026-05-25T21:09:29.599591,13543,0.0000,0.0000,0.0000,0.5000
2026-05-25T21:09:29.872712,13544,0.0000,0.0000,0.0000,0.5000
2026-05-25T21:09:29.972817,13545,0.0000,0.0000,0.0000,0.5000
2026-05-25T21:09:30.072938,13546,0.0000,0.0000,0.0000,0.5000
2026-05-25T21:09:30.173099,13547,0.0000,0.0000,0.0000,0.5000
2026-05-25T21:09:30.273230,13548,0.0000,0.0000,0.0000,0.5000
2026-05-25T21:09:30.373410,13549,0.0000,0.0000,0.0000,0.5000
2026-05-25T21:09:30.473513,13550,0.0000,0.0000,0.0000,0.5000
2026-05-25T21:09:30.573626,13551,0.0000,0.0000,0.0000,0.5000
2026-05-25T21:09:30.673733,13552,0.0000,0.0000,0.0000,0.5000
2026-05-25T21:09:30.882801,13553,0.0000,0.0000,0.0000,0.5000
2026-05-25T21:09:30.982914,13554,0.0000,0.0000,0.0000,0.5000
2026-05-25T21:09:31.083085,13555,0.0000,0.0000,0.0000,0.5000
2026-05-25T21:09:31.183183,13556,0.0000,0.0000,0.0000,0.5000
2026-05-25T21:09:31.283331,13557,0.0000,0.0000,0.0000,0.5000
2026-05-25T21:09:31.383503,13558,0.0000,0.0000,0.0000,0.5000
2026-05-25T21:09:31.483597,13559,0.3000,0.0000,0.0000,0.0000
2026-05-25T21:09:31.583734,13560,0.3000,0.0000,0.0000,0.0000
2026-05-25T21:09:31.683856,13561,0.3000,0.0000,0.0000,0.0000
2026-05-25T21:09:31.812992,13562,0.3000,0.0000,0.0000,0.0000
2026-05-25T21:09:31.913100,13563,0.3000,0.0000,0.0000,0.0000
2026-05-25T21:09:32.013219,13564,0.3000,0.0000,0.0000,0.0000
2026-05-25T21:09:32.113343,13565,0.3000,0.0000,0.0000,0.0000
2026-05-25T21:09:32.213445,13566,0.3000,0.0000,0.0000,0.0000
2026-05-25T21:09:32.430240,13567,0.3000,0.0000,0.0000,0.0000
2026-05-25T21:09:32.532310,13568,0.3000,0.0000,0.0000,0.0000
2026-05-25T21:09:32.632474,13569,0.3000,0.0000,0.0000,0.0000
2026-05-25T21:09:32.732621,13570,0.3000,0.0000,0.0000,0.0000
2026-05-25T21:09:32.832732,13571,0.3000,0.0000,0.0000,0.0000
2026-05-25T21:09:32.932886,13572,0.3000,0.0000,0.0000,0.0000
2026-05-25T21:09:33.032994,13573,0.3000,0.0000,0.0000,0.0000
2026-05-25T21:09:33.133129,13574,0.3000,0.0000,0.0000,0.0000
2026-05-25T21:09:33.233507,13575,0.3000,0.0000,0.0000,0.0000
2026-05-25T21:09:33.376061,13576,0.3000,0.0000,0.0000,0.0000
2026-05-25T21:09:33.512897,13577,0.3000,0.0000,0.0000,0.0000
2026-05-25T21:09:33.613003,13578,0.3000,0.0000,0.0000,0.0000
2026-05-25T21:09:33.713137,13579,0.3000,0.0000,0.0000,0.0000
2026-05-25T21:09:33.813278,13580,0.3000,0.0000,0.0000,0.0000
2026-05-25T21:09:33.914421,13581,0.3000,0.0000,0.0000,0.0000
2026-05-25T21:09:34.020059,13582,0.3000,0.0000,0.0000,0.0000
2026-05-25T21:09:34.123453,13583,0.3000,0.0000,0.0000,0.0000
2026-05-25T21:09:34.223471,13584,0.3000,0.0000,0.0000,0.0000
2026-05-25T21:09:34.323544,13585,0.3000,0.0000,0.0000,0.0000
2026-05-25T21:09:34.423716,13586,0.3000,0.0000,0.0000,0.0000
2026-05-25T21:09:34.732700,13587,0.3000,0.0000,0.0000,0.0000
2026-05-25T21:09:34.832974,13588,0.3000,0.0000,0.0000,0.0000
2026-05-25T21:09:34.933117,13589,0.0000,0.0000,0.0000,-0.5000
2026-05-25T21:09:35.033108,13590,0.0000,0.0000,0.0000,-0.5000
2026-05-25T21:09:35.133210,13591,0.0000,0.0000,0.0000,-0.5000
2026-05-25T21:09:35.233332,13592,0.0000,0.0000,0.0000,-0.5000
2026-05-25T21:09:35.333436,13593,0.0000,0.0000,0.0000,-0.5000
2026-05-25T21:09:35.433521,13594,0.0000,0.0000,0.0000,-0.5000
2026-05-25T21:09:35.533770,13595,0.0000,0.0000,0.0000,-0.5000
2026-05-25T21:09:35.634253,13596,0.0000,0.0000,0.0000,-0.5000
2026-05-25T21:09:35.734035,13597,0.0000,0.0000,0.0000,-0.5000
2026-05-25T21:09:35.834128,13598,0.0000,0.0000,0.0000,-0.5000
2026-05-25T21:09:35.934243,13599,0.0000,0.0000,0.0000,-0.5000
2026-05-25T21:09:36.232886,13600,0.0000,0.0000,0.0000,-0.5000
2026-05-25T21:09:36.332956,13601,0.0000,0.0000,0.0000,-0.5000
2026-05-25T21:09:36.432981,13602,0.0000,0.0000,0.0000,-0.5000
2026-05-25T21:09:36.533372,13603,0.0000,0.0000,0.0000,-0.5000
2026-05-25T21:09:36.633599,13604,0.0000,0.0000,0.0000,-0.5000
2026-05-25T21:09:36.733791,13605,0.0000,0.0000,0.0000,-0.5000
2026-05-25T21:09:36.834477,13606,0.0000,0.0000,0.0000,-0.5000
2026-05-25T21:09:36.934036,13607,0.0000,0.0000,0.0000,-0.5000
2026-05-25T21:09:37.034419,13608,0.0000,0.0000,0.0000,-0.5000
2026-05-25T21:09:37.134289,13609,0.0000,0.0000,0.0000,-0.5000
2026-05-25T21:09:37.234579,13610,0.0000,0.0000,0.0000,-0.5000
2026-05-25T21:09:37.452730,13611,0.0000,0.0000,0.0000,-0.5000
2026-05-25T21:09:37.552884,13612,0.0000,0.0000,0.0000,-0.5000
2026-05-25T21:09:37.653035,13613,0.0000,0.0000,0.0000,-0.5000
2026-05-25T21:09:37.753160,13614,0.0000,0.0000,0.0000,-0.5000
2026-05-25T21:09:37.853325,13615,0.0000,0.0000,0.0000,-0.5000
2026-05-25T21:09:37.953318,13616,0.0000,0.0000,0.0000,-0.5000
2026-05-25T21:09:38.053645,13617,0.0000,0.0000,0.0000,-0.5000
2026-05-25T21:09:38.153608,13618,0.0000,0.0000,0.0000,-0.5000
2026-05-25T21:09:38.254340,13619,-0.2000,0.0000,0.0000,-0.5000
2026-05-25T21:09:38.354644,13620,-0.2000,0.0000,0.0000,-0.5000
2026-05-25T21:09:38.454641,13621,-0.2000,0.0000,0.0000,-0.5000
2026-05-25T21:09:38.752826,13622,-0.2000,0.0000,0.0000,-0.5000
2026-05-25T21:09:38.852944,13623,-0.2000,0.0000,0.0000,-0.5000
2026-05-25T21:09:38.953063,13624,-0.2000,0.0000,0.0000,-0.5000
2026-05-25T21:09:39.053479,13625,-0.2000,0.0000,0.0000,-0.5000
2026-05-25T21:09:39.153339,13626,-0.2000,0.0000,0.0000,-0.5000
2026-05-25T21:09:39.253523,13627,-0.2000,0.0000,0.0000,-0.5000
2026-05-25T21:09:39.354278,13628,-0.2000,0.0000,0.0000,-0.5000
2026-05-25T21:09:39.455057,13629,-0.2000,0.0000,0.0000,-0.5000
2026-05-25T21:09:39.555157,13630,-0.2000,0.0000,0.0000,-0.5000
2026-05-25T21:09:39.655242,13631,-0.2000,0.0000,0.0000,-0.5000
2026-05-25T21:09:39.755327,13632,-0.2000,0.0000,0.0000,-0.5000
2026-05-25T21:09:39.982874,13633,-0.2000,0.0000,0.0000,-0.5000
2026-05-25T21:09:40.083027,13634,-0.2000,0.0000,0.0000,-0.5000
2026-05-25T21:09:40.183104,13635,-0.2000,0.0000,0.0000,-0.5000
2026-05-25T21:09:40.283216,13636,-0.2000,0.0000,0.0000,-0.5000
2026-05-25T21:09:40.383323,13637,-0.2000,0.0000,0.0000,-0.5000
2026-05-25T21:09:40.483457,13638,-0.2000,0.0000,0.0000,-0.5000
2026-05-25T21:09:40.583893,13639,-0.2000,0.0000,0.0000,-0.5000
2026-05-25T21:09:40.683998,13640,-0.2000,0.0000,0.0000,-0.5000
2026-05-25T21:09:40.784673,13641,-0.2000,0.0000,0.0000,-0.5000
2026-05-25T21:09:40.884787,13642,-0.2000,0.0000,0.0000,-0.5000
2026-05-25T21:09:40.984939,13643,-0.2000,0.0000,0.0000,-0.5000
2026-05-25T21:09:41.204748,13644,-0.2000,0.0000,0.0000,-0.5000
2026-05-25T21:09:41.304643,13645,-0.2000,0.0000,0.0000,-0.5000
2026-05-25T21:09:41.404810,13646,-0.2000,0.0000,0.0000,-0.5000
2026-05-25T21:09:41.504940,13647,-0.2000,0.0000,0.0000,-0.5000
2026-05-25T21:09:41.605314,13648,-0.2000,0.0000,0.0000,-0.5000
2026-05-25T21:09:41.705160,13649,0.0000,0.0000,0.0000,0.5000
2026-05-25T21:09:41.805815,13650,0.0000,0.0000,0.0000,0.5000
2026-05-25T21:09:41.905419,13651,0.0000,0.0000,0.0000,0.5000
2026-05-25T21:09:42.005568,13652,0.0000,0.0000,0.0000,0.5000
2026-05-25T21:09:42.105689,13653,0.0000,0.0000,0.0000,0.5000
2026-05-25T21:09:42.205866,13654,0.0000,0.0000,0.0000,0.5000
2026-05-25T21:09:42.463092,13655,0.0000,0.0000,0.0000,0.5000
2026-05-25T21:09:42.563129,13656,0.0000,0.0000,0.0000,0.5000
2026-05-25T21:09:42.663243,13657,0.0000,0.0000,0.0000,0.5000
2026-05-25T21:09:42.764340,13658,0.0000,0.0000,0.0000,0.5000
2026-05-25T21:09:42.865259,13659,0.0000,0.0000,0.0000,0.5000
2026-05-25T21:09:42.965436,13660,0.0000,0.0000,0.0000,0.5000
2026-05-25T21:09:43.065624,13661,0.0000,0.0000,0.0000,0.5000
2026-05-25T21:09:43.165779,13662,0.0000,0.0000,0.0000,0.5000
2026-05-25T21:09:43.265894,13663,0.0000,0.0000,0.0000,0.5000
2026-05-25T21:09:43.366052,13664,0.0000,0.0000,0.0000,0.5000
2026-05-25T21:09:43.466180,13665,0.0000,0.0000,0.0000,0.5000
2026-05-25T21:09:43.682911,13666,0.0000,0.0000,0.0000,0.5000
2026-05-25T21:09:43.783001,13667,0.0000,0.0000,0.0000,0.5000
2026-05-25T21:09:43.884237,13668,0.0000,0.0000,0.0000,0.5000
2026-05-25T21:09:43.984858,13669,0.0000,0.0000,0.0000,0.5000
2026-05-25T21:09:44.085391,13670,0.0000,0.0000,0.0000,0.5000
2026-05-25T21:09:44.185360,13671,0.0000,0.0000,0.0000,0.5000
2026-05-25T21:09:44.285431,13672,0.0000,0.0000,0.0000,0.5000
2026-05-25T21:09:44.388331,13673,0.0000,0.0000,0.0000,0.5000
2026-05-25T21:09:44.488511,13674,0.0000,0.0000,0.0000,0.5000
2026-05-25T21:09:44.693011,13675,0.0000,0.0000,0.0000,0.5000
2026-05-25T21:09:44.793046,13676,0.0000,0.0000,0.0000,0.5000
2026-05-25T21:09:44.893448,13677,0.0000,0.0000,0.0000,0.5000
2026-05-25T21:09:44.993531,13678,0.0000,0.0000,0.0000,0.5000
2026-05-25T21:09:45.094219,13679,0.3000,0.0000,0.0000,0.0000
2026-05-25T21:09:45.194712,13680,0.3000,0.0000,0.0000,0.0000
2026-05-25T21:09:45.294518,13681,0.3000,0.0000,0.0000,0.0000
2026-05-25T21:09:45.396389,13682,0.3000,0.0000,0.0000,0.0000
2026-05-25T21:09:45.496463,13683,0.3000,0.0000,0.0000,0.0000
2026-05-25T21:09:45.713138,13684,0.3000,0.0000,0.0000,0.0000
2026-05-25T21:09:45.813266,13685,0.3000,0.0000,0.0000,0.0000
2026-05-25T21:09:45.913416,13686,0.3000,0.0000,0.0000,0.0000
2026-05-25T21:09:46.013832,13687,0.3000,0.0000,0.0000,0.0000
2026-05-25T21:09:46.114949,13688,0.3000,0.0000,0.0000,0.0000
2026-05-25T21:09:46.213915,13689,0.3000,0.0000,0.0000,0.0000
2026-05-25T21:09:46.314314,13690,0.3000,0.0000,0.0000,0.0000
2026-05-25T21:09:46.414249,13691,0.3000,0.0000,0.0000,0.0000
2026-05-25T21:09:46.514625,13692,0.3000,0.0000,0.0000,0.0000
2026-05-25T21:09:46.723167,13693,0.3000,0.0000,0.0000,0.0000
2026-05-25T21:09:46.823422,13694,0.3000,0.0000,0.0000,0.0000
2026-05-25T21:09:46.923508,13695,0.3000,0.0000,0.0000,0.0000
2026-05-25T21:09:47.024384,13696,0.3000,0.0000,0.0000,0.0000
2026-05-25T21:09:47.123973,13697,0.3000,0.0000,0.0000,0.0000
2026-05-25T21:09:47.225103,13698,0.3000,0.0000,0.0000,0.0000
2026-05-25T21:09:47.324210,13699,0.3000,0.0000,0.0000,0.0000
2026-05-25T21:09:47.424315,13700,0.3000,0.0000,0.0000,0.0000
2026-05-25T21:09:47.524445,13701,0.3000,0.0000,0.0000,0.0000
2026-05-25T21:09:47.624934,13702,0.3000,0.0000,0.0000,0.0000
2026-05-25T21:09:47.724948,13703,0.3000,0.0000,0.0000,0.0000
2026-05-25T21:09:47.933137,13704,0.3000,0.0000,0.0000,0.0000
2026-05-25T21:09:48.033096,13705,0.3000,0.0000,0.0000,0.0000
2026-05-25T21:09:48.133322,13706,0.3000,0.0000,0.0000,0.0000
2026-05-25T21:09:48.233520,13707,0.3000,0.0000,0.0000,0.0000
2026-05-25T21:09:48.334077,13708,0.3000,0.0000,0.0000,0.0000
2026-05-25T21:09:48.433868,13709,0.0000,0.0000,0.0000,-0.5000
2026-05-25T21:09:48.534782,13710,0.0000,0.0000,0.0000,-0.5000
2026-05-25T21:09:48.633974,13711,0.0000,0.0000,0.0000,-0.5000
2026-05-25T21:09:48.734492,13712,0.0000,0.0000,0.0000,-0.5000
2026-05-25T21:09:48.834543,13713,0.0000,0.0000,0.0000,-0.5000
2026-05-25T21:09:48.934679,13714,0.0000,0.0000,0.0000,-0.5000
2026-05-25T21:09:49.163188,13715,0.0000,0.0000,0.0000,-0.5000
2026-05-25T21:09:49.264252,13716,0.0000,0.0000,0.0000,-0.5000
2026-05-25T21:09:49.363345,13717,0.0000,0.0000,0.0000,-0.5000
2026-05-25T21:09:49.464208,13718,0.0000,0.0000,0.0000,-0.5000
2026-05-25T21:09:49.564028,13719,0.0000,0.0000,0.0000,-0.5000
2026-05-25T21:09:49.665329,13720,0.0000,0.0000,0.0000,-0.5000
2026-05-25T21:09:49.765429,13721,0.0000,0.0000,0.0000,-0.5000
2026-05-25T21:09:49.865558,13722,0.0000,0.0000,0.0000,-0.5000
2026-05-25T21:09:49.965910,13723,0.0000,0.0000,0.0000,-0.5000
2026-05-25T21:09:50.182957,13724,0.0000,0.0000,0.0000,-0.5000
2026-05-25T21:09:50.283834,13725,0.0000,0.0000,0.0000,-0.5000
2026-05-25T21:09:50.383937,13726,0.0000,0.0000,0.0000,-0.5000
2026-05-25T21:09:50.484103,13727,0.0000,0.0000,0.0000,-0.5000
2026-05-25T21:09:50.584214,13728,0.0000,0.0000,0.0000,-0.5000
2026-05-25T21:09:50.684316,13729,0.0000,0.0000,0.0000,-0.5000
2026-05-25T21:09:50.784734,13730,0.0000,0.0000,0.0000,-0.5000
2026-05-25T21:09:50.884834,13731,0.0000,0.0000,0.0000,-0.5000
2026-05-25T21:09:50.984968,13732,0.0000,0.0000,0.0000,-0.5000
2026-05-25T21:09:51.085070,13733,0.0000,0.0000,0.0000,-0.5000
2026-05-25T21:09:51.186511,13734,0.0000,0.0000,0.0000,-0.5000
2026-05-25T21:09:51.286691,13735,0.0000,0.0000,0.0000,-0.5000
2026-05-25T21:09:51.386738,13736,0.0000,0.0000,0.0000,-0.5000
2026-05-25T21:09:51.603324,13737,0.0000,0.0000,0.0000,-0.5000
2026-05-25T21:09:51.703165,13738,0.0000,0.0000,0.0000,-0.5000
2026-05-25T21:09:51.803320,13739,-0.2000,0.0000,0.0000,-0.5000
2026-05-25T21:09:51.903465,13740,-0.2000,0.0000,0.0000,-0.5000
2026-05-25T21:09:52.003644,13741,-0.2000,0.0000,0.0000,-0.5000
2026-05-25T21:09:52.103717,13742,-0.2000,0.0000,0.0000,-0.5000
2026-05-25T21:09:52.204834,13743,-0.2000,0.0000,0.0000,-0.5000
2026-05-25T21:09:52.304979,13744,-0.2000,0.0000,0.0000,-0.5000
2026-05-25T21:09:52.405078,13745,-0.2000,0.0000,0.0000,-0.5000
2026-05-25T21:09:52.505320,13746,-0.2000,0.0000,0.0000,-0.5000
2026-05-25T21:09:52.605322,13747,-0.2000,0.0000,0.0000,-0.5000
2026-05-25T21:09:52.823959,13748,-0.2000,0.0000,0.0000,-0.5000
2026-05-25T21:09:52.923144,13749,-0.2000,0.0000,0.0000,-0.5000
2026-05-25T21:09:53.023716,13750,-0.2000,0.0000,0.0000,-0.5000
2026-05-25T21:09:53.123359,13751,-0.2000,0.0000,0.0000,-0.5000
2026-05-25T21:09:53.223494,13752,-0.2000,0.0000,0.0000,-0.5000
2026-05-25T21:09:53.323578,13753,-0.2000,0.0000,0.0000,-0.5000
2026-05-25T21:09:53.423760,13754,-0.2000,0.0000,0.0000,-0.5000
2026-05-25T21:09:53.525321,13755,-0.2000,0.0000,0.0000,-0.5000
2026-05-25T21:09:53.625454,13756,-0.2000,0.0000,0.0000,-0.5000
2026-05-25T21:09:53.833063,13757,-0.2000,0.0000,0.0000,-0.5000
2026-05-25T21:09:53.933185,13758,-0.2000,0.0000,0.0000,-0.5000
2026-05-25T21:09:54.035346,13759,-0.2000,0.0000,0.0000,-0.5000
2026-05-25T21:09:54.135474,13760,-0.2000,0.0000,0.0000,-0.5000
2026-05-25T21:09:54.235818,13761,-0.2000,0.0000,0.0000,-0.5000
2026-05-25T21:09:54.335720,13762,-0.2000,0.0000,0.0000,-0.5000
2026-05-25T21:09:54.436109,13763,-0.2000,0.0000,0.0000,-0.5000
2026-05-25T21:09:54.536229,13764,-0.2000,0.0000,0.0000,-0.5000
2026-05-25T21:09:54.636691,13765,-0.2000,0.0000,0.0000,-0.5000
2026-05-25T21:09:54.803346,13766,-0.2000,0.0000,0.0000,-0.5000
2026-05-25T21:09:54.903502,13767,-0.2000,0.0000,0.0000,-0.5000
2026-05-25T21:09:55.003595,13768,-0.2000,0.0000,0.0000,-0.5000
2026-05-25T21:09:55.103838,13769,0.0000,0.0000,0.0000,0.5000
2026-05-25T21:09:55.203984,13770,0.0000,0.0000,0.0000,0.5000
2026-05-25T21:09:55.304105,13771,0.0000,0.0000,0.0000,0.5000
2026-05-25T21:09:55.408154,13772,0.0000,0.0000,0.0000,0.5000
2026-05-25T21:09:55.523060,13773,0.0000,0.0000,0.0000,0.5000
2026-05-25T21:09:55.664398,13774,0.0000,0.0000,0.0000,0.5000
2026-05-25T21:09:55.764592,13775,0.0000,0.0000,0.0000,0.5000
2026-05-25T21:09:55.865339,13776,0.0000,0.0000,0.0000,0.5000
2026-05-25T21:09:55.965451,13777,0.0000,0.0000,0.0000,0.5000
2026-05-25T21:09:56.065536,13778,0.0000,0.0000,0.0000,0.5000
2026-05-25T21:09:56.165706,13779,0.0000,0.0000,0.0000,0.5000
2026-05-25T21:09:56.265846,13780,0.0000,0.0000,0.0000,0.5000
2026-05-25T21:09:56.365987,13781,0.0000,0.0000,0.0000,0.5000
2026-05-25T21:09:56.466092,13782,0.0000,0.0000,0.0000,0.5000
2026-05-25T21:09:56.566322,13783,0.0000,0.0000,0.0000,0.5000
2026-05-25T21:09:56.666301,13784,0.0000,0.0000,0.0000,0.5000
2026-05-25T21:09:56.873127,13785,0.0000,0.0000,0.0000,0.5000
2026-05-25T21:09:56.973218,13786,0.0000,0.0000,0.0000,0.5000
2026-05-25T21:09:57.073294,13787,0.0000,0.0000,0.0000,0.5000
2026-05-25T21:09:57.173343,13788,0.0000,0.0000,0.0000,0.5000
2026-05-25T21:09:57.273468,13789,0.0000,0.0000,0.0000,0.5000
2026-05-25T21:09:57.373612,13790,0.0000,0.0000,0.0000,0.5000
2026-05-25T21:09:57.473736,13791,0.0000,0.0000,0.0000,0.5000
2026-05-25T21:09:57.573862,13792,0.0000,0.0000,0.0000,0.5000
2026-05-25T21:09:57.674050,13793,0.0000,0.0000,0.0000,0.5000
2026-05-25T21:09:57.883181,13794,0.0000,0.0000,0.0000,0.5000
2026-05-25T21:09:57.983273,13795,0.0000,0.0000,0.0000,0.5000
2026-05-25T21:09:58.083393,13796,0.0000,0.0000,0.0000,0.5000
2026-05-25T21:09:58.183547,13797,0.0000,0.0000,0.0000,0.5000
2026-05-25T21:09:58.283605,13798,0.0000,0.0000,0.0000,0.5000
2026-05-25T21:09:58.383830,13799,0.3000,0.0000,0.0000,0.0000
2026-05-25T21:09:58.483931,13800,0.3000,0.0000,0.0000,0.0000
2026-05-25T21:09:58.584047,13801,0.3000,0.0000,0.0000,0.0000
2026-05-25T21:09:58.684154,13802,0.3000,0.0000,0.0000,0.0000
2026-05-25T21:09:58.784282,13803,0.3000,0.0000,0.0000,0.0000
2026-05-25T21:09:58.884376,13804,0.3000,0.0000,0.0000,0.0000
2026-05-25T21:09:59.103225,13805,0.3000,0.0000,0.0000,0.0000
2026-05-25T21:09:59.203329,13806,0.3000,0.0000,0.0000,0.0000
2026-05-25T21:09:59.303875,13807,0.3000,0.0000,0.0000,0.0000
2026-05-25T21:09:59.403959,13808,0.3000,0.0000,0.0000,0.0000
2026-05-25T21:09:59.504092,13809,0.3000,0.0000,0.0000,0.0000
2026-05-25T21:09:59.604124,13810,0.3000,0.0000,0.0000,0.0000
2026-05-25T21:09:59.704321,13811,0.3000,0.0000,0.0000,0.0000
2026-05-25T21:09:59.804457,13812,0.3000,0.0000,0.0000,0.0000
2026-05-25T21:09:59.904700,13813,0.3000,0.0000,0.0000,0.0000
2026-05-25T21:10:00.113331,13814,0.3000,0.0000,0.0000,0.0000
2026-05-25T21:10:00.213319,13815,0.3000,0.0000,0.0000,0.0000
2026-05-25T21:10:00.313378,13816,0.3000,0.0000,0.0000,0.0000
2026-05-25T21:10:00.413556,13817,0.3000,0.0000,0.0000,0.0000
2026-05-25T21:10:00.514338,13818,0.3000,0.0000,0.0000,0.0000
2026-05-25T21:10:00.614479,13819,0.3000,0.0000,0.0000,0.0000
2026-05-25T21:10:00.714635,13820,0.3000,0.0000,0.0000,0.0000
2026-05-25T21:10:00.814780,13821,0.3000,0.0000,0.0000,0.0000
2026-05-25T21:10:00.915309,13822,0.3000,0.0000,0.0000,0.0000
2026-05-25T21:10:01.135366,13823,0.3000,0.0000,0.0000,0.0000
2026-05-25T21:10:01.235497,13824,0.3000,0.0000,0.0000,0.0000
2026-05-25T21:10:01.335958,13825,0.3000,0.0000,0.0000,0.0000
2026-05-25T21:10:01.436106,13826,0.3000,0.0000,0.0000,0.0000
2026-05-25T21:10:01.536136,13827,0.3000,0.0000,0.0000,0.0000
2026-05-25T21:10:01.636302,13828,0.3000,0.0000,0.0000,0.0000
2026-05-25T21:10:01.736318,13829,0.0000,0.0000,0.0000,-0.5000
2026-05-25T21:10:01.836464,13830,0.0000,0.0000,0.0000,-0.5000
2026-05-25T21:10:01.936661,13831,0.0000,0.0000,0.0000,-0.5000
2026-05-25T21:10:02.036752,13832,0.0000,0.0000,0.0000,-0.5000
2026-05-25T21:10:02.136903,13833,0.0000,0.0000,0.0000,-0.5000
2026-05-25T21:10:02.237024,13834,0.0000,0.0000,0.0000,-0.5000
2026-05-25T21:10:02.337128,13835,0.0000,0.0000,0.0000,-0.5000
2026-05-25T21:10:02.437540,13836,0.0000,0.0000,0.0000,-0.5000
2026-05-25T21:10:02.583308,13837,0.0000,0.0000,0.0000,-0.5000
2026-05-25T21:10:02.683334,13838,0.0000,0.0000,0.0000,-0.5000
2026-05-25T21:10:02.783472,13839,0.0000,0.0000,0.0000,-0.5000
2026-05-25T21:10:02.883651,13840,0.0000,0.0000,0.0000,-0.5000
2026-05-25T21:10:02.983944,13841,0.0000,0.0000,0.0000,-0.5000
2026-05-25T21:10:03.086181,13842,0.0000,0.0000,0.0000,-0.5000
2026-05-25T21:10:03.186342,13843,0.0000,0.0000,0.0000,-0.5000
2026-05-25T21:10:03.286447,13844,0.0000,0.0000,0.0000,-0.5000
2026-05-25T21:10:03.386660,13845,0.0000,0.0000,0.0000,-0.5000
2026-05-25T21:10:03.486758,13846,0.0000,0.0000,0.0000,-0.5000
2026-05-25T21:10:03.587868,13847,0.0000,0.0000,0.0000,-0.5000
2026-05-25T21:10:03.833394,13848,0.0000,0.0000,0.0000,-0.5000
2026-05-25T21:10:03.933502,13849,0.0000,0.0000,0.0000,-0.5000
2026-05-25T21:10:04.033615,13850,0.0000,0.0000,0.0000,-0.5000
2026-05-25T21:10:04.133744,13851,0.0000,0.0000,0.0000,-0.5000
2026-05-25T21:10:04.234572,13852,0.0000,0.0000,0.0000,-0.5000
2026-05-25T21:10:04.336145,13853,0.0000,0.0000,0.0000,-0.5000
2026-05-25T21:10:04.435447,13854,0.0000,0.0000,0.0000,-0.5000
2026-05-25T21:10:04.535920,13855,0.0000,0.0000,0.0000,-0.5000
2026-05-25T21:10:04.635213,13856,0.0000,0.0000,0.0000,-0.5000
2026-05-25T21:10:04.738115,13857,0.0000,0.0000,0.0000,-0.5000
2026-05-25T21:10:04.837805,13858,0.0000,0.0000,0.0000,-0.5000
2026-05-25T21:10:04.938307,13859,-0.2000,0.0000,0.0000,-0.5000
2026-05-25T21:10:05.038332,13860,-0.2000,0.0000,0.0000,-0.5000
2026-05-25T21:10:05.264686,13861,-0.2000,0.0000,0.0000,-0.5000
2026-05-25T21:10:05.364810,13862,-0.2000,0.0000,0.0000,-0.5000
2026-05-25T21:10:05.467306,13863,-0.2000,0.0000,0.0000,-0.5000
2026-05-25T21:10:05.567433,13864,-0.2000,0.0000,0.0000,-0.5000
2026-05-25T21:10:05.667579,13865,-0.2000,0.0000,0.0000,-0.5000
2026-05-25T21:10:05.767675,13866,-0.2000,0.0000,0.0000,-0.5000
2026-05-25T21:10:05.867904,13867,-0.2000,0.0000,0.0000,-0.5000
2026-05-25T21:10:05.968186,13868,-0.2000,0.0000,0.0000,-0.5000
2026-05-25T21:10:06.068090,13869,-0.2000,0.0000,0.0000,-0.5000
2026-05-25T21:10:06.168238,13870,-0.2000,0.0000,0.0000,-0.5000
2026-05-25T21:10:06.268317,13871,-0.2000,0.0000,0.0000,-0.5000
2026-05-25T21:10:06.483094,13872,-0.2000,0.0000,0.0000,-0.5000
2026-05-25T21:10:06.583353,13873,-0.2000,0.0000,0.0000,-0.5000
2026-05-25T21:10:06.683467,13874,-0.2000,0.0000,0.0000,-0.5000
2026-05-25T21:10:06.783612,13875,-0.2000,0.0000,0.0000,-0.5000
2026-05-25T21:10:06.887491,13876,-0.2000,0.0000,0.0000,-0.5000
2026-05-25T21:10:06.984589,13877,-0.2000,0.0000,0.0000,-0.5000
2026-05-25T21:10:07.084712,13878,-0.2000,0.0000,0.0000,-0.5000
2026-05-25T21:10:07.184858,13879,-0.2000,0.0000,0.0000,-0.5000
2026-05-25T21:10:07.287211,13880,-0.2000,0.0000,0.0000,-0.5000
2026-05-25T21:10:07.387357,13881,-0.2000,0.0000,0.0000,-0.5000
2026-05-25T21:10:07.487472,13882,-0.2000,0.0000,0.0000,-0.5000
2026-05-25T21:10:07.713291,13883,-0.2000,0.0000,0.0000,-0.5000
2026-05-25T21:10:07.813343,13884,-0.2000,0.0000,0.0000,-0.5000
2026-05-25T21:10:07.913473,13885,-0.2000,0.0000,0.0000,-0.5000
2026-05-25T21:10:08.014286,13886,-0.2000,0.0000,0.0000,-0.5000
2026-05-25T21:10:08.114337,13887,-0.2000,0.0000,0.0000,-0.5000
2026-05-25T21:10:08.214436,13888,-0.2000,0.0000,0.0000,-0.5000
2026-05-25T21:10:08.314628,13889,0.0000,0.0000,0.0000,0.5000
2026-05-25T21:10:08.414866,13890,0.0000,0.0000,0.0000,0.5000
2026-05-25T21:10:08.515038,13891,0.0000,0.0000,0.0000,0.5000
2026-05-25T21:10:08.733382,13892,0.0000,0.0000,0.0000,0.5000
2026-05-25T21:10:08.833495,13893,0.0000,0.0000,0.0000,0.5000
2026-05-25T21:10:08.934014,13894,0.0000,0.0000,0.0000,0.5000
2026-05-25T21:10:09.033931,13895,0.0000,0.0000,0.0000,0.5000
2026-05-25T21:10:09.135961,13896,0.0000,0.0000,0.0000,0.5000
2026-05-25T21:10:09.236691,13897,0.0000,0.0000,0.0000,0.5000
2026-05-25T21:10:09.336582,13898,0.0000,0.0000,0.0000,0.5000
2026-05-25T21:10:09.436712,13899,0.0000,0.0000,0.0000,0.5000
2026-05-25T21:10:09.536885,13900,0.0000,0.0000,0.0000,0.5000
2026-05-25T21:10:09.636978,13901,0.0000,0.0000,0.0000,0.5000
2026-05-25T21:10:09.737251,13902,0.0000,0.0000,0.0000,0.5000
2026-05-25T21:10:09.953341,13903,0.0000,0.0000,0.0000,0.5000
2026-05-25T21:10:10.053448,13904,0.0000,0.0000,0.0000,0.5000
2026-05-25T21:10:10.153837,13905,0.0000,0.0000,0.0000,0.5000
2026-05-25T21:10:10.254110,13906,0.0000,0.0000,0.0000,0.5000
2026-05-25T21:10:10.354180,13907,0.0000,0.0000,0.0000,0.5000
2026-05-25T21:10:10.454225,13908,0.0000,0.0000,0.0000,0.5000
2026-05-25T21:10:10.554535,13909,0.0000,0.0000,0.0000,0.5000
2026-05-25T21:10:10.654836,13910,0.0000,0.0000,0.0000,0.5000
2026-05-25T21:10:10.754805,13911,0.0000,0.0000,0.0000,0.5000
2026-05-25T21:10:10.854891,13912,0.0000,0.0000,0.0000,0.5000
2026-05-25T21:10:10.955777,13913,0.0000,0.0000,0.0000,0.5000
2026-05-25T21:10:11.173408,13914,0.0000,0.0000,0.0000,0.5000
2026-05-25T21:10:11.273987,13915,0.0000,0.0000,0.0000,0.5000
2026-05-25T21:10:11.374076,13916,0.0000,0.0000,0.0000,0.5000
2026-05-25T21:10:11.474784,13917,0.0000,0.0000,0.0000,0.5000
2026-05-25T21:10:11.574272,13918,0.0000,0.0000,0.0000,0.5000
2026-05-25T21:10:11.674364,13919,0.3000,0.0000,0.0000,0.0000
2026-05-25T21:10:11.774464,13920,0.3000,0.0000,0.0000,0.0000
2026-05-25T21:10:11.874593,13921,0.3000,0.0000,0.0000,0.0000
2026-05-25T21:10:11.974704,13922,0.3000,0.0000,0.0000,0.0000
2026-05-25T21:10:12.074829,13923,0.3000,0.0000,0.0000,0.0000
2026-05-25T21:10:12.175011,13924,0.3000,0.0000,0.0000,0.0000
2026-05-25T21:10:12.393527,13925,0.3000,0.0000,0.0000,0.0000
2026-05-25T21:10:12.493750,13926,0.3000,0.0000,0.0000,0.0000
2026-05-25T21:10:12.593641,13927,0.3000,0.0000,0.0000,0.0000
2026-05-25T21:10:12.693805,13928,0.3000,0.0000,0.0000,0.0000
2026-05-25T21:10:12.793904,13929,0.3000,0.0000,0.0000,0.0000
2026-05-25T21:10:12.894026,13930,0.3000,0.0000,0.0000,0.0000
2026-05-25T21:10:12.994154,13931,0.3000,0.0000,0.0000,0.0000
2026-05-25T21:10:13.094309,13932,0.3000,0.0000,0.0000,0.0000
2026-05-25T21:10:13.194340,13933,0.3000,0.0000,0.0000,0.0000
2026-05-25T21:10:13.403561,13934,0.3000,0.0000,0.0000,0.0000
2026-05-25T21:10:13.503573,13935,0.3000,0.0000,0.0000,0.0000
2026-05-25T21:10:13.603691,13936,0.3000,0.0000,0.0000,0.0000
2026-05-25T21:10:13.703807,13937,0.3000,0.0000,0.0000,0.0000
2026-05-25T21:10:13.803917,13938,0.3000,0.0000,0.0000,0.0000
2026-05-25T21:10:13.904031,13939,0.3000,0.0000,0.0000,0.0000
2026-05-25T21:10:14.004161,13940,0.3000,0.0000,0.0000,0.0000
2026-05-25T21:10:14.104312,13941,0.3000,0.0000,0.0000,0.0000
2026-05-25T21:10:14.204465,13942,0.3000,0.0000,0.0000,0.0000
2026-05-25T21:10:14.413456,13943,0.3000,0.0000,0.0000,0.0000
2026-05-25T21:10:14.513543,13944,0.3000,0.0000,0.0000,0.0000
2026-05-25T21:10:14.613777,13945,0.3000,0.0000,0.0000,0.0000
2026-05-25T21:10:14.713867,13946,0.3000,0.0000,0.0000,0.0000
2026-05-25T21:10:14.813932,13947,0.3000,0.0000,0.0000,0.0000
2026-05-25T21:10:14.914142,13948,0.3000,0.0000,0.0000,0.0000
2026-05-25T21:10:15.014228,13949,0.0000,0.0000,0.0000,-0.5000
2026-05-25T21:10:15.114308,13950,0.0000,0.0000,0.0000,-0.5000
2026-05-25T21:10:15.214433,13951,0.0000,0.0000,0.0000,-0.5000
2026-05-25T21:10:15.443567,13952,0.0000,0.0000,0.0000,-0.5000
2026-05-25T21:10:15.543584,13953,0.0000,0.0000,0.0000,-0.5000
2026-05-25T21:10:15.643697,13954,0.0000,0.0000,0.0000,-0.5000
2026-05-25T21:10:15.743860,13955,0.0000,0.0000,0.0000,-0.5000
2026-05-25T21:10:15.844022,13956,0.0000,0.0000,0.0000,-0.5000
2026-05-25T21:10:15.944100,13957,0.0000,0.0000,0.0000,-0.5000
2026-05-25T21:10:16.044221,13958,0.0000,0.0000,0.0000,-0.5000
2026-05-25T21:10:16.145279,13959,0.0000,0.0000,0.0000,-0.5000
2026-05-25T21:10:16.245559,13960,0.0000,0.0000,0.0000,-0.5000
2026-05-25T21:10:16.345558,13961,0.0000,0.0000,0.0000,-0.5000
2026-05-25T21:10:16.445666,13962,0.0000,0.0000,0.0000,-0.5000
2026-05-25T21:10:16.652266,13963,0.0000,0.0000,0.0000,-0.5000
2026-05-25T21:10:16.752304,13964,0.0000,0.0000,0.0000,-0.5000
2026-05-25T21:10:16.852464,13965,0.0000,0.0000,0.0000,-0.5000
2026-05-25T21:10:16.952588,13966,0.0000,0.0000,0.0000,-0.5000
2026-05-25T21:10:17.052751,13967,0.0000,0.0000,0.0000,-0.5000
2026-05-25T21:10:17.152875,13968,0.0000,0.0000,0.0000,-0.5000
2026-05-25T21:10:17.252985,13969,0.0000,0.0000,0.0000,-0.5000
2026-05-25T21:10:17.353130,13970,0.0000,0.0000,0.0000,-0.5000
2026-05-25T21:10:17.453256,13971,0.0000,0.0000,0.0000,-0.5000
2026-05-25T21:10:17.562608,13972,0.0000,0.0000,0.0000,-0.5000
2026-05-25T21:10:17.663208,13973,0.0000,0.0000,0.0000,-0.5000
2026-05-25T21:10:17.763489,13974,0.0000,0.0000,0.0000,-0.5000
2026-05-25T21:10:17.864007,13975,0.0000,0.0000,0.0000,-0.5000
2026-05-25T21:10:17.964115,13976,0.0000,0.0000,0.0000,-0.5000
2026-05-25T21:10:18.064212,13977,0.0000,0.0000,0.0000,-0.5000
2026-05-25T21:10:18.164335,13978,0.0000,0.0000,0.0000,-0.5000
2026-05-25T21:10:18.264461,13979,-0.2000,0.0000,0.0000,-0.5000
2026-05-25T21:10:18.364595,13980,-0.2000,0.0000,0.0000,-0.5000
2026-05-25T21:10:18.464726,13981,-0.2000,0.0000,0.0000,-0.5000
2026-05-25T21:10:18.683443,13982,-0.2000,0.0000,0.0000,-0.5000
2026-05-25T21:10:18.783545,13983,-0.2000,0.0000,0.0000,-0.5000
2026-05-25T21:10:18.883881,13984,-0.2000,0.0000,0.0000,-0.5000
2026-05-25T21:10:18.983803,13985,-0.2000,0.0000,0.0000,-0.5000
2026-05-25T21:10:19.083934,13986,-0.2000,0.0000,0.0000,-0.5000
2026-05-25T21:10:19.184090,13987,-0.2000,0.0000,0.0000,-0.5000
2026-05-25T21:10:19.284266,13988,-0.2000,0.0000,0.0000,-0.5000
2026-05-25T21:10:19.385058,13989,-0.2000,0.0000,0.0000,-0.5000
2026-05-25T21:10:19.484438,13990,-0.2000,0.0000,0.0000,-0.5000
2026-05-25T21:10:19.693440,13991,-0.2000,0.0000,0.0000,-0.5000
2026-05-25T21:10:19.793520,13992,-0.2000,0.0000,0.0000,-0.5000
2026-05-25T21:10:19.894413,13993,-0.2000,0.0000,0.0000,-0.5000
2026-05-25T21:10:19.993781,13994,-0.2000,0.0000,0.0000,-0.5000
2026-05-25T21:10:20.095332,13995,-0.2000,0.0000,0.0000,-0.5000
2026-05-25T21:10:20.195470,13996,-0.2000,0.0000,0.0000,-0.5000
2026-05-25T21:10:20.295580,13997,-0.2000,0.0000,0.0000,-0.5000
2026-05-25T21:10:20.395701,13998,-0.2000,0.0000,0.0000,-0.5000
2026-05-25T21:10:20.495856,13999,-0.2000,0.0000,0.0000,-0.5000
2026-05-25T21:10:20.595984,14000,-0.2000,0.0000,0.0000,-0.5000
2026-05-25T21:10:20.696157,14001,-0.2000,0.0000,0.0000,-0.5000
2026-05-25T21:10:20.913510,14002,-0.2000,0.0000,0.0000,-0.5000
2026-05-25T21:10:21.013687,14003,-0.2000,0.0000,0.0000,-0.5000
2026-05-25T21:10:21.113831,14004,-0.2000,0.0000,0.0000,-0.5000
2026-05-25T21:10:21.214063,14005,-0.2000,0.0000,0.0000,-0.5000
2026-05-25T21:10:21.314064,14006,-0.2000,0.0000,0.0000,-0.5000
2026-05-25T21:10:21.414189,14007,-0.2000,0.0000,0.0000,-0.5000
2026-05-25T21:10:21.514620,14008,-0.2000,0.0000,0.0000,-0.5000
2026-05-25T21:10:21.614816,14009,0.0000,0.0000,0.0000,0.5000
2026-05-25T21:10:21.714900,14010,0.0000,0.0000,0.0000,0.5000
2026-05-25T21:10:21.891830,14011,0.0000,0.0000,0.0000,0.5000
2026-05-25T21:10:21.991922,14012,0.0000,0.0000,0.0000,0.5000
2026-05-25T21:10:22.092048,14013,0.0000,0.0000,0.0000,0.5000
2026-05-25T21:10:22.192196,14014,0.0000,0.0000,0.0000,0.5000
2026-05-25T21:10:22.292296,14015,0.0000,0.0000,0.0000,0.5000
2026-05-25T21:10:22.392342,14016,0.0000,0.0000,0.0000,0.5000
2026-05-25T21:10:22.492474,14017,0.0000,0.0000,0.0000,0.5000
2026-05-25T21:10:22.592593,14018,0.0000,0.0000,0.0000,0.5000
2026-05-25T21:10:22.692717,14019,0.0000,0.0000,0.0000,0.5000
2026-05-25T21:10:22.793239,14020,0.0000,0.0000,0.0000,0.5000
2026-05-25T21:10:22.893332,14021,0.0000,0.0000,0.0000,0.5000
2026-05-25T21:10:23.023121,14022,0.0000,0.0000,0.0000,0.5000
2026-05-25T21:10:23.183790,14023,0.0000,0.0000,0.0000,0.5000
2026-05-25T21:10:23.283614,14024,0.0000,0.0000,0.0000,0.5000
2026-05-25T21:10:23.383802,14025,0.0000,0.0000,0.0000,0.5000
2026-05-25T21:10:23.483961,14026,0.0000,0.0000,0.0000,0.5000
2026-05-25T21:10:23.585437,14027,0.0000,0.0000,0.0000,0.5000
2026-05-25T21:10:23.685542,14028,0.0000,0.0000,0.0000,0.5000
2026-05-25T21:10:23.785689,14029,0.0000,0.0000,0.0000,0.5000
2026-05-25T21:10:23.887794,14030,0.0000,0.0000,0.0000,0.5000
2026-05-25T21:10:23.986343,14031,0.0000,0.0000,0.0000,0.5000
2026-05-25T21:10:24.086928,14032,0.0000,0.0000,0.0000,0.5000
2026-05-25T21:10:24.186191,14033,0.0000,0.0000,0.0000,0.5000
2026-05-25T21:10:24.286683,14034,0.0000,0.0000,0.0000,0.5000
2026-05-25T21:10:24.554947,14035,0.0000,0.0000,0.0000,0.5000
2026-05-25T21:10:24.555293,14036,0.0000,0.0000,0.0000,0.5000
2026-05-25T21:10:24.655740,14037,0.0000,0.0000,0.0000,0.5000
2026-05-25T21:10:24.755863,14038,0.0000,0.0000,0.0000,0.5000
2026-05-25T21:10:24.856557,14039,0.3000,0.0000,0.0000,0.0000
2026-05-25T21:10:24.959336,14040,0.3000,0.0000,0.0000,0.0000
2026-05-25T21:10:25.059479,14041,0.3000,0.0000,0.0000,0.0000
2026-05-25T21:10:25.159602,14042,0.3000,0.0000,0.0000,0.0000
2026-05-25T21:10:25.259751,14043,0.3000,0.0000,0.0000,0.0000
2026-05-25T21:10:25.359930,14044,0.3000,0.0000,0.0000,0.0000
2026-05-25T21:10:25.460633,14045,0.3000,0.0000,0.0000,0.0000
2026-05-25T21:10:25.560135,14046,0.3000,0.0000,0.0000,0.0000
2026-05-25T21:10:25.813516,14047,0.3000,0.0000,0.0000,0.0000
2026-05-25T21:10:25.913668,14048,0.3000,0.0000,0.0000,0.0000
2026-05-25T21:10:26.013777,14049,0.3000,0.0000,0.0000,0.0000
2026-05-25T21:10:26.114228,14050,0.3000,0.0000,0.0000,0.0000
2026-05-25T21:10:26.216340,14051,0.3000,0.0000,0.0000,0.0000
2026-05-25T21:10:26.316427,14052,0.3000,0.0000,0.0000,0.0000
2026-05-25T21:10:26.416560,14053,0.3000,0.0000,0.0000,0.0000
2026-05-25T21:10:26.516663,14054,0.3000,0.0000,0.0000,0.0000
2026-05-25T21:10:26.616784,14055,0.3000,0.0000,0.0000,0.0000
2026-05-25T21:10:26.716854,14056,0.3000,0.0000,0.0000,0.0000
2026-05-25T21:10:26.817035,14057,0.3000,0.0000,0.0000,0.0000
2026-05-25T21:10:27.083647,14058,0.3000,0.0000,0.0000,0.0000
2026-05-25T21:10:27.184008,14059,0.3000,0.0000,0.0000,0.0000
2026-05-25T21:10:27.284029,14060,0.3000,0.0000,0.0000,0.0000
2026-05-25T21:10:27.384136,14061,0.3000,0.0000,0.0000,0.0000
2026-05-25T21:10:27.484253,14062,0.3000,0.0000,0.0000,0.0000
2026-05-25T21:10:27.584292,14063,0.3000,0.0000,0.0000,0.0000
2026-05-25T21:10:27.684473,14064,0.3000,0.0000,0.0000,0.0000
2026-05-25T21:10:27.784572,14065,0.3000,0.0000,0.0000,0.0000
2026-05-25T21:10:27.885201,14066,0.3000,0.0000,0.0000,0.0000
2026-05-25T21:10:27.985341,14067,0.3000,0.0000,0.0000,0.0000
2026-05-25T21:10:28.085423,14068,0.3000,0.0000,0.0000,0.0000
2026-05-25T21:10:28.185863,14069,0.0000,0.0000,0.0000,-0.5000
2026-05-25T21:10:28.285964,14070,0.0000,0.0000,0.0000,-0.5000
2026-05-25T21:10:28.503523,14071,0.0000,0.0000,0.0000,-0.5000
2026-05-25T21:10:28.603627,14072,0.0000,0.0000,0.0000,-0.5000
2026-05-25T21:10:28.703727,14073,0.0000,0.0000,0.0000,-0.5000
2026-05-25T21:10:28.803882,14074,0.0000,0.0000,0.0000,-0.5000
2026-05-25T21:10:28.903996,14075,0.0000,0.0000,0.0000,-0.5000
2026-05-25T21:10:29.004143,14076,0.0000,0.0000,0.0000,-0.5000
2026-05-25T21:10:29.104250,14077,0.0000,0.0000,0.0000,-0.5000
2026-05-25T21:10:29.204343,14078,0.0000,0.0000,0.0000,-0.5000
2026-05-25T21:10:29.304473,14079,0.0000,0.0000,0.0000,-0.5000
2026-05-25T21:10:29.513605,14080,0.0000,0.0000,0.0000,-0.5000
2026-05-25T21:10:29.613715,14081,0.0000,0.0000,0.0000,-0.5000
2026-05-25T21:10:29.713835,14082,0.0000,0.0000,0.0000,-0.5000
2026-05-25T21:10:29.814022,14083,0.0000,0.0000,0.0000,-0.5000
2026-05-25T21:10:29.914161,14084,0.0000,0.0000,0.0000,-0.5000
2026-05-25T21:10:30.014270,14085,0.0000,0.0000,0.0000,-0.5000
2026-05-25T21:10:30.114357,14086,0.0000,0.0000,0.0000,-0.5000
2026-05-25T21:10:30.214480,14087,0.0000,0.0000,0.0000,-0.5000
2026-05-25T21:10:30.314631,14088,0.0000,0.0000,0.0000,-0.5000
2026-05-25T21:10:30.414797,14089,0.0000,0.0000,0.0000,-0.5000
2026-05-25T21:10:30.514919,14090,0.0000,0.0000,0.0000,-0.5000
2026-05-25T21:10:30.733622,14091,0.0000,0.0000,0.0000,-0.5000
2026-05-25T21:10:30.833743,14092,0.0000,0.0000,0.0000,-0.5000
2026-05-25T21:10:30.933902,14093,0.0000,0.0000,0.0000,-0.5000
2026-05-25T21:10:31.034015,14094,0.0000,0.0000,0.0000,-0.5000
2026-05-25T21:10:31.134644,14095,0.0000,0.0000,0.0000,-0.5000
2026-05-25T21:10:31.234308,14096,0.0000,0.0000,0.0000,-0.5000
2026-05-25T21:10:31.334457,14097,0.0000,0.0000,0.0000,-0.5000
2026-05-25T21:10:31.434590,14098,0.0000,0.0000,0.0000,-0.5000
2026-05-25T21:10:31.534719,14099,-0.2000,0.0000,0.0000,-0.5000
2026-05-25T21:10:31.743555,14100,-0.2000,0.0000,0.0000,-0.5000
2026-05-25T21:10:31.843628,14101,-0.2000,0.0000,0.0000,-0.5000
2026-05-25T21:10:31.943840,14102,-0.2000,0.0000,0.0000,-0.5000
2026-05-25T21:10:32.043932,14103,-0.2000,0.0000,0.0000,-0.5000
2026-05-25T21:10:32.144112,14104,-0.2000,0.0000,0.0000,-0.5000
2026-05-25T21:10:32.244193,14105,-0.2000,0.0000,0.0000,-0.5000
2026-05-25T21:10:32.344311,14106,-0.2000,0.0000,0.0000,-0.5000
2026-05-25T21:10:32.444448,14107,-0.2000,0.0000,0.0000,-0.5000
2026-05-25T21:10:32.544565,14108,-0.2000,0.0000,0.0000,-0.5000
2026-05-25T21:10:32.644702,14109,-0.2000,0.0000,0.0000,-0.5000
2026-05-25T21:10:32.744881,14110,-0.2000,0.0000,0.0000,-0.5000
2026-05-25T21:10:32.893965,14111,-0.2000,0.0000,0.0000,-0.5000
2026-05-25T21:10:32.994159,14112,-0.2000,0.0000,0.0000,-0.5000
2026-05-25T21:10:33.094330,14113,-0.2000,0.0000,0.0000,-0.5000
2026-05-25T21:10:33.194455,14114,-0.2000,0.0000,0.0000,-0.5000
2026-05-25T21:10:33.294508,14115,-0.2000,0.0000,0.0000,-0.5000
2026-05-25T21:10:33.395887,14116,-0.2000,0.0000,0.0000,-0.5000
2026-05-25T21:10:33.494803,14117,-0.2000,0.0000,0.0000,-0.5000
2026-05-25T21:10:33.594939,14118,-0.2000,0.0000,0.0000,-0.5000
2026-05-25T21:10:33.695405,14119,-0.2000,0.0000,0.0000,-0.5000
2026-05-25T21:10:33.795175,14120,-0.2000,0.0000,0.0000,-0.5000
2026-05-25T21:10:33.895323,14121,-0.2000,0.0000,0.0000,-0.5000
2026-05-25T21:10:34.183963,14122,-0.2000,0.0000,0.0000,-0.5000
2026-05-25T21:10:34.286378,14123,-0.2000,0.0000,0.0000,-0.5000
2026-05-25T21:10:34.386457,14124,-0.2000,0.0000,0.0000,-0.5000
2026-05-25T21:10:34.486591,14125,-0.2000,0.0000,0.0000,-0.5000
2026-05-25T21:10:34.586707,14126,-0.2000,0.0000,0.0000,-0.5000
2026-05-25T21:10:34.686851,14127,-0.2000,0.0000,0.0000,-0.5000
2026-05-25T21:10:34.786972,14128,-0.2000,0.0000,0.0000,-0.5000
2026-05-25T21:10:34.887117,14129,0.0000,0.0000,0.0000,0.5000
2026-05-25T21:10:34.987249,14130,0.0000,0.0000,0.0000,0.5000
2026-05-25T21:10:35.087323,14131,0.0000,0.0000,0.0000,0.5000
2026-05-25T21:10:35.187442,14132,0.0000,0.0000,0.0000,0.5000
2026-05-25T21:10:35.453637,14133,0.0000,0.0000,0.0000,0.5000
2026-05-25T21:10:35.553914,14134,0.0000,0.0000,0.0000,0.5000
2026-05-25T21:10:35.653896,14135,0.0000,0.0000,0.0000,0.5000
2026-05-25T21:10:35.754107,14136,0.0000,0.0000,0.0000,0.5000
2026-05-25T21:10:35.854275,14137,0.0000,0.0000,0.0000,0.5000
2026-05-25T21:10:35.954360,14138,0.0000,0.0000,0.0000,0.5000
2026-05-25T21:10:36.054437,14139,0.0000,0.0000,0.0000,0.5000
2026-05-25T21:10:36.154630,14140,0.0000,0.0000,0.0000,0.5000
2026-05-25T21:10:36.255552,14141,0.0000,0.0000,0.0000,0.5000
2026-05-25T21:10:36.355636,14142,0.0000,0.0000,0.0000,0.5000
2026-05-25T21:10:36.455805,14143,0.0000,0.0000,0.0000,0.5000
2026-05-25T21:10:36.593666,14144,0.0000,0.0000,0.0000,0.5000
2026-05-25T21:10:36.693845,14145,0.0000,0.0000,0.0000,0.5000
2026-05-25T21:10:36.794417,14146,0.0000,0.0000,0.0000,0.5000
2026-05-25T21:10:36.894497,14147,0.0000,0.0000,0.0000,0.5000
2026-05-25T21:10:36.994637,14148,0.0000,0.0000,0.0000,0.5000
2026-05-25T21:10:37.094721,14149,0.0000,0.0000,0.0000,0.5000
2026-05-25T21:10:37.194849,14150,0.0000,0.0000,0.0000,0.5000
2026-05-25T21:10:37.433819,14151,0.0000,0.0000,0.0000,0.5000
2026-05-25T21:10:37.533996,14152,0.0000,0.0000,0.0000,0.5000
2026-05-25T21:10:37.634072,14153,0.0000,0.0000,0.0000,0.5000
2026-05-25T21:10:37.734287,14154,0.0000,0.0000,0.0000,0.5000
2026-05-25T21:10:37.834281,14155,0.0000,0.0000,0.0000,0.5000
2026-05-25T21:10:37.934756,14156,0.0000,0.0000,0.0000,0.5000
2026-05-25T21:10:38.035185,14157,0.0000,0.0000,0.0000,0.5000
2026-05-25T21:10:38.136560,14158,0.0000,0.0000,0.0000,0.5000
2026-05-25T21:10:38.236690,14159,0.3000,0.0000,0.0000,0.0000
2026-05-25T21:10:38.337351,14160,0.3000,0.0000,0.0000,0.0000
2026-05-25T21:10:38.437584,14161,0.3000,0.0000,0.0000,0.0000
2026-05-25T21:10:38.693670,14162,0.3000,0.0000,0.0000,0.0000
2026-05-25T21:10:38.793794,14163,0.3000,0.0000,0.0000,0.0000
2026-05-25T21:10:38.893906,14164,0.3000,0.0000,0.0000,0.0000
2026-05-25T21:10:38.994958,14165,0.3000,0.0000,0.0000,0.0000
2026-05-25T21:10:39.095125,14166,0.3000,0.0000,0.0000,0.0000
2026-05-25T21:10:39.195271,14167,0.3000,0.0000,0.0000,0.0000
2026-05-25T21:10:39.295467,14168,0.3000,0.0000,0.0000,0.0000
2026-05-25T21:10:39.395786,14169,0.3000,0.0000,0.0000,0.0000
2026-05-25T21:10:39.495748,14170,0.3000,0.0000,0.0000,0.0000
2026-05-25T21:10:39.596410,14171,0.3000,0.0000,0.0000,0.0000
2026-05-25T21:10:39.696458,14172,0.3000,0.0000,0.0000,0.0000
2026-05-25T21:10:39.953977,14173,0.3000,0.0000,0.0000,0.0000
2026-05-25T21:10:40.054135,14174,0.3000,0.0000,0.0000,0.0000
2026-05-25T21:10:40.154190,14175,0.3000,0.0000,0.0000,0.0000
2026-05-25T21:10:40.254323,14176,0.3000,0.0000,0.0000,0.0000
2026-05-25T21:10:40.355033,14177,0.3000,0.0000,0.0000,0.0000
2026-05-25T21:10:40.455184,14178,0.3000,0.0000,0.0000,0.0000
2026-05-25T21:10:40.555283,14179,0.3000,0.0000,0.0000,0.0000
2026-05-25T21:10:40.656118,14180,0.3000,0.0000,0.0000,0.0000
2026-05-25T21:10:40.756229,14181,0.3000,0.0000,0.0000,0.0000
2026-05-25T21:10:40.856395,14182,0.3000,0.0000,0.0000,0.0000
2026-05-25T21:10:40.956444,14183,0.3000,0.0000,0.0000,0.0000
2026-05-25T21:10:41.057125,14184,0.3000,0.0000,0.0000,0.0000
2026-05-25T21:10:41.157245,14185,0.3000,0.0000,0.0000,0.0000
2026-05-25T21:10:41.383849,14186,0.3000,0.0000,0.0000,0.0000
2026-05-25T21:10:41.483996,14187,0.3000,0.0000,0.0000,0.0000
2026-05-25T21:10:41.584137,14188,0.3000,0.0000,0.0000,0.0000
2026-05-25T21:10:41.684251,14189,0.0000,0.0000,0.0000,-0.5000
2026-05-25T21:10:41.784398,14190,0.0000,0.0000,0.0000,-0.5000
2026-05-25T21:10:41.884534,14191,0.0000,0.0000,0.0000,-0.5000
2026-05-25T21:10:41.984660,14192,0.0000,0.0000,0.0000,-0.5000
2026-05-25T21:10:42.084830,14193,0.0000,0.0000,0.0000,-0.5000
2026-05-25T21:10:42.185662,14194,0.0000,0.0000,0.0000,-0.5000
2026-05-25T21:10:42.285607,14195,0.0000,0.0000,0.0000,-0.5000
2026-05-25T21:10:42.386044,14196,0.0000,0.0000,0.0000,-0.5000
2026-05-25T21:10:42.673932,14197,0.0000,0.0000,0.0000,-0.5000
2026-05-25T21:10:42.775337,14198,0.0000,0.0000,0.0000,-0.5000
2026-05-25T21:10:42.875465,14199,0.0000,0.0000,0.0000,-0.5000
2026-05-25T21:10:42.975557,14200,0.0000,0.0000,0.0000,-0.5000
2026-05-25T21:10:43.075679,14201,0.0000,0.0000,0.0000,-0.5000
2026-05-25T21:10:43.175835,14202,0.0000,0.0000,0.0000,-0.5000
2026-05-25T21:10:43.276560,14203,0.0000,0.0000,0.0000,-0.5000
2026-05-25T21:10:43.376150,14204,0.0000,0.0000,0.0000,-0.5000
2026-05-25T21:10:43.476853,14205,0.0000,0.0000,0.0000,-0.5000
2026-05-25T21:10:43.578495,14206,0.0000,0.0000,0.0000,-0.5000
2026-05-25T21:10:43.678363,14207,0.0000,0.0000,0.0000,-0.5000
2026-05-25T21:10:43.778568,14208,0.0000,0.0000,0.0000,-0.5000
2026-05-25T21:10:43.878670,14209,0.0000,0.0000,0.0000,-0.5000
2026-05-25T21:10:44.093857,14210,0.0000,0.0000,0.0000,-0.5000
2026-05-25T21:10:44.194038,14211,0.0000,0.0000,0.0000,-0.5000
2026-05-25T21:10:44.294188,14212,0.0000,0.0000,0.0000,-0.5000
2026-05-25T21:10:44.394292,14213,0.0000,0.0000,0.0000,-0.5000
2026-05-25T21:10:44.494401,14214,0.0000,0.0000,0.0000,-0.5000
2026-05-25T21:10:44.594567,14215,0.0000,0.0000,0.0000,-0.5000
2026-05-25T21:10:44.694645,14216,0.0000,0.0000,0.0000,-0.5000
2026-05-25T21:10:44.794879,14217,0.0000,0.0000,0.0000,-0.5000
2026-05-25T21:10:44.895059,14218,0.0000,0.0000,0.0000,-0.5000
2026-05-25T21:10:44.995249,14219,-0.2000,0.0000,0.0000,-0.5000
2026-05-25T21:10:45.096280,14220,-0.2000,0.0000,0.0000,-0.5000
2026-05-25T21:10:45.363833,14221,-0.2000,0.0000,0.0000,-0.5000
2026-05-25T21:10:45.463940,14222,-0.2000,0.0000,0.0000,-0.5000
2026-05-25T21:10:45.564092,14223,-0.2000,0.0000,0.0000,-0.5000
2026-05-25T21:10:45.664207,14224,-0.2000,0.0000,0.0000,-0.5000
2026-05-25T21:10:45.764508,14225,-0.2000,0.0000,0.0000,-0.5000
2026-05-25T21:10:45.864474,14226,-0.2000,0.0000,0.0000,-0.5000
2026-05-25T21:10:45.965461,14227,-0.2000,0.0000,0.0000,-0.5000
2026-05-25T21:10:46.065422,14228,-0.2000,0.0000,0.0000,-0.5000
2026-05-25T21:10:46.165568,14229,-0.2000,0.0000,0.0000,-0.5000
2026-05-25T21:10:46.265741,14230,-0.2000,0.0000,0.0000,-0.5000
2026-05-25T21:10:46.365937,14231,-0.2000,0.0000,0.0000,-0.5000
2026-05-25T21:10:46.466030,14232,-0.2000,0.0000,0.0000,-0.5000
2026-05-25T21:10:46.566268,14233,-0.2000,0.0000,0.0000,-0.5000
2026-05-25T21:10:46.734027,14234,-0.2000,0.0000,0.0000,-0.5000
2026-05-25T21:10:46.836065,14235,-0.2000,0.0000,0.0000,-0.5000
2026-05-25T21:10:46.935224,14236,-0.2000,0.0000,0.0000,-0.5000
2026-05-25T21:10:47.037117,14237,-0.2000,0.0000,0.0000,-0.5000
2026-05-25T21:10:47.136110,14238,-0.2000,0.0000,0.0000,-0.5000
2026-05-25T21:10:47.236191,14239,-0.2000,0.0000,0.0000,-0.5000
2026-05-25T21:10:47.336803,14240,-0.2000,0.0000,0.0000,-0.5000
2026-05-25T21:10:47.437024,14241,-0.2000,0.0000,0.0000,-0.5000
2026-05-25T21:10:47.536975,14242,-0.2000,0.0000,0.0000,-0.5000
2026-05-25T21:10:47.637006,14243,-0.2000,0.0000,0.0000,-0.5000
2026-05-25T21:10:47.737163,14244,-0.2000,0.0000,0.0000,-0.5000
2026-05-25T21:10:47.913847,14245,-0.2000,0.0000,0.0000,-0.5000
2026-05-25T21:10:48.013923,14246,-0.2000,0.0000,0.0000,-0.5000
2026-05-25T21:10:48.114092,14247,-0.2000,0.0000,0.0000,-0.5000
2026-05-25T21:10:48.214175,14248,-0.2000,0.0000,0.0000,-0.5000
2026-05-25T21:10:48.315317,14249,0.0000,0.0000,0.0000,0.5000
2026-05-25T21:10:48.415429,14250,0.0000,0.0000,0.0000,0.5000
2026-05-25T21:10:48.515581,14251,0.0000,0.0000,0.0000,0.5000
2026-05-25T21:10:48.615716,14252,0.0000,0.0000,0.0000,0.5000
2026-05-25T21:10:48.716598,14253,0.0000,0.0000,0.0000,0.5000
2026-05-25T21:10:48.817540,14254,0.0000,0.0000,0.0000,0.5000
2026-05-25T21:10:49.024046,14255,0.0000,0.0000,0.0000,0.5000
2026-05-25T21:10:49.123996,14256,0.0000,0.0000,0.0000,0.5000
2026-05-25T21:10:49.225245,14257,0.0000,0.0000,0.0000,0.5000
2026-05-25T21:10:49.324269,14258,0.0000,0.0000,0.0000,0.5000
2026-05-25T21:10:49.424392,14259,0.0000,0.0000,0.0000,0.5000
2026-05-25T21:10:49.524536,14260,0.0000,0.0000,0.0000,0.5000
2026-05-25T21:10:49.625346,14261,0.0000,0.0000,0.0000,0.5000
2026-05-25T21:10:49.725469,14262,0.0000,0.0000,0.0000,0.5000
2026-05-25T21:10:49.825582,14263,0.0000,0.0000,0.0000,0.5000
2026-05-25T21:10:50.043976,14264,0.0000,0.0000,0.0000,0.5000
2026-05-25T21:10:50.144058,14265,0.0000,0.0000,0.0000,0.5000
2026-05-25T21:10:50.244180,14266,0.0000,0.0000,0.0000,0.5000
2026-05-25T21:10:50.344279,14267,0.0000,0.0000,0.0000,0.5000
2026-05-25T21:10:50.444424,14268,0.0000,0.0000,0.0000,0.5000
2026-05-25T21:10:50.544556,14269,0.0000,0.0000,0.0000,0.5000
2026-05-25T21:10:50.644878,14270,0.0000,0.0000,0.0000,0.5000
2026-05-25T21:10:50.744832,14271,0.0000,0.0000,0.0000,0.5000
2026-05-25T21:10:50.844922,14272,0.0000,0.0000,0.0000,0.5000
2026-05-25T21:10:50.945069,14273,0.0000,0.0000,0.0000,0.5000
2026-05-25T21:10:51.045203,14274,0.0000,0.0000,0.0000,0.5000
2026-05-25T21:10:51.283899,14275,0.0000,0.0000,0.0000,0.5000
2026-05-25T21:10:51.383979,14276,0.0000,0.0000,0.0000,0.5000
2026-05-25T21:10:51.484108,14277,0.0000,0.0000,0.0000,0.5000
2026-05-25T21:10:51.584287,14278,0.0000,0.0000,0.0000,0.5000
2026-05-25T21:10:51.684331,14279,0.3000,0.0000,0.0000,0.0000
2026-05-25T21:10:51.784472,14280,0.3000,0.0000,0.0000,0.0000
2026-05-25T21:10:51.884573,14281,0.3000,0.0000,0.0000,0.0000
2026-05-25T21:10:51.984754,14282,0.3000,0.0000,0.0000,0.0000
2026-05-25T21:10:52.084827,14283,0.3000,0.0000,0.0000,0.0000
2026-05-25T21:10:52.184995,14284,0.3000,0.0000,0.0000,0.0000
2026-05-25T21:10:52.285124,14285,0.3000,0.0000,0.0000,0.0000
2026-05-25T21:10:52.385260,14286,0.3000,0.0000,0.0000,0.0000
2026-05-25T21:10:52.485515,14287,0.3000,0.0000,0.0000,0.0000
2026-05-25T21:10:52.704104,14288,0.3000,0.0000,0.0000,0.0000
2026-05-25T21:10:52.804199,14289,0.3000,0.0000,0.0000,0.0000
2026-05-25T21:10:52.904425,14290,0.3000,0.0000,0.0000,0.0000
2026-05-25T21:10:53.004559,14291,0.3000,0.0000,0.0000,0.0000
2026-05-25T21:10:53.104654,14292,0.3000,0.0000,0.0000,0.0000
2026-05-25T21:10:53.204820,14293,0.3000,0.0000,0.0000,0.0000
2026-05-25T21:10:53.304928,14294,0.3000,0.0000,0.0000,0.0000
2026-05-25T21:10:53.405080,14295,0.3000,0.0000,0.0000,0.0000
2026-05-25T21:10:53.505268,14296,0.3000,0.0000,0.0000,0.0000
2026-05-25T21:10:53.697835,14297,0.3000,0.0000,0.0000,0.0000
2026-05-25T21:10:53.794140,14298,0.3000,0.0000,0.0000,0.0000
2026-05-25T21:10:53.894243,14299,0.3000,0.0000,0.0000,0.0000
2026-05-25T21:10:53.994377,14300,0.3000,0.0000,0.0000,0.0000
2026-05-25T21:10:54.094466,14301,0.3000,0.0000,0.0000,0.0000
2026-05-25T21:10:54.194657,14302,0.3000,0.0000,0.0000,0.0000
2026-05-25T21:10:54.294750,14303,0.3000,0.0000,0.0000,0.0000
2026-05-25T21:10:54.394857,14304,0.3000,0.0000,0.0000,0.0000
2026-05-25T21:10:54.494999,14305,0.3000,0.0000,0.0000,0.0000
2026-05-25T21:10:54.595103,14306,0.3000,0.0000,0.0000,0.0000
2026-05-25T21:10:54.695218,14307,0.3000,0.0000,0.0000,0.0000
2026-05-25T21:10:54.964156,14308,0.3000,0.0000,0.0000,0.0000
2026-05-25T21:10:55.066313,14309,0.0000,0.0000,0.0000,-0.5000
2026-05-25T21:10:55.166476,14310,0.0000,0.0000,0.0000,-0.5000
2026-05-25T21:10:55.266568,14311,0.0000,0.0000,0.0000,-0.5000
2026-05-25T21:10:55.366690,14312,0.0000,0.0000,0.0000,-0.5000
2026-05-25T21:10:55.466833,14313,0.0000,0.0000,0.0000,-0.5000
2026-05-25T21:10:55.568326,14314,0.0000,0.0000,0.0000,-0.5000
2026-05-25T21:10:55.668500,14315,0.0000,0.0000,0.0000,-0.5000
2026-05-25T21:10:55.768614,14316,0.0000,0.0000,0.0000,-0.5000
2026-05-25T21:10:55.868731,14317,0.0000,0.0000,0.0000,-0.5000
2026-05-25T21:10:55.969311,14318,0.0000,0.0000,0.0000,-0.5000
2026-05-25T21:10:56.069414,14319,0.0000,0.0000,0.0000,-0.5000
2026-05-25T21:10:56.169591,14320,0.0000,0.0000,0.0000,-0.5000
2026-05-25T21:10:56.384113,14321,0.0000,0.0000,0.0000,-0.5000
2026-05-25T21:10:56.485473,14322,0.0000,0.0000,0.0000,-0.5000
2026-05-25T21:10:56.585643,14323,0.0000,0.0000,0.0000,-0.5000
2026-05-25T21:10:56.685794,14324,0.0000,0.0000,0.0000,-0.5000
2026-05-25T21:10:56.785871,14325,0.0000,0.0000,0.0000,-0.5000
2026-05-25T21:10:56.886060,14326,0.0000,0.0000,0.0000,-0.5000
2026-05-25T21:10:56.986194,14327,0.0000,0.0000,0.0000,-0.5000
2026-05-25T21:10:57.086314,14328,0.0000,0.0000,0.0000,-0.5000
2026-05-25T21:10:57.186311,14329,0.0000,0.0000,0.0000,-0.5000
2026-05-25T21:10:57.286469,14330,0.0000,0.0000,0.0000,-0.5000
2026-05-25T21:10:57.386614,14331,0.0000,0.0000,0.0000,-0.5000
2026-05-25T21:10:57.486734,14332,0.0000,0.0000,0.0000,-0.5000
2026-05-25T21:10:57.587196,14333,0.0000,0.0000,0.0000,-0.5000
2026-05-25T21:10:57.874357,14334,0.0000,0.0000,0.0000,-0.5000
2026-05-25T21:10:57.974495,14335,0.0000,0.0000,0.0000,-0.5000
2026-05-25T21:10:58.075442,14336,0.0000,0.0000,0.0000,-0.5000
2026-05-25T21:10:58.175544,14337,0.0000,0.0000,0.0000,-0.5000
2026-05-25T21:10:58.276534,14338,0.0000,0.0000,0.0000,-0.5000
2026-05-25T21:10:58.376067,14339,-0.2000,0.0000,0.0000,-0.5000
2026-05-25T21:10:58.476111,14340,-0.2000,0.0000,0.0000,-0.5000
2026-05-25T21:10:58.576289,14341,-0.2000,0.0000,0.0000,-0.5000
2026-05-25T21:10:58.676403,14342,-0.2000,0.0000,0.0000,-0.5000
2026-05-25T21:10:58.914050,14343,-0.2000,0.0000,0.0000,-0.5000
2026-05-25T21:10:59.014121,14344,-0.2000,0.0000,0.0000,-0.5000
2026-05-25T21:10:59.114235,14345,-0.2000,0.0000,0.0000,-0.5000
2026-05-25T21:10:59.214332,14346,-0.2000,0.0000,0.0000,-0.5000
2026-05-25T21:10:59.314444,14347,-0.2000,0.0000,0.0000,-0.5000
2026-05-25T21:10:59.414548,14348,-0.2000,0.0000,0.0000,-0.5000
2026-05-25T21:10:59.514910,14349,-0.2000,0.0000,0.0000,-0.5000
2026-05-25T21:10:59.615299,14350,-0.2000,0.0000,0.0000,-0.5000
2026-05-25T21:10:59.715427,14351,-0.2000,0.0000,0.0000,-0.5000
2026-05-25T21:10:59.815587,14352,-0.2000,0.0000,0.0000,-0.5000
2026-05-25T21:10:59.917300,14353,-0.2000,0.0000,0.0000,-0.5000
2026-05-25T21:11:00.116320,14354,-0.2000,0.0000,0.0000,-0.5000
2026-05-25T21:11:00.216685,14355,-0.2000,0.0000,0.0000,-0.5000
2026-05-25T21:11:00.316815,14356,-0.2000,0.0000,0.0000,-0.5000
2026-05-25T21:11:00.416934,14357,-0.2000,0.0000,0.0000,-0.5000
2026-05-25T21:11:00.517072,14358,-0.2000,0.0000,0.0000,-0.5000
2026-05-25T21:11:00.617204,14359,-0.2000,0.0000,0.0000,-0.5000
2026-05-25T21:11:00.717316,14360,-0.2000,0.0000,0.0000,-0.5000
2026-05-25T21:11:00.817489,14361,-0.2000,0.0000,0.0000,-0.5000
2026-05-25T21:11:00.917568,14362,-0.2000,0.0000,0.0000,-0.5000
2026-05-25T21:11:01.017732,14363,-0.2000,0.0000,0.0000,-0.5000
2026-05-25T21:11:01.117865,14364,-0.2000,0.0000,0.0000,-0.5000
2026-05-25T21:11:01.354169,14365,-0.2000,0.0000,0.0000,-0.5000
2026-05-25T21:11:01.454286,14366,-0.2000,0.0000,0.0000,-0.5000
2026-05-25T21:11:01.554836,14367,-0.2000,0.0000,0.0000,-0.5000
2026-05-25T21:11:01.656281,14368,-0.2000,0.0000,0.0000,-0.5000
2026-05-25T21:11:01.757573,14369,0.0000,0.0000,0.0000,0.5000
2026-05-25T21:11:01.857633,14370,0.0000,0.0000,0.0000,0.5000
2026-05-25T21:11:01.957606,14371,0.0000,0.0000,0.0000,0.5000
2026-05-25T21:11:02.057740,14372,0.0000,0.0000,0.0000,0.5000
2026-05-25T21:11:02.159384,14373,0.0000,0.0000,0.0000,0.5000
2026-05-25T21:11:02.259499,14374,0.0000,0.0000,0.0000,0.5000
2026-05-25T21:11:02.360222,14375,0.0000,0.0000,0.0000,0.5000
2026-05-25T21:11:02.460951,14376,0.0000,0.0000,0.0000,0.5000
2026-05-25T21:11:02.561354,14377,0.0000,0.0000,0.0000,0.5000
2026-05-25T21:11:02.740081,14378,0.0000,0.0000,0.0000,0.5000
2026-05-25T21:11:02.841139,14379,0.0000,0.0000,0.0000,0.5000
2026-05-25T21:11:02.941328,14380,0.0000,0.0000,0.0000,0.5000
2026-05-25T21:11:03.041403,14381,0.0000,0.0000,0.0000,0.5000
2026-05-25T21:11:03.141565,14382,0.0000,0.0000,0.0000,0.5000
2026-05-25T21:11:03.243596,14383,0.0000,0.0000,0.0000,0.5000
2026-05-25T21:11:03.343527,14384,0.0000,0.0000,0.0000,0.5000
2026-05-25T21:11:03.443675,14385,0.0000,0.0000,0.0000,0.5000
2026-05-25T21:11:03.543782,14386,0.0000,0.0000,0.0000,0.5000
2026-05-25T21:11:03.643928,14387,0.0000,0.0000,0.0000,0.5000
2026-05-25T21:11:03.744085,14388,0.0000,0.0000,0.0000,0.5000
2026-05-25T21:11:04.014558,14389,0.0000,0.0000,0.0000,0.5000
2026-05-25T21:11:04.115029,14390,0.0000,0.0000,0.0000,0.5000
2026-05-25T21:11:04.214306,14391,0.0000,0.0000,0.0000,0.5000
2026-05-25T21:11:04.315322,14392,0.0000,0.0000,0.0000,0.5000
2026-05-25T21:11:04.415406,14393,0.0000,0.0000,0.0000,0.5000
2026-05-25T21:11:04.515607,14394,0.0000,0.0000,0.0000,0.5000
2026-05-25T21:11:04.615903,14395,0.0000,0.0000,0.0000,0.5000
2026-05-25T21:11:04.715786,14396,0.0000,0.0000,0.0000,0.5000
2026-05-25T21:11:04.815971,14397,0.0000,0.0000,0.0000,0.5000
2026-05-25T21:11:05.034060,14398,0.0000,0.0000,0.0000,0.5000
2026-05-25T21:11:05.134652,14399,0.3000,0.0000,0.0000,0.0000
2026-05-25T21:11:05.234802,14400,0.3000,0.0000,0.0000,0.0000
2026-05-25T21:11:05.335009,14401,0.3000,0.0000,0.0000,0.0000
2026-05-25T21:11:05.435135,14402,0.3000,0.0000,0.0000,0.0000
2026-05-25T21:11:05.535298,14403,0.3000,0.0000,0.0000,0.0000
2026-05-25T21:11:05.635483,14404,0.3000,0.0000,0.0000,0.0000
2026-05-25T21:11:05.735472,14405,0.3000,0.0000,0.0000,0.0000
2026-05-25T21:11:05.835584,14406,0.3000,0.0000,0.0000,0.0000
2026-05-25T21:11:06.044127,14407,0.3000,0.0000,0.0000,0.0000
2026-05-25T21:11:06.144232,14408,0.3000,0.0000,0.0000,0.0000
2026-05-25T21:11:06.245312,14409,0.3000,0.0000,0.0000,0.0000
2026-05-25T21:11:06.345460,14410,0.3000,0.0000,0.0000,0.0000
2026-05-25T21:11:06.445569,14411,0.3000,0.0000,0.0000,0.0000
2026-05-25T21:11:06.545721,14412,0.3000,0.0000,0.0000,0.0000
2026-05-25T21:11:06.645850,14413,0.3000,0.0000,0.0000,0.0000
2026-05-25T21:11:06.746020,14414,0.3000,0.0000,0.0000,0.0000
2026-05-25T21:11:06.846103,14415,0.3000,0.0000,0.0000,0.0000
2026-05-25T21:11:06.946249,14416,0.3000,0.0000,0.0000,0.0000
2026-05-25T21:11:07.046324,14417,0.3000,0.0000,0.0000,0.0000
2026-05-25T21:11:07.146440,14418,0.3000,0.0000,0.0000,0.0000
2026-05-25T21:11:07.246562,14419,0.3000,0.0000,0.0000,0.0000
2026-05-25T21:11:07.464131,14420,0.3000,0.0000,0.0000,0.0000
2026-05-25T21:11:07.564251,14421,0.3000,0.0000,0.0000,0.0000
2026-05-25T21:11:07.665130,14422,0.3000,0.0000,0.0000,0.0000
2026-05-25T21:11:07.765296,14423,0.3000,0.0000,0.0000,0.0000
2026-05-25T21:11:07.865372,14424,0.3000,0.0000,0.0000,0.0000
2026-05-25T21:11:07.965459,14425,0.3000,0.0000,0.0000,0.0000
2026-05-25T21:11:08.065547,14426,0.3000,0.0000,0.0000,0.0000
2026-05-25T21:11:08.165687,14427,0.3000,0.0000,0.0000,0.0000
2026-05-25T21:11:08.265845,14428,0.3000,0.0000,0.0000,0.0000
2026-05-25T21:11:08.498320,14429,0.0000,0.0000,0.0000,-0.5000
2026-05-25T21:11:08.594330,14430,0.0000,0.0000,0.0000,-0.5000
2026-05-25T21:11:08.694355,14431,0.0000,0.0000,0.0000,-0.5000
2026-05-25T21:11:08.794447,14432,0.0000,0.0000,0.0000,-0.5000
2026-05-25T21:11:08.894578,14433,0.0000,0.0000,0.0000,-0.5000
2026-05-25T21:11:08.994712,14434,0.0000,0.0000,0.0000,-0.5000
2026-05-25T21:11:09.094852,14435,0.0000,0.0000,0.0000,-0.5000
2026-05-25T21:11:09.195206,14436,0.0000,0.0000,0.0000,-0.5000
2026-05-25T21:11:09.296290,14437,0.0000,0.0000,0.0000,-0.5000
2026-05-25T21:11:09.398309,14438,0.0000,0.0000,0.0000,-0.5000
2026-05-25T21:11:09.498443,14439,0.0000,0.0000,0.0000,-0.5000
2026-05-25T21:11:09.714294,14440,0.0000,0.0000,0.0000,-0.5000
2026-05-25T21:11:09.814335,14441,0.0000,0.0000,0.0000,-0.5000
2026-05-25T21:11:09.914561,14442,0.0000,0.0000,0.0000,-0.5000
2026-05-25T21:11:10.014600,14443,0.0000,0.0000,0.0000,-0.5000
2026-05-25T21:11:10.114742,14444,0.0000,0.0000,0.0000,-0.5000
2026-05-25T21:11:10.214853,14445,0.0000,0.0000,0.0000,-0.5000
2026-05-25T21:11:10.314961,14446,0.0000,0.0000,0.0000,-0.5000
2026-05-25T21:11:10.415263,14447,0.0000,0.0000,0.0000,-0.5000
2026-05-25T21:11:10.515187,14448,0.0000,0.0000,0.0000,-0.5000
2026-05-25T21:11:10.724312,14449,0.0000,0.0000,0.0000,-0.5000
2026-05-25T21:11:10.824931,14450,0.0000,0.0000,0.0000,-0.5000
2026-05-25T21:11:10.924305,14451,0.0000,0.0000,0.0000,-0.5000
2026-05-25T21:11:11.024406,14452,0.0000,0.0000,0.0000,-0.5000
2026-05-25T21:11:11.124747,14453,0.0000,0.0000,0.0000,-0.5000
2026-05-25T21:11:11.224865,14454,0.0000,0.0000,0.0000,-0.5000
2026-05-25T21:11:11.324830,14455,0.0000,0.0000,0.0000,-0.5000
2026-05-25T21:11:11.426342,14456,0.0000,0.0000,0.0000,-0.5000
2026-05-25T21:11:11.526573,14457,0.0000,0.0000,0.0000,-0.5000
2026-05-25T21:11:11.754245,14458,0.0000,0.0000,0.0000,-0.5000
2026-05-25T21:11:11.854318,14459,-0.2000,0.0000,0.0000,-0.5000
2026-05-25T21:11:11.954475,14460,-0.2000,0.0000,0.0000,-0.5000
2026-05-25T21:11:12.054647,14461,-0.2000,0.0000,0.0000,-0.5000
2026-05-25T21:11:12.155312,14462,-0.2000,0.0000,0.0000,-0.5000
2026-05-25T21:11:12.254896,14463,-0.2000,0.0000,0.0000,-0.5000
2026-05-25T21:11:12.355054,14464,-0.2000,0.0000,0.0000,-0.5000
2026-05-25T21:11:12.455143,14465,-0.2000,0.0000,0.0000,-0.5000
2026-05-25T21:11:12.555230,14466,-0.2000,0.0000,0.0000,-0.5000
2026-05-25T21:11:12.655324,14467,-0.2000,0.0000,0.0000,-0.5000
2026-05-25T21:11:12.755532,14468,-0.2000,0.0000,0.0000,-0.5000
2026-05-25T21:11:12.974298,14469,-0.2000,0.0000,0.0000,-0.5000
2026-05-25T21:11:13.074307,14470,-0.2000,0.0000,0.0000,-0.5000
2026-05-25T21:11:13.174503,14471,-0.2000,0.0000,0.0000,-0.5000
2026-05-25T21:11:13.274581,14472,-0.2000,0.0000,0.0000,-0.5000
2026-05-25T21:11:13.374751,14473,-0.2000,0.0000,0.0000,-0.5000
2026-05-25T21:11:13.474857,14474,-0.2000,0.0000,0.0000,-0.5000
2026-05-25T21:11:13.575016,14475,-0.2000,0.0000,0.0000,-0.5000
2026-05-25T21:11:13.675941,14476,-0.2000,0.0000,0.0000,-0.5000
2026-05-25T21:11:13.775244,14477,-0.2000,0.0000,0.0000,-0.5000
2026-05-25T21:11:13.875298,14478,-0.2000,0.0000,0.0000,-0.5000
2026-05-25T21:11:13.975481,14479,-0.2000,0.0000,0.0000,-0.5000
2026-05-25T21:11:14.194232,14480,-0.2000,0.0000,0.0000,-0.5000
2026-05-25T21:11:14.294329,14481,-0.2000,0.0000,0.0000,-0.5000
2026-05-25T21:11:14.394454,14482,-0.2000,0.0000,0.0000,-0.5000
2026-05-25T21:11:14.494785,14483,-0.2000,0.0000,0.0000,-0.5000
2026-05-25T21:11:14.594718,14484,-0.2000,0.0000,0.0000,-0.5000
2026-05-25T21:11:14.694852,14485,-0.2000,0.0000,0.0000,-0.5000
2026-05-25T21:11:14.794986,14486,-0.2000,0.0000,0.0000,-0.5000
2026-05-25T21:11:14.895113,14487,-0.2000,0.0000,0.0000,-0.5000
2026-05-25T21:11:14.995211,14488,-0.2000,0.0000,0.0000,-0.5000
2026-05-25T21:11:15.095899,14489,0.0000,0.0000,0.0000,0.5000
2026-05-25T21:11:15.195454,14490,0.0000,0.0000,0.0000,0.5000
2026-05-25T21:11:15.444326,14491,0.0000,0.0000,0.0000,0.5000
2026-05-25T21:11:15.544414,14492,0.0000,0.0000,0.0000,0.5000
2026-05-25T21:11:15.644608,14493,0.0000,0.0000,0.0000,0.5000
2026-05-25T21:11:15.744662,14494,0.0000,0.0000,0.0000,0.5000
2026-05-25T21:11:15.847252,14495,0.0000,0.0000,0.0000,0.5000
2026-05-25T21:11:15.947374,14496,0.0000,0.0000,0.0000,0.5000
2026-05-25T21:11:16.047530,14497,0.0000,0.0000,0.0000,0.5000
2026-05-25T21:11:16.147698,14498,0.0000,0.0000,0.0000,0.5000
2026-05-25T21:11:16.247740,14499,0.0000,0.0000,0.0000,0.5000
2026-05-25T21:11:16.347783,14500,0.0000,0.0000,0.0000,0.5000
2026-05-25T21:11:16.447797,14501,0.0000,0.0000,0.0000,0.5000
2026-05-25T21:11:16.665000,14502,0.0000,0.0000,0.0000,0.5000
2026-05-25T21:11:16.764269,14503,0.0000,0.0000,0.0000,0.5000
2026-05-25T21:11:16.864375,14504,0.0000,0.0000,0.0000,0.5000
2026-05-25T21:11:16.964364,14505,0.0000,0.0000,0.0000,0.5000
2026-05-25T21:11:17.064596,14506,0.0000,0.0000,0.0000,0.5000
2026-05-25T21:11:17.164815,14507,0.0000,0.0000,0.0000,0.5000
2026-05-25T21:11:17.264600,14508,0.0000,0.0000,0.0000,0.5000
2026-05-25T21:11:17.364645,14509,0.0000,0.0000,0.0000,0.5000
2026-05-25T21:11:17.464726,14510,0.0000,0.0000,0.0000,0.5000
2026-05-25T21:11:17.674451,14511,0.0000,0.0000,0.0000,0.5000
2026-05-25T21:11:17.774890,14512,0.0000,0.0000,0.0000,0.5000
2026-05-25T21:11:17.874849,14513,0.0000,0.0000,0.0000,0.5000
2026-05-25T21:11:17.974992,14514,0.0000,0.0000,0.0000,0.5000
2026-05-25T21:11:18.075001,14515,0.0000,0.0000,0.0000,0.5000
2026-05-25T21:11:18.175327,14516,0.0000,0.0000,0.0000,0.5000
2026-05-25T21:11:18.275269,14517,0.0000,0.0000,0.0000,0.5000
2026-05-25T21:11:18.375240,14518,0.0000,0.0000,0.0000,0.5000
2026-05-25T21:11:18.475315,14519,0.3000,0.0000,0.0000,0.0000
2026-05-25T21:11:18.575420,14520,0.3000,0.0000,0.0000,0.0000
2026-05-25T21:11:18.675408,14521,0.3000,0.0000,0.0000,0.0000
2026-05-25T21:11:18.904276,14522,0.3000,0.0000,0.0000,0.0000
2026-05-25T21:11:19.004958,14523,0.3000,0.0000,0.0000,0.0000
2026-05-25T21:11:19.105134,14524,0.3000,0.0000,0.0000,0.0000
2026-05-25T21:11:19.205289,14525,0.3000,0.0000,0.0000,0.0000
2026-05-25T21:11:19.305345,14526,0.3000,0.0000,0.0000,0.0000
2026-05-25T21:11:19.405444,14527,0.3000,0.0000,0.0000,0.0000
2026-05-25T21:11:19.505572,14528,0.3000,0.0000,0.0000,0.0000
2026-05-25T21:11:19.605712,14529,0.3000,0.0000,0.0000,0.0000
2026-05-25T21:11:19.705858,14530,0.3000,0.0000,0.0000,0.0000
2026-05-25T21:11:19.805984,14531,0.3000,0.0000,0.0000,0.0000
2026-05-25T21:11:19.906101,14532,0.3000,0.0000,0.0000,0.0000
2026-05-25T21:11:20.124931,14533,0.3000,0.0000,0.0000,0.0000
2026-05-25T21:11:20.224538,14534,0.3000,0.0000,0.0000,0.0000
2026-05-25T21:11:20.324691,14535,0.3000,0.0000,0.0000,0.0000
2026-05-25T21:11:20.424808,14536,0.3000,0.0000,0.0000,0.0000
2026-05-25T21:11:20.524904,14537,0.3000,0.0000,0.0000,0.0000
2026-05-25T21:11:20.625230,14538,0.3000,0.0000,0.0000,0.0000
2026-05-25T21:11:20.725197,14539,0.3000,0.0000,0.0000,0.0000
2026-05-25T21:11:20.825507,14540,0.3000,0.0000,0.0000,0.0000
2026-05-25T21:11:20.925424,14541,0.3000,0.0000,0.0000,0.0000
2026-05-25T21:11:21.144291,14542,0.3000,0.0000,0.0000,0.0000
2026-05-25T21:11:21.247494,14543,0.3000,0.0000,0.0000,0.0000
2026-05-25T21:11:21.347643,14544,0.3000,0.0000,0.0000,0.0000
2026-05-25T21:11:21.447779,14545,0.3000,0.0000,0.0000,0.0000
2026-05-25T21:11:21.547871,14546,0.3000,0.0000,0.0000,0.0000
2026-05-25T21:11:21.648370,14547,0.3000,0.0000,0.0000,0.0000
2026-05-25T21:11:21.748132,14548,0.3000,0.0000,0.0000,0.0000
2026-05-25T21:11:21.848282,14549,0.0000,0.0000,0.0000,-0.5000
2026-05-25T21:11:21.949326,14550,0.0000,0.0000,0.0000,-0.5000
2026-05-25T21:11:22.053212,14551,0.0000,0.0000,0.0000,-0.5000
2026-05-25T21:11:22.149708,14552,0.0000,0.0000,0.0000,-0.5000
2026-05-25T21:11:22.364298,14553,0.0000,0.0000,0.0000,-0.5000
2026-05-25T21:11:22.464466,14554,0.0000,0.0000,0.0000,-0.5000
2026-05-25T21:11:22.564549,14555,0.0000,0.0000,0.0000,-0.5000
2026-05-25T21:11:22.664708,14556,0.0000,0.0000,0.0000,-0.5000
2026-05-25T21:11:22.764837,14557,0.0000,0.0000,0.0000,-0.5000
2026-05-25T21:11:22.864987,14558,0.0000,0.0000,0.0000,-0.5000
2026-05-25T21:11:22.965265,14559,0.0000,0.0000,0.0000,-0.5000
2026-05-25T21:11:23.065196,14560,0.0000,0.0000,0.0000,-0.5000
2026-05-25T21:11:23.165356,14561,0.0000,0.0000,0.0000,-0.5000
2026-05-25T21:11:23.374469,14562,0.0000,0.0000,0.0000,-0.5000
2026-05-25T21:11:23.474570,14563,0.0000,0.0000,0.0000,-0.5000
2026-05-25T21:11:23.574598,14564,0.0000,0.0000,0.0000,-0.5000
2026-05-25T21:11:23.674690,14565,0.0000,0.0000,0.0000,-0.5000
2026-05-25T21:11:23.774752,14566,0.0000,0.0000,0.0000,-0.5000
2026-05-25T21:11:23.874788,14567,0.0000,0.0000,0.0000,-0.5000
2026-05-25T21:11:23.974860,14568,0.0000,0.0000,0.0000,-0.5000
2026-05-25T21:11:24.074947,14569,0.0000,0.0000,0.0000,-0.5000
2026-05-25T21:11:24.175123,14570,0.0000,0.0000,0.0000,-0.5000
2026-05-25T21:11:24.294450,14571,0.0000,0.0000,0.0000,-0.5000
2026-05-25T21:11:24.394537,14572,0.0000,0.0000,0.0000,-0.5000
2026-05-25T21:11:24.494699,14573,0.0000,0.0000,0.0000,-0.5000
2026-05-25T21:11:24.594740,14574,0.0000,0.0000,0.0000,-0.5000
2026-05-25T21:11:24.695783,14575,0.0000,0.0000,0.0000,-0.5000
2026-05-25T21:11:24.795890,14576,0.0000,0.0000,0.0000,-0.5000
2026-05-25T21:11:24.896043,14577,0.0000,0.0000,0.0000,-0.5000
2026-05-25T21:11:24.999328,14578,0.0000,0.0000,0.0000,-0.5000
2026-05-25T21:11:25.099448,14579,-0.2000,0.0000,0.0000,-0.5000
2026-05-25T21:11:25.199610,14580,-0.2000,0.0000,0.0000,-0.5000
2026-05-25T21:11:25.299905,14581,-0.2000,0.0000,0.0000,-0.5000
2026-05-25T21:11:25.399832,14582,-0.2000,0.0000,0.0000,-0.5000
2026-05-25T21:11:25.604216,14583,-0.2000,0.0000,0.0000,-0.5000
2026-05-25T21:11:25.704476,14584,-0.2000,0.0000,0.0000,-0.5000
2026-05-25T21:11:25.804607,14585,-0.2000,0.0000,0.0000,-0.5000
2026-05-25T21:11:25.904692,14586,-0.2000,0.0000,0.0000,-0.5000
2026-05-25T21:11:26.004872,14587,-0.2000,0.0000,0.0000,-0.5000
2026-05-25T21:11:26.108307,14588,-0.2000,0.0000,0.0000,-0.5000
2026-05-25T21:11:26.208463,14589,-0.2000,0.0000,0.0000,-0.5000
2026-05-25T21:11:26.308607,14590,-0.2000,0.0000,0.0000,-0.5000
2026-05-25T21:11:26.408679,14591,-0.2000,0.0000,0.0000,-0.5000
2026-05-25T21:11:26.614326,14592,-0.2000,0.0000,0.0000,-0.5000
2026-05-25T21:11:26.714501,14593,-0.2000,0.0000,0.0000,-0.5000
2026-05-25T21:11:26.814593,14594,-0.2000,0.0000,0.0000,-0.5000
2026-05-25T21:11:26.914740,14595,-0.2000,0.0000,0.0000,-0.5000
2026-05-25T21:11:27.014910,14596,-0.2000,0.0000,0.0000,-0.5000
2026-05-25T21:11:27.115023,14597,-0.2000,0.0000,0.0000,-0.5000
2026-05-25T21:11:27.215281,14598,-0.2000,0.0000,0.0000,-0.5000
2026-05-25T21:11:27.315301,14599,-0.2000,0.0000,0.0000,-0.5000
2026-05-25T21:11:27.415299,14600,-0.2000,0.0000,0.0000,-0.5000
2026-05-25T21:11:27.624431,14601,-0.2000,0.0000,0.0000,-0.5000
2026-05-25T21:11:27.724565,14602,-0.2000,0.0000,0.0000,-0.5000
2026-05-25T21:11:27.824717,14603,-0.2000,0.0000,0.0000,-0.5000
2026-05-25T21:11:27.924816,14604,-0.2000,0.0000,0.0000,-0.5000
2026-05-25T21:11:28.024955,14605,-0.2000,0.0000,0.0000,-0.5000
2026-05-25T21:11:28.125101,14606,-0.2000,0.0000,0.0000,-0.5000
2026-05-25T21:11:28.225193,14607,-0.2000,0.0000,0.0000,-0.5000
2026-05-25T21:11:28.325502,14608,-0.2000,0.0000,0.0000,-0.5000
2026-05-25T21:11:28.425531,14609,0.0000,0.0000,0.0000,0.5000
2026-05-25T21:11:28.525672,14610,0.0000,0.0000,0.0000,0.5000
2026-05-25T21:11:28.626216,14611,0.0000,0.0000,0.0000,0.5000
2026-05-25T21:11:28.844371,14612,0.0000,0.0000,0.0000,0.5000
2026-05-25T21:11:28.944514,14613,0.0000,0.0000,0.0000,0.5000
2026-05-25T21:11:29.044615,14614,0.0000,0.0000,0.0000,0.5000
2026-05-25T21:11:29.144725,14615,0.0000,0.0000,0.0000,0.5000
2026-05-25T21:11:29.244924,14616,0.0000,0.0000,0.0000,0.5000
2026-05-25T21:11:29.345293,14617,0.0000,0.0000,0.0000,0.5000
2026-05-25T21:11:29.445373,14618,0.0000,0.0000,0.0000,0.5000
2026-05-25T21:11:29.545553,14619,0.0000,0.0000,0.0000,0.5000
2026-05-25T21:11:29.645637,14620,0.0000,0.0000,0.0000,0.5000
2026-05-25T21:11:29.844565,14621,0.0000,0.0000,0.0000,0.5000
2026-05-25T21:11:29.944560,14622,0.0000,0.0000,0.0000,0.5000
2026-05-25T21:11:30.046309,14623,0.0000,0.0000,0.0000,0.5000
2026-05-25T21:11:30.147494,14624,0.0000,0.0000,0.0000,0.5000
2026-05-25T21:11:30.248248,14625,0.0000,0.0000,0.0000,0.5000
2026-05-25T21:11:30.348651,14626,0.0000,0.0000,0.0000,0.5000
2026-05-25T21:11:30.448888,14627,0.0000,0.0000,0.0000,0.5000
2026-05-25T21:11:30.549050,14628,0.0000,0.0000,0.0000,0.5000
2026-05-25T21:11:30.649177,14629,0.0000,0.0000,0.0000,0.5000
2026-05-25T21:11:30.894547,14630,0.0000,0.0000,0.0000,0.5000
2026-05-25T21:11:30.994634,14631,0.0000,0.0000,0.0000,0.5000
2026-05-25T21:11:31.094774,14632,0.0000,0.0000,0.0000,0.5000
2026-05-25T21:11:31.195308,14633,0.0000,0.0000,0.0000,0.5000
2026-05-25T21:11:31.295436,14634,0.0000,0.0000,0.0000,0.5000
2026-05-25T21:11:31.395956,14635,0.0000,0.0000,0.0000,0.5000
2026-05-25T21:11:31.496115,14636,0.0000,0.0000,0.0000,0.5000
2026-05-25T21:11:31.596229,14637,0.0000,0.0000,0.0000,0.5000
2026-05-25T21:11:31.696306,14638,0.0000,0.0000,0.0000,0.5000
2026-05-25T21:11:31.796487,14639,0.3000,0.0000,0.0000,0.0000
2026-05-25T21:11:31.896593,14640,0.3000,0.0000,0.0000,0.0000
2026-05-25T21:11:32.114464,14641,0.3000,0.0000,0.0000,0.0000
2026-05-25T21:11:32.214635,14642,0.3000,0.0000,0.0000,0.0000
2026-05-25T21:11:32.315014,14643,0.3000,0.0000,0.0000,0.0000
2026-05-25T21:11:32.416887,14644,0.3000,0.0000,0.0000,0.0000
2026-05-25T21:11:32.515008,14645,0.3000,0.0000,0.0000,0.0000
2026-05-25T21:11:32.615145,14646,0.3000,0.0000,0.0000,0.0000
2026-05-25T21:11:32.715253,14647,0.3000,0.0000,0.0000,0.0000
2026-05-25T21:11:32.815311,14648,0.3000,0.0000,0.0000,0.0000
2026-05-25T21:11:32.915429,14649,0.3000,0.0000,0.0000,0.0000
2026-05-25T21:11:33.124653,14650,0.3000,0.0000,0.0000,0.0000
2026-05-25T21:11:33.224757,14651,0.3000,0.0000,0.0000,0.0000
2026-05-25T21:11:33.327161,14652,0.3000,0.0000,0.0000,0.0000
2026-05-25T21:11:33.425033,14653,0.3000,0.0000,0.0000,0.0000
2026-05-25T21:11:33.525156,14654,0.3000,0.0000,0.0000,0.0000
2026-05-25T21:11:33.626254,14655,0.3000,0.0000,0.0000,0.0000
2026-05-25T21:11:33.726279,14656,0.3000,0.0000,0.0000,0.0000
2026-05-25T21:11:33.826447,14657,0.3000,0.0000,0.0000,0.0000
2026-05-25T21:11:33.926566,14658,0.3000,0.0000,0.0000,0.0000
2026-05-25T21:11:34.027323,14659,0.3000,0.0000,0.0000,0.0000
2026-05-25T21:11:34.126992,14660,0.3000,0.0000,0.0000,0.0000
2026-05-25T21:11:34.375198,14661,0.3000,0.0000,0.0000,0.0000
2026-05-25T21:11:34.474744,14662,0.3000,0.0000,0.0000,0.0000
2026-05-25T21:11:34.575382,14663,0.3000,0.0000,0.0000,0.0000
2026-05-25T21:11:34.677498,14664,0.3000,0.0000,0.0000,0.0000
2026-05-25T21:11:34.777600,14665,0.3000,0.0000,0.0000,0.0000
2026-05-25T21:11:34.877752,14666,0.3000,0.0000,0.0000,0.0000
2026-05-25T21:11:34.977881,14667,0.3000,0.0000,0.0000,0.0000
2026-05-25T21:11:35.078020,14668,0.3000,0.0000,0.0000,0.0000
2026-05-25T21:11:35.178164,14669,0.0000,0.0000,0.0000,-0.5000
2026-05-25T21:11:35.278293,14670,0.0000,0.0000,0.0000,-0.5000
2026-05-25T21:11:35.378317,14671,0.0000,0.0000,0.0000,-0.5000
2026-05-25T21:11:35.544972,14672,0.0000,0.0000,0.0000,-0.5000
2026-05-25T21:11:35.644849,14673,0.0000,0.0000,0.0000,-0.5000
2026-05-25T21:11:35.744974,14674,0.0000,0.0000,0.0000,-0.5000
2026-05-25T21:11:35.845146,14675,0.0000,0.0000,0.0000,-0.5000
2026-05-25T21:11:35.945258,14676,0.0000,0.0000,0.0000,-0.5000
2026-05-25T21:11:36.045679,14677,0.0000,0.0000,0.0000,-0.5000
2026-05-25T21:11:36.145698,14678,0.0000,0.0000,0.0000,-0.5000
2026-05-25T21:11:36.404569,14679,0.0000,0.0000,0.0000,-0.5000
2026-05-25T21:11:36.504670,14680,0.0000,0.0000,0.0000,-0.5000
2026-05-25T21:11:36.604910,14681,0.0000,0.0000,0.0000,-0.5000
2026-05-25T21:11:36.704954,14682,0.0000,0.0000,0.0000,-0.5000
2026-05-25T21:11:36.805079,14683,0.0000,0.0000,0.0000,-0.5000
2026-05-25T21:11:36.905190,14684,0.0000,0.0000,0.0000,-0.5000
2026-05-25T21:11:37.005518,14685,0.0000,0.0000,0.0000,-0.5000
2026-05-25T21:11:37.105695,14686,0.0000,0.0000,0.0000,-0.5000
2026-05-25T21:11:37.205812,14687,0.0000,0.0000,0.0000,-0.5000
2026-05-25T21:11:37.414643,14688,0.0000,0.0000,0.0000,-0.5000
2026-05-25T21:11:37.515321,14689,0.0000,0.0000,0.0000,-0.5000
2026-05-25T21:11:37.615442,14690,0.0000,0.0000,0.0000,-0.5000
2026-05-25T21:11:37.715559,14691,0.0000,0.0000,0.0000,-0.5000
2026-05-25T21:11:37.816330,14692,0.0000,0.0000,0.0000,-0.5000
2026-05-25T21:11:37.915837,14693,0.0000,0.0000,0.0000,-0.5000
2026-05-25T21:11:38.016535,14694,0.0000,0.0000,0.0000,-0.5000
2026-05-25T21:11:38.116689,14695,0.0000,0.0000,0.0000,-0.5000
2026-05-25T21:11:38.216810,14696,0.0000,0.0000,0.0000,-0.5000
2026-05-25T21:11:38.424578,14697,0.0000,0.0000,0.0000,-0.5000
2026-05-25T21:11:38.524673,14698,0.0000,0.0000,0.0000,-0.5000
2026-05-25T21:11:38.626313,14699,-0.2000,0.0000,0.0000,-0.5000
2026-05-25T21:11:38.726406,14700,-0.2000,0.0000,0.0000,-0.5000
2026-05-25T21:11:38.826521,14701,-0.2000,0.0000,0.0000,-0.5000
2026-05-25T21:11:38.926683,14702,-0.2000,0.0000,0.0000,-0.5000
2026-05-25T21:11:39.026807,14703,-0.2000,0.0000,0.0000,-0.5000
2026-05-25T21:11:39.126937,14704,-0.2000,0.0000,0.0000,-0.5000
2026-05-25T21:11:39.227112,14705,-0.2000,0.0000,0.0000,-0.5000
2026-05-25T21:11:39.434574,14706,-0.2000,0.0000,0.0000,-0.5000
2026-05-25T21:11:39.534692,14707,-0.2000,0.0000,0.0000,-0.5000
2026-05-25T21:11:39.635315,14708,-0.2000,0.0000,0.0000,-0.5000
2026-05-25T21:11:39.735452,14709,-0.2000,0.0000,0.0000,-0.5000
2026-05-25T21:11:39.835450,14710,-0.2000,0.0000,0.0000,-0.5000
2026-05-25T21:11:39.935571,14711,-0.2000,0.0000,0.0000,-0.5000
2026-05-25T21:11:40.035815,14712,-0.2000,0.0000,0.0000,-0.5000
2026-05-25T21:11:40.135825,14713,-0.2000,0.0000,0.0000,-0.5000
2026-05-25T21:11:40.236172,14714,-0.2000,0.0000,0.0000,-0.5000
2026-05-25T21:11:40.336118,14715,-0.2000,0.0000,0.0000,-0.5000
2026-05-25T21:11:40.436183,14716,-0.2000,0.0000,0.0000,-0.5000
2026-05-25T21:11:40.654608,14717,-0.2000,0.0000,0.0000,-0.5000
2026-05-25T21:11:40.754804,14718,-0.2000,0.0000,0.0000,-0.5000
2026-05-25T21:11:40.854838,14719,-0.2000,0.0000,0.0000,-0.5000
2026-05-25T21:11:40.955014,14720,-0.2000,0.0000,0.0000,-0.5000
2026-05-25T21:11:41.056272,14721,-0.2000,0.0000,0.0000,-0.5000
2026-05-25T21:11:41.156416,14722,-0.2000,0.0000,0.0000,-0.5000
2026-05-25T21:11:41.256553,14723,-0.2000,0.0000,0.0000,-0.5000
2026-05-25T21:11:41.356652,14724,-0.2000,0.0000,0.0000,-0.5000
2026-05-25T21:11:41.456747,14725,-0.2000,0.0000,0.0000,-0.5000
2026-05-25T21:11:41.674698,14726,-0.2000,0.0000,0.0000,-0.5000
2026-05-25T21:11:41.774839,14727,-0.2000,0.0000,0.0000,-0.5000
2026-05-25T21:11:41.874912,14728,-0.2000,0.0000,0.0000,-0.5000
2026-05-25T21:11:41.974950,14729,0.0000,0.0000,0.0000,0.5000
2026-05-25T21:11:42.075154,14730,0.0000,0.0000,0.0000,0.5000
2026-05-25T21:11:42.175264,14731,0.0000,0.0000,0.0000,0.5000
2026-05-25T21:11:42.275365,14732,0.0000,0.0000,0.0000,0.5000
2026-05-25T21:11:42.375645,14733,0.0000,0.0000,0.0000,0.5000
2026-05-25T21:11:42.475677,14734,0.0000,0.0000,0.0000,0.5000
2026-05-25T21:11:42.684577,14735,0.0000,0.0000,0.0000,0.5000
2026-05-25T21:11:42.784808,14736,0.0000,0.0000,0.0000,0.5000
2026-05-25T21:11:42.884918,14737,0.0000,0.0000,0.0000,0.5000
2026-05-25T21:11:42.985727,14738,0.0000,0.0000,0.0000,0.5000
2026-05-25T21:11:43.085178,14739,0.0000,0.0000,0.0000,0.5000
2026-05-25T21:11:43.185369,14740,0.0000,0.0000,0.0000,0.5000
2026-05-25T21:11:43.285473,14741,0.0000,0.0000,0.0000,0.5000
2026-05-25T21:11:43.385682,14742,0.0000,0.0000,0.0000,0.5000
2026-05-25T21:11:43.485744,14743,0.0000,0.0000,0.0000,0.5000
2026-05-25T21:11:43.586355,14744,0.0000,0.0000,0.0000,0.5000
2026-05-25T21:11:43.686453,14745,0.0000,0.0000,0.0000,0.5000
2026-05-25T21:11:43.985448,14746,0.0000,0.0000,0.0000,0.5000
2026-05-25T21:11:44.084900,14747,0.0000,0.0000,0.0000,0.5000
2026-05-25T21:11:44.185063,14748,0.0000,0.0000,0.0000,0.5000
2026-05-25T21:11:44.285160,14749,0.0000,0.0000,0.0000,0.5000
2026-05-25T21:11:44.385461,14750,0.0000,0.0000,0.0000,0.5000
2026-05-25T21:11:44.485323,14751,0.0000,0.0000,0.0000,0.5000
2026-05-25T21:11:44.585480,14752,0.0000,0.0000,0.0000,0.5000
2026-05-25T21:11:44.685608,14753,0.0000,0.0000,0.0000,0.5000
2026-05-25T21:11:44.785942,14754,0.0000,0.0000,0.0000,0.5000
2026-05-25T21:11:44.888295,14755,0.0000,0.0000,0.0000,0.5000
2026-05-25T21:11:44.988479,14756,0.0000,0.0000,0.0000,0.5000
2026-05-25T21:11:45.089607,14757,0.0000,0.0000,0.0000,0.5000
2026-05-25T21:11:45.189774,14758,0.0000,0.0000,0.0000,0.5000
2026-05-25T21:11:45.365354,14759,0.3000,0.0000,0.0000,0.0000
2026-05-25T21:11:45.465466,14760,0.3000,0.0000,0.0000,0.0000
2026-05-25T21:11:45.565588,14761,0.3000,0.0000,0.0000,0.0000
2026-05-25T21:11:45.665710,14762,0.3000,0.0000,0.0000,0.0000
2026-05-25T21:11:45.765868,14763,0.3000,0.0000,0.0000,0.0000
2026-05-25T21:11:45.865991,14764,0.3000,0.0000,0.0000,0.0000
2026-05-25T21:11:45.966111,14765,0.3000,0.0000,0.0000,0.0000
2026-05-25T21:11:46.066241,14766,0.3000,0.0000,0.0000,0.0000
2026-05-25T21:11:46.166326,14767,0.3000,0.0000,0.0000,0.0000
2026-05-25T21:11:46.266881,14768,0.3000,0.0000,0.0000,0.0000
2026-05-25T21:11:46.367013,14769,0.3000,0.0000,0.0000,0.0000
2026-05-25T21:11:46.625208,14770,0.3000,0.0000,0.0000,0.0000
2026-05-25T21:11:46.724894,14771,0.3000,0.0000,0.0000,0.0000
2026-05-25T21:11:46.825015,14772,0.3000,0.0000,0.0000,0.0000
2026-05-25T21:11:46.925125,14773,0.3000,0.0000,0.0000,0.0000
2026-05-25T21:11:47.025299,14774,0.3000,0.0000,0.0000,0.0000
2026-05-25T21:11:47.125316,14775,0.3000,0.0000,0.0000,0.0000
2026-05-25T21:11:47.226056,14776,0.3000,0.0000,0.0000,0.0000
2026-05-25T21:11:47.328315,14777,0.3000,0.0000,0.0000,0.0000
2026-05-25T21:11:47.428493,14778,0.3000,0.0000,0.0000,0.0000
2026-05-25T21:11:47.554720,14779,0.3000,0.0000,0.0000,0.0000
2026-05-25T21:11:47.654863,14780,0.3000,0.0000,0.0000,0.0000
2026-05-25T21:11:47.755725,14781,0.3000,0.0000,0.0000,0.0000
2026-05-25T21:11:47.856724,14782,0.3000,0.0000,0.0000,0.0000
2026-05-25T21:11:47.956292,14783,0.3000,0.0000,0.0000,0.0000
2026-05-25T21:11:48.056319,14784,0.3000,0.0000,0.0000,0.0000
2026-05-25T21:11:48.157325,14785,0.3000,0.0000,0.0000,0.0000
2026-05-25T21:11:48.445324,14786,0.3000,0.0000,0.0000,0.0000
2026-05-25T21:11:48.545345,14787,0.3000,0.0000,0.0000,0.0000
2026-05-25T21:11:48.645466,14788,0.3000,0.0000,0.0000,0.0000
2026-05-25T21:11:48.745632,14789,0.0000,0.0000,0.0000,-0.5000
2026-05-25T21:11:48.845817,14790,0.0000,0.0000,0.0000,-0.5000
2026-05-25T21:11:48.946284,14791,0.0000,0.0000,0.0000,-0.5000
2026-05-25T21:11:49.046608,14792,0.0000,0.0000,0.0000,-0.5000
2026-05-25T21:11:49.146798,14793,0.0000,0.0000,0.0000,-0.5000
2026-05-25T21:11:49.247434,14794,0.0000,0.0000,0.0000,-0.5000
2026-05-25T21:11:49.495245,14795,0.0000,0.0000,0.0000,-0.5000
2026-05-25T21:11:49.595356,14796,0.0000,0.0000,0.0000,-0.5000
2026-05-25T21:11:49.697527,14797,0.0000,0.0000,0.0000,-0.5000
2026-05-25T21:11:49.797632,14798,0.0000,0.0000,0.0000,-0.5000
2026-05-25T21:11:49.897804,14799,0.0000,0.0000,0.0000,-0.5000
2026-05-25T21:11:49.997912,14800,0.0000,0.0000,0.0000,-0.5000
2026-05-25T21:11:50.098106,14801,0.0000,0.0000,0.0000,-0.5000
2026-05-25T21:11:50.198248,14802,0.0000,0.0000,0.0000,-0.5000
2026-05-25T21:11:50.298406,14803,0.0000,0.0000,0.0000,-0.5000
2026-05-25T21:11:50.398448,14804,0.0000,0.0000,0.0000,-0.5000
2026-05-25T21:11:50.498571,14805,0.0000,0.0000,0.0000,-0.5000
2026-05-25T21:11:50.744917,14806,0.0000,0.0000,0.0000,-0.5000
2026-05-25T21:11:50.844995,14807,0.0000,0.0000,0.0000,-0.5000
2026-05-25T21:11:50.945544,14808,0.0000,0.0000,0.0000,-0.5000
2026-05-25T21:11:51.045675,14809,0.0000,0.0000,0.0000,-0.5000
2026-05-25T21:11:51.145779,14810,0.0000,0.0000,0.0000,-0.5000
2026-05-25T21:11:51.245978,14811,0.0000,0.0000,0.0000,-0.5000
2026-05-25T21:11:51.346284,14812,0.0000,0.0000,0.0000,-0.5000
2026-05-25T21:11:51.446385,14813,0.0000,0.0000,0.0000,-0.5000
2026-05-25T21:11:51.546382,14814,0.0000,0.0000,0.0000,-0.5000
2026-05-25T21:11:51.646573,14815,0.0000,0.0000,0.0000,-0.5000
2026-05-25T21:11:51.746685,14816,0.0000,0.0000,0.0000,-0.5000
2026-05-25T21:11:51.846859,14817,0.0000,0.0000,0.0000,-0.5000
2026-05-25T21:11:51.946964,14818,0.0000,0.0000,0.0000,-0.5000
2026-05-25T21:11:52.105124,14819,-0.2000,0.0000,0.0000,-0.5000
2026-05-25T21:11:52.205133,14820,-0.2000,0.0000,0.0000,-0.5000
2026-05-25T21:11:52.305253,14821,-0.2000,0.0000,0.0000,-0.5000
2026-05-25T21:11:52.405375,14822,-0.2000,0.0000,0.0000,-0.5000
2026-05-25T21:11:52.505466,14823,-0.2000,0.0000,0.0000,-0.5000
2026-05-25T21:11:52.605596,14824,-0.2000,0.0000,0.0000,-0.5000
2026-05-25T21:11:52.705748,14825,-0.2000,0.0000,0.0000,-0.5000
2026-05-25T21:11:52.806036,14826,-0.2000,0.0000,0.0000,-0.5000
2026-05-25T21:11:52.905968,14827,-0.2000,0.0000,0.0000,-0.5000
2026-05-25T21:11:53.006207,14828,-0.2000,0.0000,0.0000,-0.5000
2026-05-25T21:11:53.108293,14829,-0.2000,0.0000,0.0000,-0.5000
2026-05-25T21:11:53.207265,14830,-0.2000,0.0000,0.0000,-0.5000
2026-05-25T21:11:53.307318,14831,-0.2000,0.0000,0.0000,-0.5000
2026-05-25T21:11:53.625286,14832,-0.2000,0.0000,0.0000,-0.5000
2026-05-25T21:11:53.725268,14833,-0.2000,0.0000,0.0000,-0.5000
2026-05-25T21:11:53.825446,14834,-0.2000,0.0000,0.0000,-0.5000
2026-05-25T21:11:53.926812,14835,-0.2000,0.0000,0.0000,-0.5000
2026-05-25T21:11:54.026325,14836,-0.2000,0.0000,0.0000,-0.5000
2026-05-25T21:11:54.126440,14837,-0.2000,0.0000,0.0000,-0.5000
2026-05-25T21:11:54.226705,14838,-0.2000,0.0000,0.0000,-0.5000
2026-05-25T21:11:54.326825,14839,-0.2000,0.0000,0.0000,-0.5000
2026-05-25T21:11:54.426898,14840,-0.2000,0.0000,0.0000,-0.5000
2026-05-25T21:11:54.527065,14841,-0.2000,0.0000,0.0000,-0.5000
2026-05-25T21:11:54.627210,14842,-0.2000,0.0000,0.0000,-0.5000
2026-05-25T21:11:54.848334,14843,-0.2000,0.0000,0.0000,-0.5000
2026-05-25T21:11:54.948476,14844,-0.2000,0.0000,0.0000,-0.5000
2026-05-25T21:11:55.048576,14845,-0.2000,0.0000,0.0000,-0.5000
2026-05-25T21:11:55.148918,14846,-0.2000,0.0000,0.0000,-0.5000
2026-05-25T21:11:55.249071,14847,-0.2000,0.0000,0.0000,-0.5000
2026-05-25T21:11:55.349100,14848,-0.2000,0.0000,0.0000,-0.5000
2026-05-25T21:11:55.449220,14849,0.0000,0.0000,0.0000,0.5000
2026-05-25T21:11:55.549306,14850,0.0000,0.0000,0.0000,0.5000
2026-05-25T21:11:55.649453,14851,0.0000,0.0000,0.0000,0.5000
2026-05-25T21:11:55.866407,14852,0.0000,0.0000,0.0000,0.5000
2026-05-25T21:11:55.966517,14853,0.0000,0.0000,0.0000,0.5000
2026-05-25T21:11:56.066611,14854,0.0000,0.0000,0.0000,0.5000
2026-05-25T21:11:56.166797,14855,0.0000,0.0000,0.0000,0.5000
2026-05-25T21:11:56.266919,14856,0.0000,0.0000,0.0000,0.5000
2026-05-25T21:11:56.367145,14857,0.0000,0.0000,0.0000,0.5000
2026-05-25T21:11:56.467277,14858,0.0000,0.0000,0.0000,0.5000
2026-05-25T21:11:56.567437,14859,0.0000,0.0000,0.0000,0.5000
2026-05-25T21:11:56.667341,14860,0.0000,0.0000,0.0000,0.5000
2026-05-25T21:11:56.767471,14861,0.0000,0.0000,0.0000,0.5000
2026-05-25T21:11:56.867613,14862,0.0000,0.0000,0.0000,0.5000
2026-05-25T21:11:57.085019,14863,0.0000,0.0000,0.0000,0.5000
2026-05-25T21:11:57.185161,14864,0.0000,0.0000,0.0000,0.5000
2026-05-25T21:11:57.285211,14865,0.0000,0.0000,0.0000,0.5000
2026-05-25T21:11:57.385402,14866,0.0000,0.0000,0.0000,0.5000
2026-05-25T21:11:57.485520,14867,0.0000,0.0000,0.0000,0.5000
2026-05-25T21:11:57.585667,14868,0.0000,0.0000,0.0000,0.5000
2026-05-25T21:11:57.685800,14869,0.0000,0.0000,0.0000,0.5000
2026-05-25T21:11:57.785907,14870,0.0000,0.0000,0.0000,0.5000
2026-05-25T21:11:57.886080,14871,0.0000,0.0000,0.0000,0.5000
2026-05-25T21:11:58.095033,14872,0.0000,0.0000,0.0000,0.5000
2026-05-25T21:11:58.195114,14873,0.0000,0.0000,0.0000,0.5000
2026-05-25T21:11:58.295261,14874,0.0000,0.0000,0.0000,0.5000
2026-05-25T21:11:58.395347,14875,0.0000,0.0000,0.0000,0.5000
2026-05-25T21:11:58.495503,14876,0.0000,0.0000,0.0000,0.5000
2026-05-25T21:11:58.595586,14877,0.0000,0.0000,0.0000,0.5000
2026-05-25T21:11:58.695733,14878,0.0000,0.0000,0.0000,0.5000
2026-05-25T21:11:58.795837,14879,0.3000,0.0000,0.0000,0.0000
2026-05-25T21:11:58.895967,14880,0.3000,0.0000,0.0000,0.0000
2026-05-25T21:11:58.996260,14881,0.3000,0.0000,0.0000,0.0000
2026-05-25T21:11:59.096245,14882,0.3000,0.0000,0.0000,0.0000
2026-05-25T21:11:59.196474,14883,0.3000,0.0000,0.0000,0.0000
2026-05-25T21:11:59.296481,14884,0.3000,0.0000,0.0000,0.0000
2026-05-25T21:11:59.396574,14885,0.3000,0.0000,0.0000,0.0000
2026-05-25T21:11:59.496689,14886,0.3000,0.0000,0.0000,0.0000
2026-05-25T21:11:59.596789,14887,0.3000,0.0000,0.0000,0.0000
2026-05-25T21:11:59.696946,14888,0.3000,0.0000,0.0000,0.0000
2026-05-25T21:11:59.945024,14889,0.3000,0.0000,0.0000,0.0000
2026-05-25T21:12:00.045707,14890,0.3000,0.0000,0.0000,0.0000
2026-05-25T21:12:00.145252,14891,0.3000,0.0000,0.0000,0.0000
2026-05-25T21:12:00.245284,14892,0.3000,0.0000,0.0000,0.0000
2026-05-25T21:12:00.345337,14893,0.3000,0.0000,0.0000,0.0000
2026-05-25T21:12:00.445399,14894,0.3000,0.0000,0.0000,0.0000
2026-05-25T21:12:00.545468,14895,0.3000,0.0000,0.0000,0.0000
2026-05-25T21:12:00.645530,14896,0.3000,0.0000,0.0000,0.0000
2026-05-25T21:12:00.745597,14897,0.3000,0.0000,0.0000,0.0000
2026-05-25T21:12:00.845672,14898,0.3000,0.0000,0.0000,0.0000
2026-05-25T21:12:00.945749,14899,0.3000,0.0000,0.0000,0.0000
2026-05-25T21:12:01.156084,14900,0.3000,0.0000,0.0000,0.0000
2026-05-25T21:12:01.255847,14901,0.3000,0.0000,0.0000,0.0000
2026-05-25T21:12:01.355916,14902,0.3000,0.0000,0.0000,0.0000
2026-05-25T21:12:01.455955,14903,0.3000,0.0000,0.0000,0.0000
2026-05-25T21:12:01.556061,14904,0.3000,0.0000,0.0000,0.0000
2026-05-25T21:12:01.656099,14905,0.3000,0.0000,0.0000,0.0000
2026-05-25T21:12:01.756150,14906,0.3000,0.0000,0.0000,0.0000
2026-05-25T21:12:01.856243,14907,0.3000,0.0000,0.0000,0.0000
2026-05-25T21:12:01.956418,14908,0.3000,0.0000,0.0000,0.0000
2026-05-25T21:12:02.166964,14909,0.0000,0.0000,0.0000,-0.5000
2026-05-25T21:12:02.266997,14910,0.0000,0.0000,0.0000,-0.5000
2026-05-25T21:12:02.367152,14911,0.0000,0.0000,0.0000,-0.5000
2026-05-25T21:12:02.467252,14912,0.0000,0.0000,0.0000,-0.5000
2026-05-25T21:12:02.567752,14913,0.0000,0.0000,0.0000,-0.5000
2026-05-25T21:12:02.668220,14914,0.0000,0.0000,0.0000,-0.5000
2026-05-25T21:12:02.768038,14915,0.0000,0.0000,0.0000,-0.5000
2026-05-25T21:12:02.868144,14916,0.0000,0.0000,0.0000,-0.5000
2026-05-25T21:12:02.968274,14917,0.0000,0.0000,0.0000,-0.5000
2026-05-25T21:12:03.185726,14918,0.0000,0.0000,0.0000,-0.5000
2026-05-25T21:12:03.285199,14919,0.0000,0.0000,0.0000,-0.5000
2026-05-25T21:12:03.385363,14920,0.0000,0.0000,0.0000,-0.5000
2026-05-25T21:12:03.485532,14921,0.0000,0.0000,0.0000,-0.5000
2026-05-25T21:12:03.585750,14922,0.0000,0.0000,0.0000,-0.5000
2026-05-25T21:12:03.685644,14923,0.0000,0.0000,0.0000,-0.5000
2026-05-25T21:12:03.786465,14924,0.0000,0.0000,0.0000,-0.5000
2026-05-25T21:12:03.885935,14925,0.0000,0.0000,0.0000,-0.5000
2026-05-25T21:12:03.986058,14926,0.0000,0.0000,0.0000,-0.5000
2026-05-25T21:12:04.086177,14927,0.0000,0.0000,0.0000,-0.5000
2026-05-25T21:12:04.186385,14928,0.0000,0.0000,0.0000,-0.5000
2026-05-25T21:12:04.405363,14929,0.0000,0.0000,0.0000,-0.5000
2026-05-25T21:12:04.505499,14930,0.0000,0.0000,0.0000,-0.5000
2026-05-25T21:12:04.605554,14931,0.0000,0.0000,0.0000,-0.5000
2026-05-25T21:12:04.706037,14932,0.0000,0.0000,0.0000,-0.5000
2026-05-25T21:12:04.806631,14933,0.0000,0.0000,0.0000,-0.5000
2026-05-25T21:12:04.907580,14934,0.0000,0.0000,0.0000,-0.5000
2026-05-25T21:12:05.007830,14935,0.0000,0.0000,0.0000,-0.5000
2026-05-25T21:12:05.108102,14936,0.0000,0.0000,0.0000,-0.5000
2026-05-25T21:12:05.209645,14937,0.0000,0.0000,0.0000,-0.5000
2026-05-25T21:12:05.425081,14938,0.0000,0.0000,0.0000,-0.5000
2026-05-25T21:12:05.525150,14939,-0.2000,0.0000,0.0000,-0.5000
2026-05-25T21:12:05.625353,14940,-0.2000,0.0000,0.0000,-0.5000
2026-05-25T21:12:05.725390,14941,-0.2000,0.0000,0.0000,-0.5000
2026-05-25T21:12:05.825500,14942,-0.2000,0.0000,0.0000,-0.5000
2026-05-25T21:12:05.925617,14943,-0.2000,0.0000,0.0000,-0.5000
2026-05-25T21:12:06.025822,14944,-0.2000,0.0000,0.0000,-0.5000
2026-05-25T21:12:06.125893,14945,-0.2000,0.0000,0.0000,-0.5000
2026-05-25T21:12:06.226091,14946,-0.2000,0.0000,0.0000,-0.5000
2026-05-25T21:12:06.326233,14947,-0.2000,0.0000,0.0000,-0.5000
2026-05-25T21:12:06.426480,14948,-0.2000,0.0000,0.0000,-0.5000
2026-05-25T21:12:06.646319,14949,-0.2000,0.0000,0.0000,-0.5000
2026-05-25T21:12:06.746349,14950,-0.2000,0.0000,0.0000,-0.5000
2026-05-25T21:12:06.846496,14951,-0.2000,0.0000,0.0000,-0.5000
2026-05-25T21:12:06.946614,14952,-0.2000,0.0000,0.0000,-0.5000
2026-05-25T21:12:07.046887,14953,-0.2000,0.0000,0.0000,-0.5000
2026-05-25T21:12:07.146867,14954,-0.2000,0.0000,0.0000,-0.5000
2026-05-25T21:12:07.246988,14955,-0.2000,0.0000,0.0000,-0.5000
2026-05-25T21:12:07.347130,14956,-0.2000,0.0000,0.0000,-0.5000
2026-05-25T21:12:07.447285,14957,-0.2000,0.0000,0.0000,-0.5000
2026-05-25T21:12:07.655255,14958,-0.2000,0.0000,0.0000,-0.5000
2026-05-25T21:12:07.755342,14959,-0.2000,0.0000,0.0000,-0.5000
2026-05-25T21:12:07.855438,14960,-0.2000,0.0000,0.0000,-0.5000
2026-05-25T21:12:07.955592,14961,-0.2000,0.0000,0.0000,-0.5000
2026-05-25T21:12:08.055724,14962,-0.2000,0.0000,0.0000,-0.5000
2026-05-25T21:12:08.155859,14963,-0.2000,0.0000,0.0000,-0.5000
2026-05-25T21:12:08.256008,14964,-0.2000,0.0000,0.0000,-0.5000
2026-05-25T21:12:08.356133,14965,-0.2000,0.0000,0.0000,-0.5000
2026-05-25T21:12:08.456261,14966,-0.2000,0.0000,0.0000,-0.5000
2026-05-25T21:12:08.556344,14967,-0.2000,0.0000,0.0000,-0.5000
2026-05-25T21:12:08.656466,14968,-0.2000,0.0000,0.0000,-0.5000
2026-05-25T21:12:08.875288,14969,0.0000,0.0000,0.0000,0.5000
2026-05-25T21:12:08.975277,14970,0.0000,0.0000,0.0000,0.5000
2026-05-25T21:12:09.075398,14971,0.0000,0.0000,0.0000,0.5000
2026-05-25T21:12:09.175984,14972,0.0000,0.0000,0.0000,0.5000
2026-05-25T21:12:09.276372,14973,0.0000,0.0000,0.0000,0.5000
2026-05-25T21:12:09.376687,14974,0.0000,0.0000,0.0000,0.5000
2026-05-25T21:12:09.476757,14975,0.0000,0.0000,0.0000,0.5000
2026-05-25T21:12:09.577631,14976,0.0000,0.0000,0.0000,0.5000
2026-05-25T21:12:09.677668,14977,0.0000,0.0000,0.0000,0.5000
2026-05-25T21:12:09.795060,14978,0.0000,0.0000,0.0000,0.5000
2026-05-25T21:12:09.895370,14979,0.0000,0.0000,0.0000,0.5000
2026-05-25T21:12:09.995448,14980,0.0000,0.0000,0.0000,0.5000
2026-05-25T21:12:10.095604,14981,0.0000,0.0000,0.0000,0.5000
2026-05-25T21:12:10.195746,14982,0.0000,0.0000,0.0000,0.5000
2026-05-25T21:12:10.295913,14983,0.0000,0.0000,0.0000,0.5000
2026-05-25T21:12:10.396040,14984,0.0000,0.0000,0.0000,0.5000
2026-05-25T21:12:10.496171,14985,0.0000,0.0000,0.0000,0.5000
2026-05-25T21:12:10.596533,14986,0.0000,0.0000,0.0000,0.5000
2026-05-25T21:12:10.699188,14987,0.0000,0.0000,0.0000,0.5000
2026-05-25T21:12:10.799298,14988,0.0000,0.0000,0.0000,0.5000
2026-05-25T21:12:10.899482,14989,0.0000,0.0000,0.0000,0.5000
2026-05-25T21:12:11.000262,14990,0.0000,0.0000,0.0000,0.5000
2026-05-25T21:12:11.100677,14991,0.0000,0.0000,0.0000,0.5000
2026-05-25T21:12:11.325134,14992,0.0000,0.0000,0.0000,0.5000
2026-05-25T21:12:11.425282,14993,0.0000,0.0000,0.0000,0.5000
2026-05-25T21:12:11.525321,14994,0.0000,0.0000,0.0000,0.5000
2026-05-25T21:12:11.626356,14995,0.0000,0.0000,0.0000,0.5000
2026-05-25T21:12:11.726460,14996,0.0000,0.0000,0.0000,0.5000
2026-05-25T21:12:11.826601,14997,0.0000,0.0000,0.0000,0.5000
2026-05-25T21:12:11.926577,14998,0.0000,0.0000,0.0000,0.5000
2026-05-25T21:12:12.026773,14999,0.3000,0.0000,0.0000,0.0000
2026-05-25T21:12:12.126905,15000,0.3000,0.0000,0.0000,0.0000
2026-05-25T21:12:12.227032,15001,0.3000,0.0000,0.0000,0.0000
2026-05-25T21:12:12.327109,15002,0.3000,0.0000,0.0000,0.0000
2026-05-25T21:12:12.545327,15003,0.3000,0.0000,0.0000,0.0000
2026-05-25T21:12:12.645385,15004,0.3000,0.0000,0.0000,0.0000
2026-05-25T21:12:12.746399,15005,0.3000,0.0000,0.0000,0.0000
2026-05-25T21:12:12.846570,15006,0.3000,0.0000,0.0000,0.0000
2026-05-25T21:12:12.946681,15007,0.3000,0.0000,0.0000,0.0000
2026-05-25T21:12:13.046831,15008,0.3000,0.0000,0.0000,0.0000
2026-05-25T21:12:13.146922,15009,0.3000,0.0000,0.0000,0.0000
2026-05-25T21:12:13.247083,15010,0.3000,0.0000,0.0000,0.0000
2026-05-25T21:12:13.347195,15011,0.3000,0.0000,0.0000,0.0000
2026-05-25T21:12:13.555087,15012,0.3000,0.0000,0.0000,0.0000
2026-05-25T21:12:13.655152,15013,0.3000,0.0000,0.0000,0.0000
2026-05-25T21:12:13.755240,15014,0.3000,0.0000,0.0000,0.0000
2026-05-25T21:12:13.855427,15015,0.3000,0.0000,0.0000,0.0000
2026-05-25T21:12:13.955592,15016,0.3000,0.0000,0.0000,0.0000
2026-05-25T21:12:14.056066,15017,0.3000,0.0000,0.0000,0.0000
2026-05-25T21:12:14.156199,15018,0.3000,0.0000,0.0000,0.0000
2026-05-25T21:12:14.256440,15019,0.3000,0.0000,0.0000,0.0000
2026-05-25T21:12:14.356468,15020,0.3000,0.0000,0.0000,0.0000
2026-05-25T21:12:14.456894,15021,0.3000,0.0000,0.0000,0.0000
2026-05-25T21:12:14.557051,15022,0.3000,0.0000,0.0000,0.0000
2026-05-25T21:12:14.805089,15023,0.3000,0.0000,0.0000,0.0000
2026-05-25T21:12:14.905271,15024,0.3000,0.0000,0.0000,0.0000
2026-05-25T21:12:15.005424,15025,0.3000,0.0000,0.0000,0.0000
2026-05-25T21:12:15.105542,15026,0.3000,0.0000,0.0000,0.0000
2026-05-25T21:12:15.206018,15027,0.3000,0.0000,0.0000,0.0000
2026-05-25T21:12:15.306583,15028,0.3000,0.0000,0.0000,0.0000
2026-05-25T21:12:15.406762,15029,0.0000,0.0000,0.0000,-0.5000
2026-05-25T21:12:15.506848,15030,0.0000,0.0000,0.0000,-0.5000
2026-05-25T21:12:15.607015,15031,0.0000,0.0000,0.0000,-0.5000
2026-05-25T21:12:15.707123,15032,0.0000,0.0000,0.0000,-0.5000
2026-05-25T21:12:15.807241,15033,0.0000,0.0000,0.0000,-0.5000
2026-05-25T21:12:15.907331,15034,0.0000,0.0000,0.0000,-0.5000
2026-05-25T21:12:16.007746,15035,0.0000,0.0000,0.0000,-0.5000
2026-05-25T21:12:16.235337,15036,0.0000,0.0000,0.0000,-0.5000
2026-05-25T21:12:16.335377,15037,0.0000,0.0000,0.0000,-0.5000
2026-05-25T21:12:16.435480,15038,0.0000,0.0000,0.0000,-0.5000
2026-05-25T21:12:16.535583,15039,0.0000,0.0000,0.0000,-0.5000
2026-05-25T21:12:16.635748,15040,0.0000,0.0000,0.0000,-0.5000
2026-05-25T21:12:16.735845,15041,0.0000,0.0000,0.0000,-0.5000
2026-05-25T21:12:16.836153,15042,0.0000,0.0000,0.0000,-0.5000
2026-05-25T21:12:16.936078,15043,0.0000,0.0000,0.0000,-0.5000
2026-05-25T21:12:17.036242,15044,0.0000,0.0000,0.0000,-0.5000
2026-05-25T21:12:17.245128,15045,0.0000,0.0000,0.0000,-0.5000
2026-05-25T21:12:17.345295,15046,0.0000,0.0000,0.0000,-0.5000
2026-05-25T21:12:17.447290,15047,0.0000,0.0000,0.0000,-0.5000
2026-05-25T21:12:17.547442,15048,0.0000,0.0000,0.0000,-0.5000
2026-05-25T21:12:17.647594,15049,0.0000,0.0000,0.0000,-0.5000
2026-05-25T21:12:17.747719,15050,0.0000,0.0000,0.0000,-0.5000
2026-05-25T21:12:17.847863,15051,0.0000,0.0000,0.0000,-0.5000
2026-05-25T21:12:17.948001,15052,0.0000,0.0000,0.0000,-0.5000
2026-05-25T21:12:18.048117,15053,0.0000,0.0000,0.0000,-0.5000
2026-05-25T21:12:18.148232,15054,0.0000,0.0000,0.0000,-0.5000
2026-05-25T21:12:18.248316,15055,0.0000,0.0000,0.0000,-0.5000
2026-05-25T21:12:18.465304,15056,0.0000,0.0000,0.0000,-0.5000
2026-05-25T21:12:18.565388,15057,0.0000,0.0000,0.0000,-0.5000
2026-05-25T21:12:18.665426,15058,0.0000,0.0000,0.0000,-0.5000
2026-05-25T21:12:18.765586,15059,-0.2000,0.0000,0.0000,-0.5000
2026-05-25T21:12:18.865670,15060,-0.2000,0.0000,0.0000,-0.5000
2026-05-25T21:12:18.965816,15061,-0.2000,0.0000,0.0000,-0.5000
2026-05-25T21:12:19.065900,15062,-0.2000,0.0000,0.0000,-0.5000
2026-05-25T21:12:19.166072,15063,-0.2000,0.0000,0.0000,-0.5000
2026-05-25T21:12:19.266319,15064,-0.2000,0.0000,0.0000,-0.5000
2026-05-25T21:12:19.475359,15065,-0.2000,0.0000,0.0000,-0.5000
2026-05-25T21:12:19.575358,15066,-0.2000,0.0000,0.0000,-0.5000
2026-05-25T21:12:19.675463,15067,-0.2000,0.0000,0.0000,-0.5000
2026-05-25T21:12:19.775568,15068,-0.2000,0.0000,0.0000,-0.5000
2026-05-25T21:12:19.875700,15069,-0.2000,0.0000,0.0000,-0.5000
2026-05-25T21:12:19.975854,15070,-0.2000,0.0000,0.0000,-0.5000
2026-05-25T21:12:20.075984,15071,-0.2000,0.0000,0.0000,-0.5000
2026-05-25T21:12:20.176124,15072,-0.2000,0.0000,0.0000,-0.5000
2026-05-25T21:12:20.276247,15073,-0.2000,0.0000,0.0000,-0.5000
2026-05-25T21:12:20.376332,15074,-0.2000,0.0000,0.0000,-0.5000
2026-05-25T21:12:20.476426,15075,-0.2000,0.0000,0.0000,-0.5000
2026-05-25T21:12:20.695328,15076,-0.2000,0.0000,0.0000,-0.5000
2026-05-25T21:12:20.795359,15077,-0.2000,0.0000,0.0000,-0.5000
2026-05-25T21:12:20.895506,15078,-0.2000,0.0000,0.0000,-0.5000
2026-05-25T21:12:20.995603,15079,-0.2000,0.0000,0.0000,-0.5000
2026-05-25T21:12:21.095703,15080,-0.2000,0.0000,0.0000,-0.5000
2026-05-25T21:12:21.195864,15081,-0.2000,0.0000,0.0000,-0.5000
2026-05-25T21:12:21.296006,15082,-0.2000,0.0000,0.0000,-0.5000
2026-05-25T21:12:21.396149,15083,-0.2000,0.0000,0.0000,-0.5000
2026-05-25T21:12:21.496242,15084,-0.2000,0.0000,0.0000,-0.5000
2026-05-25T21:12:21.715390,15085,-0.2000,0.0000,0.0000,-0.5000
2026-05-25T21:12:21.815621,15086,-0.2000,0.0000,0.0000,-0.5000
2026-05-25T21:12:21.915704,15087,-0.2000,0.0000,0.0000,-0.5000
2026-05-25T21:12:22.015817,15088,-0.2000,0.0000,0.0000,-0.5000
2026-05-25T21:12:22.115962,15089,0.0000,0.0000,0.0000,0.5000
2026-05-25T21:12:22.216070,15090,0.0000,0.0000,0.0000,0.5000
2026-05-25T21:12:22.316851,15091,0.0000,0.0000,0.0000,0.5000
2026-05-25T21:12:22.416296,15092,0.0000,0.0000,0.0000,0.5000
2026-05-25T21:12:22.516324,15093,0.0000,0.0000,0.0000,0.5000
2026-05-25T21:12:22.735212,15094,0.0000,0.0000,0.0000,0.5000
2026-05-25T21:12:22.836271,15095,0.0000,0.0000,0.0000,0.5000
2026-05-25T21:12:22.936407,15096,0.0000,0.0000,0.0000,0.5000
2026-05-25T21:12:23.036779,15097,0.0000,0.0000,0.0000,0.5000
2026-05-25T21:12:23.136589,15098,0.0000,0.0000,0.0000,0.5000
2026-05-25T21:12:23.236761,15099,0.0000,0.0000,0.0000,0.5000
2026-05-25T21:12:23.336899,15100,0.0000,0.0000,0.0000,0.5000
2026-05-25T21:12:23.437048,15101,0.0000,0.0000,0.0000,0.5000
2026-05-25T21:12:23.537991,15102,0.0000,0.0000,0.0000,0.5000
2026-05-25T21:12:23.639328,15103,0.0000,0.0000,0.0000,0.5000
2026-05-25T21:12:23.739435,15104,0.0000,0.0000,0.0000,0.5000
2026-05-25T21:12:23.985365,15105,0.0000,0.0000,0.0000,0.5000
2026-05-25T21:12:24.085559,15106,0.0000,0.0000,0.0000,0.5000
2026-05-25T21:12:24.185603,15107,0.0000,0.0000,0.0000,0.5000
2026-05-25T21:12:24.285789,15108,0.0000,0.0000,0.0000,0.5000
2026-05-25T21:12:24.386729,15109,0.0000,0.0000,0.0000,0.5000
2026-05-25T21:12:24.486670,15110,0.0000,0.0000,0.0000,0.5000
2026-05-25T21:12:24.586855,15111,0.0000,0.0000,0.0000,0.5000
2026-05-25T21:12:24.686919,15112,0.0000,0.0000,0.0000,0.5000
2026-05-25T21:12:24.787289,15113,0.0000,0.0000,0.0000,0.5000
2026-05-25T21:12:24.887448,15114,0.0000,0.0000,0.0000,0.5000
2026-05-25T21:12:24.987725,15115,0.0000,0.0000,0.0000,0.5000
2026-05-25T21:12:25.185383,15116,0.0000,0.0000,0.0000,0.5000
2026-05-25T21:12:25.285500,15117,0.0000,0.0000,0.0000,0.5000
2026-05-25T21:12:25.387213,15118,0.0000,0.0000,0.0000,0.5000
2026-05-25T21:12:25.487295,15119,0.3000,0.0000,0.0000,0.0000
2026-05-25T21:12:25.587451,15120,0.3000,0.0000,0.0000,0.0000
2026-05-25T21:12:25.687585,15121,0.3000,0.0000,0.0000,0.0000
2026-05-25T21:12:25.787706,15122,0.3000,0.0000,0.0000,0.0000
2026-05-25T21:12:25.887860,15123,0.3000,0.0000,0.0000,0.0000
2026-05-25T21:12:25.988001,15124,0.3000,0.0000,0.0000,0.0000
2026-05-25T21:12:26.088166,15125,0.3000,0.0000,0.0000,0.0000
2026-05-25T21:12:26.188271,15126,0.3000,0.0000,0.0000,0.0000
2026-05-25T21:12:26.405337,15127,0.3000,0.0000,0.0000,0.0000
2026-05-25T21:12:26.505328,15128,0.3000,0.0000,0.0000,0.0000
2026-05-25T21:12:26.605505,15129,0.3000,0.0000,0.0000,0.0000
2026-05-25T21:12:26.705613,15130,0.3000,0.0000,0.0000,0.0000
2026-05-25T21:12:26.805730,15131,0.3000,0.0000,0.0000,0.0000
2026-05-25T21:12:26.905884,15132,0.3000,0.0000,0.0000,0.0000
2026-05-25T21:12:27.005980,15133,0.3000,0.0000,0.0000,0.0000
2026-05-25T21:12:27.106972,15134,0.3000,0.0000,0.0000,0.0000
2026-05-25T21:12:27.207085,15135,0.3000,0.0000,0.0000,0.0000
2026-05-25T21:12:27.375333,15136,0.3000,0.0000,0.0000,0.0000
2026-05-25T21:12:27.475384,15137,0.3000,0.0000,0.0000,0.0000
2026-05-25T21:12:27.576169,15138,0.3000,0.0000,0.0000,0.0000
2026-05-25T21:12:27.676248,15139,0.3000,0.0000,0.0000,0.0000
2026-05-25T21:12:27.777387,15140,0.3000,0.0000,0.0000,0.0000
2026-05-25T21:12:27.877539,15141,0.3000,0.0000,0.0000,0.0000
2026-05-25T21:12:27.977646,15142,0.3000,0.0000,0.0000,0.0000
2026-05-25T21:12:28.077754,15143,0.3000,0.0000,0.0000,0.0000
2026-05-25T21:12:28.177955,15144,0.3000,0.0000,0.0000,0.0000
2026-05-25T21:12:28.456404,15145,0.3000,0.0000,0.0000,0.0000
2026-05-25T21:12:28.556516,15146,0.3000,0.0000,0.0000,0.0000
2026-05-25T21:12:28.656662,15147,0.3000,0.0000,0.0000,0.0000
2026-05-25T21:12:28.756803,15148,0.3000,0.0000,0.0000,0.0000
2026-05-25T21:12:28.857006,15149,0.0000,0.0000,0.0000,-0.5000
2026-05-25T21:12:28.957092,15150,0.0000,0.0000,0.0000,-0.5000
2026-05-25T21:12:29.057527,15151,0.0000,0.0000,0.0000,-0.5000
2026-05-25T21:12:29.157650,15152,0.0000,0.0000,0.0000,-0.5000
2026-05-25T21:12:29.258069,15153,0.0000,0.0000,0.0000,-0.5000
2026-05-25T21:12:29.357962,15154,0.0000,0.0000,0.0000,-0.5000
2026-05-25T21:12:29.458224,15155,0.0000,0.0000,0.0000,-0.5000
2026-05-25T21:12:29.558399,15156,0.0000,0.0000,0.0000,-0.5000
2026-05-25T21:12:29.658339,15157,0.0000,0.0000,0.0000,-0.5000
2026-05-25T21:12:29.935648,15158,0.0000,0.0000,0.0000,-0.5000
2026-05-25T21:12:30.038345,15159,0.0000,0.0000,0.0000,-0.5000
2026-05-25T21:12:30.138464,15160,0.0000,0.0000,0.0000,-0.5000
2026-05-25T21:12:30.238608,15161,0.0000,0.0000,0.0000,-0.5000
2026-05-25T21:12:30.338705,15162,0.0000,0.0000,0.0000,-0.5000
2026-05-25T21:12:30.438831,15163,0.0000,0.0000,0.0000,-0.5000
2026-05-25T21:12:30.538994,15164,0.0000,0.0000,0.0000,-0.5000
2026-05-25T21:12:30.639576,15165,0.0000,0.0000,0.0000,-0.5000
2026-05-25T21:12:30.739724,15166,0.0000,0.0000,0.0000,-0.5000
2026-05-25T21:12:30.839890,15167,0.0000,0.0000,0.0000,-0.5000
2026-05-25T21:12:30.939991,15168,0.0000,0.0000,0.0000,-0.5000
2026-05-25T21:12:31.040114,15169,0.0000,0.0000,0.0000,-0.5000
2026-05-25T21:12:31.140420,15170,0.0000,0.0000,0.0000,-0.5000
2026-05-25T21:12:31.359640,15171,0.0000,0.0000,0.0000,-0.5000
2026-05-25T21:12:31.459464,15172,0.0000,0.0000,0.0000,-0.5000
2026-05-25T21:12:31.559589,15173,0.0000,0.0000,0.0000,-0.5000
2026-05-25T21:12:31.660323,15174,0.0000,0.0000,0.0000,-0.5000
2026-05-25T21:12:31.760436,15175,0.0000,0.0000,0.0000,-0.5000
2026-05-25T21:12:31.860559,15176,0.0000,0.0000,0.0000,-0.5000
2026-05-25T21:12:31.960692,15177,0.0000,0.0000,0.0000,-0.5000
2026-05-25T21:12:32.060830,15178,0.0000,0.0000,0.0000,-0.5000
2026-05-25T21:12:32.160976,15179,-0.2000,0.0000,0.0000,-0.5000
2026-05-25T21:12:32.385900,15180,-0.2000,0.0000,0.0000,-0.5000
2026-05-25T21:12:32.485979,15181,-0.2000,0.0000,0.0000,-0.5000
2026-05-25T21:12:32.586183,15182,-0.2000,0.0000,0.0000,-0.5000
2026-05-25T21:12:32.686301,15183,-0.2000,0.0000,0.0000,-0.5000
2026-05-25T21:12:32.786389,15184,-0.2000,0.0000,0.0000,-0.5000
2026-05-25T21:12:32.886531,15185,-0.2000,0.0000,0.0000,-0.5000
2026-05-25T21:12:32.986618,15186,-0.2000,0.0000,0.0000,-0.5000
2026-05-25T21:12:33.086704,15187,-0.2000,0.0000,0.0000,-0.5000
2026-05-25T21:12:33.187253,15188,-0.2000,0.0000,0.0000,-0.5000
2026-05-25T21:12:33.287336,15189,-0.2000,0.0000,0.0000,-0.5000
2026-05-25T21:12:33.387495,15190,-0.2000,0.0000,0.0000,-0.5000
2026-05-25T21:12:33.595947,15191,-0.2000,0.0000,0.0000,-0.5000
2026-05-25T21:12:33.695690,15192,-0.2000,0.0000,0.0000,-0.5000
2026-05-25T21:12:33.795762,15193,-0.2000,0.0000,0.0000,-0.5000
2026-05-25T21:12:33.895951,15194,-0.2000,0.0000,0.0000,-0.5000
2026-05-25T21:12:33.996043,15195,-0.2000,0.0000,0.0000,-0.5000
2026-05-25T21:12:34.096248,15196,-0.2000,0.0000,0.0000,-0.5000
2026-05-25T21:12:34.196355,15197,-0.2000,0.0000,0.0000,-0.5000
2026-05-25T21:12:34.296356,15198,-0.2000,0.0000,0.0000,-0.5000
2026-05-25T21:12:34.396531,15199,-0.2000,0.0000,0.0000,-0.5000
2026-05-25T21:12:34.559881,15200,-0.2000,0.0000,0.0000,-0.5000
2026-05-25T21:12:34.660017,15201,-0.2000,0.0000,0.0000,-0.5000
2026-05-25T21:12:34.761366,15202,-0.2000,0.0000,0.0000,-0.5000
2026-05-25T21:12:34.861608,15203,-0.2000,0.0000,0.0000,-0.5000
2026-05-25T21:12:34.961662,15204,-0.2000,0.0000,0.0000,-0.5000
2026-05-25T21:12:35.061779,15205,-0.2000,0.0000,0.0000,-0.5000
2026-05-25T21:12:35.161762,15206,-0.2000,0.0000,0.0000,-0.5000
2026-05-25T21:12:35.261959,15207,-0.2000,0.0000,0.0000,-0.5000
2026-05-25T21:12:35.362105,15208,-0.2000,0.0000,0.0000,-0.5000
2026-05-25T21:12:35.615564,15209,0.0000,0.0000,0.0000,0.5000
2026-05-25T21:12:35.715669,15210,0.0000,0.0000,0.0000,0.5000
2026-05-25T21:12:35.816198,15211,0.0000,0.0000,0.0000,0.5000
2026-05-25T21:12:35.916319,15212,0.0000,0.0000,0.0000,0.5000
2026-05-25T21:12:36.016386,15213,0.0000,0.0000,0.0000,0.5000
2026-05-25T21:12:36.116526,15214,0.0000,0.0000,0.0000,0.5000
2026-05-25T21:12:36.216651,15215,0.0000,0.0000,0.0000,0.5000
2026-05-25T21:12:36.316860,15216,0.0000,0.0000,0.0000,0.5000
2026-05-25T21:12:36.416879,15217,0.0000,0.0000,0.0000,0.5000
2026-05-25T21:12:36.625641,15218,0.0000,0.0000,0.0000,0.5000
2026-05-25T21:12:36.726051,15219,0.0000,0.0000,0.0000,0.5000
2026-05-25T21:12:36.826180,15220,0.0000,0.0000,0.0000,0.5000
2026-05-25T21:12:36.926323,15221,0.0000,0.0000,0.0000,0.5000
2026-05-25T21:12:37.026368,15222,0.0000,0.0000,0.0000,0.5000
2026-05-25T21:12:37.126499,15223,0.0000,0.0000,0.0000,0.5000
2026-05-25T21:12:37.226614,15224,0.0000,0.0000,0.0000,0.5000
2026-05-25T21:12:37.327383,15225,0.0000,0.0000,0.0000,0.5000
2026-05-25T21:12:37.426859,15226,0.0000,0.0000,0.0000,0.5000
2026-05-25T21:12:37.656238,15227,0.0000,0.0000,0.0000,0.5000
2026-05-25T21:12:37.756392,15228,0.0000,0.0000,0.0000,0.5000
2026-05-25T21:12:37.856432,15229,0.0000,0.0000,0.0000,0.5000
2026-05-25T21:12:37.956618,15230,0.0000,0.0000,0.0000,0.5000
2026-05-25T21:12:38.056735,15231,0.0000,0.0000,0.0000,0.5000
2026-05-25T21:12:38.156886,15232,0.0000,0.0000,0.0000,0.5000
2026-05-25T21:12:38.256974,15233,0.0000,0.0000,0.0000,0.5000
2026-05-25T21:12:38.357131,15234,0.0000,0.0000,0.0000,0.5000
2026-05-25T21:12:38.457302,15235,0.0000,0.0000,0.0000,0.5000
2026-05-25T21:12:38.557485,15236,0.0000,0.0000,0.0000,0.5000
2026-05-25T21:12:38.657584,15237,0.0000,0.0000,0.0000,0.5000
2026-05-25T21:12:38.875563,15238,0.0000,0.0000,0.0000,0.5000
2026-05-25T21:12:38.975637,15239,0.3000,0.0000,0.0000,0.0000
2026-05-25T21:12:39.075784,15240,0.3000,0.0000,0.0000,0.0000
2026-05-25T21:12:39.175909,15241,0.3000,0.0000,0.0000,0.0000
2026-05-25T21:12:39.276067,15242,0.3000,0.0000,0.0000,0.0000
2026-05-25T21:12:39.376201,15243,0.3000,0.0000,0.0000,0.0000
2026-05-25T21:12:39.476354,15244,0.3000,0.0000,0.0000,0.0000
2026-05-25T21:12:39.576458,15245,0.3000,0.0000,0.0000,0.0000
2026-05-25T21:12:39.676886,15246,0.3000,0.0000,0.0000,0.0000
2026-05-25T21:12:39.885684,15247,0.3000,0.0000,0.0000,0.0000
2026-05-25T21:12:39.985754,15248,0.3000,0.0000,0.0000,0.0000
2026-05-25T21:12:40.085928,15249,0.3000,0.0000,0.0000,0.0000
2026-05-25T21:12:40.186059,15250,0.3000,0.0000,0.0000,0.0000
2026-05-25T21:12:40.286208,15251,0.3000,0.0000,0.0000,0.0000
2026-05-25T21:12:40.386334,15252,0.3000,0.0000,0.0000,0.0000
2026-05-25T21:12:40.487141,15253,0.3000,0.0000,0.0000,0.0000
2026-05-25T21:12:40.587267,15254,0.3000,0.0000,0.0000,0.0000
2026-05-25T21:12:40.687305,15255,0.3000,0.0000,0.0000,0.0000
2026-05-25T21:12:40.799549,15256,0.3000,0.0000,0.0000,0.0000
2026-05-25T21:12:40.905749,15257,0.3000,0.0000,0.0000,0.0000
2026-05-25T21:12:41.005675,15258,0.3000,0.0000,0.0000,0.0000
2026-05-25T21:12:41.105785,15259,0.3000,0.0000,0.0000,0.0000
2026-05-25T21:12:41.205950,15260,0.3000,0.0000,0.0000,0.0000
2026-05-25T21:12:41.306094,15261,0.3000,0.0000,0.0000,0.0000
2026-05-25T21:12:41.406183,15262,0.3000,0.0000,0.0000,0.0000
2026-05-25T21:12:41.506372,15263,0.3000,0.0000,0.0000,0.0000
2026-05-25T21:12:41.606553,15264,0.3000,0.0000,0.0000,0.0000
2026-05-25T21:12:41.706630,15265,0.3000,0.0000,0.0000,0.0000
2026-05-25T21:12:41.806792,15266,0.3000,0.0000,0.0000,0.0000
2026-05-25T21:12:41.906923,15267,0.3000,0.0000,0.0000,0.0000
2026-05-25T21:12:42.127065,15268,0.3000,0.0000,0.0000,0.0000
2026-05-25T21:12:42.226312,15269,0.0000,0.0000,0.0000,-0.5000
2026-05-25T21:12:42.329033,15270,0.0000,0.0000,0.0000,-0.5000
2026-05-25T21:12:42.426577,15271,0.0000,0.0000,0.0000,-0.5000
2026-05-25T21:12:42.526508,15272,0.0000,0.0000,0.0000,-0.5000
2026-05-25T21:12:42.626687,15273,0.0000,0.0000,0.0000,-0.5000
2026-05-25T21:12:42.726837,15274,0.0000,0.0000,0.0000,-0.5000
2026-05-25T21:12:42.826987,15275,0.0000,0.0000,0.0000,-0.5000
2026-05-25T21:12:42.927091,15276,0.0000,0.0000,0.0000,-0.5000
2026-05-25T21:12:43.079562,15277,0.0000,0.0000,0.0000,-0.5000
2026-05-25T21:12:43.179701,15278,0.0000,0.0000,0.0000,-0.5000
2026-05-25T21:12:43.279797,15279,0.0000,0.0000,0.0000,-0.5000
2026-05-25T21:12:43.379879,15280,0.0000,0.0000,0.0000,-0.5000
2026-05-25T21:12:43.480054,15281,0.0000,0.0000,0.0000,-0.5000
2026-05-25T21:12:43.580404,15282,0.0000,0.0000,0.0000,-0.5000
2026-05-25T21:12:43.680497,15283,0.0000,0.0000,0.0000,-0.5000
2026-05-25T21:12:43.780780,15284,0.0000,0.0000,0.0000,-0.5000
2026-05-25T21:12:43.880815,15285,0.0000,0.0000,0.0000,-0.5000
2026-05-25T21:12:43.980962,15286,0.0000,0.0000,0.0000,-0.5000
2026-05-25T21:12:44.081978,15287,0.0000,0.0000,0.0000,-0.5000
2026-05-25T21:12:44.182181,15288,0.0000,0.0000,0.0000,-0.5000
2026-05-25T21:12:44.283432,15289,0.0000,0.0000,0.0000,-0.5000
2026-05-25T21:12:44.555750,15290,0.0000,0.0000,0.0000,-0.5000
2026-05-25T21:12:44.655793,15291,0.0000,0.0000,0.0000,-0.5000
2026-05-25T21:12:44.755929,15292,0.0000,0.0000,0.0000,-0.5000
2026-05-25T21:12:44.856294,15293,0.0000,0.0000,0.0000,-0.5000
2026-05-25T21:12:44.956202,15294,0.0000,0.0000,0.0000,-0.5000
2026-05-25T21:12:45.056463,15295,0.0000,0.0000,0.0000,-0.5000
2026-05-25T21:12:45.156745,15296,0.0000,0.0000,0.0000,-0.5000
2026-05-25T21:12:45.256700,15297,0.0000,0.0000,0.0000,-0.5000
2026-05-25T21:12:45.356846,15298,0.0000,0.0000,0.0000,-0.5000
2026-05-25T21:12:45.566196,15299,-0.2000,0.0000,0.0000,-0.5000
2026-05-25T21:12:45.665911,15300,-0.2000,0.0000,0.0000,-0.5000
2026-05-25T21:12:45.766065,15301,-0.2000,0.0000,0.0000,-0.5000
2026-05-25T21:12:45.866182,15302,-0.2000,0.0000,0.0000,-0.5000
2026-05-25T21:12:45.966468,15303,-0.2000,0.0000,0.0000,-0.5000
2026-05-25T21:12:46.067534,15304,-0.2000,0.0000,0.0000,-0.5000
2026-05-25T21:12:46.167778,15305,-0.2000,0.0000,0.0000,-0.5000
2026-05-25T21:12:46.267890,15306,-0.2000,0.0000,0.0000,-0.5000
2026-05-25T21:12:46.368053,15307,-0.2000,0.0000,0.0000,-0.5000
2026-05-25T21:12:46.468158,15308,-0.2000,0.0000,0.0000,-0.5000
2026-05-25T21:12:46.568321,15309,-0.2000,0.0000,0.0000,-0.5000
2026-05-25T21:12:46.785701,15310,-0.2000,0.0000,0.0000,-0.5000
2026-05-25T21:12:46.885836,15311,-0.2000,0.0000,0.0000,-0.5000
2026-05-25T21:12:46.985971,15312,-0.2000,0.0000,0.0000,-0.5000
2026-05-25T21:12:47.086144,15313,-0.2000,0.0000,0.0000,-0.5000
2026-05-25T21:12:47.186240,15314,-0.2000,0.0000,0.0000,-0.5000
2026-05-25T21:12:47.286325,15315,-0.2000,0.0000,0.0000,-0.5000
2026-05-25T21:12:47.386467,15316,-0.2000,0.0000,0.0000,-0.5000
2026-05-25T21:12:47.486579,15317,-0.2000,0.0000,0.0000,-0.5000
2026-05-25T21:12:47.586922,15318,-0.2000,0.0000,0.0000,-0.5000
2026-05-25T21:12:47.686859,15319,-0.2000,0.0000,0.0000,-0.5000
2026-05-25T21:12:47.787185,15320,-0.2000,0.0000,0.0000,-0.5000
2026-05-25T21:12:48.005674,15321,-0.2000,0.0000,0.0000,-0.5000
2026-05-25T21:12:48.105793,15322,-0.2000,0.0000,0.0000,-0.5000
2026-05-25T21:12:48.205919,15323,-0.2000,0.0000,0.0000,-0.5000
2026-05-25T21:12:48.306524,15324,-0.2000,0.0000,0.0000,-0.5000
2026-05-25T21:12:48.406194,15325,-0.2000,0.0000,0.0000,-0.5000
2026-05-25T21:12:48.506330,15326,-0.2000,0.0000,0.0000,-0.5000
2026-05-25T21:12:48.609322,15327,-0.2000,0.0000,0.0000,-0.5000
2026-05-25T21:12:48.709424,15328,-0.2000,0.0000,0.0000,-0.5000
2026-05-25T21:12:48.809539,15329,0.0000,0.0000,0.0000,0.5000
2026-05-25T21:12:48.909705,15330,0.0000,0.0000,0.0000,0.5000
2026-05-25T21:12:49.009853,15331,0.0000,0.0000,0.0000,0.5000
2026-05-25T21:12:49.109952,15332,0.0000,0.0000,0.0000,0.5000
2026-05-25T21:12:49.210125,15333,0.0000,0.0000,0.0000,0.5000
2026-05-25T21:12:49.425665,15334,0.0000,0.0000,0.0000,0.5000
2026-05-25T21:12:49.525796,15335,0.0000,0.0000,0.0000,0.5000
2026-05-25T21:12:49.625915,15336,0.0000,0.0000,0.0000,0.5000
2026-05-25T21:12:49.726034,15337,0.0000,0.0000,0.0000,0.5000
2026-05-25T21:12:49.826167,15338,0.0000,0.0000,0.0000,0.5000
2026-05-25T21:12:49.926286,15339,0.0000,0.0000,0.0000,0.5000
2026-05-25T21:12:50.026528,15340,0.0000,0.0000,0.0000,0.5000
2026-05-25T21:12:50.127024,15341,0.0000,0.0000,0.0000,0.5000
2026-05-25T21:12:50.226794,15342,0.0000,0.0000,0.0000,0.5000
2026-05-25T21:12:50.326720,15343,0.0000,0.0000,0.0000,0.5000
2026-05-25T21:12:50.426870,15344,0.0000,0.0000,0.0000,0.5000
2026-05-25T21:12:50.656495,15345,0.0000,0.0000,0.0000,0.5000
2026-05-25T21:12:50.755942,15346,0.0000,0.0000,0.0000,0.5000
2026-05-25T21:12:50.856258,15347,0.0000,0.0000,0.0000,0.5000
2026-05-25T21:12:50.956323,15348,0.0000,0.0000,0.0000,0.5000
2026-05-25T21:12:51.056454,15349,0.0000,0.0000,0.0000,0.5000
2026-05-25T21:12:51.156794,15350,0.0000,0.0000,0.0000,0.5000
2026-05-25T21:12:51.256716,15351,0.0000,0.0000,0.0000,0.5000
2026-05-25T21:12:51.356801,15352,0.0000,0.0000,0.0000,0.5000
2026-05-25T21:12:51.457463,15353,0.0000,0.0000,0.0000,0.5000
2026-05-25T21:12:51.557623,15354,0.0000,0.0000,0.0000,0.5000
2026-05-25T21:12:51.658010,15355,0.0000,0.0000,0.0000,0.5000
2026-05-25T21:12:51.885816,15356,0.0000,0.0000,0.0000,0.5000
2026-05-25T21:12:51.986023,15357,0.0000,0.0000,0.0000,0.5000
2026-05-25T21:12:52.086028,15358,0.0000,0.0000,0.0000,0.5000
2026-05-25T21:12:52.186147,15359,0.3000,0.0000,0.0000,0.0000
2026-05-25T21:12:52.286228,15360,0.3000,0.0000,0.0000,0.0000
2026-05-25T21:12:52.386341,15361,0.3000,0.0000,0.0000,0.0000
2026-05-25T21:12:52.486448,15362,0.3000,0.0000,0.0000,0.0000
2026-05-25T21:12:52.586414,15363,0.3000,0.0000,0.0000,0.0000
2026-05-25T21:12:52.686516,15364,0.3000,0.0000,0.0000,0.0000
2026-05-25T21:12:52.916428,15365,0.3000,0.0000,0.0000,0.0000
2026-05-25T21:12:53.017061,15366,0.3000,0.0000,0.0000,0.0000
2026-05-25T21:12:53.116561,15367,0.3000,0.0000,0.0000,0.0000
2026-05-25T21:12:53.217283,15368,0.3000,0.0000,0.0000,0.0000
2026-05-25T21:12:53.316734,15369,0.3000,0.0000,0.0000,0.0000
2026-05-25T21:12:53.418577,15370,0.3000,0.0000,0.0000,0.0000
2026-05-25T21:12:53.517077,15371,0.3000,0.0000,0.0000,0.0000
2026-05-25T21:12:53.617221,15372,0.3000,0.0000,0.0000,0.0000
2026-05-25T21:12:53.717322,15373,0.3000,0.0000,0.0000,0.0000
2026-05-25T21:12:53.817474,15374,0.3000,0.0000,0.0000,0.0000
2026-05-25T21:12:53.917581,15375,0.3000,0.0000,0.0000,0.0000
2026-05-25T21:12:54.085898,15376,0.3000,0.0000,0.0000,0.0000
2026-05-25T21:12:54.186009,15377,0.3000,0.0000,0.0000,0.0000
2026-05-25T21:12:54.286200,15378,0.3000,0.0000,0.0000,0.0000
2026-05-25T21:12:54.388099,15379,0.3000,0.0000,0.0000,0.0000
2026-05-25T21:12:54.486580,15380,0.3000,0.0000,0.0000,0.0000
2026-05-25T21:12:54.589389,15381,0.3000,0.0000,0.0000,0.0000
2026-05-25T21:12:54.689548,15382,0.3000,0.0000,0.0000,0.0000
2026-05-25T21:12:54.789649,15383,0.3000,0.0000,0.0000,0.0000
2026-05-25T21:12:54.889818,15384,0.3000,0.0000,0.0000,0.0000
2026-05-25T21:12:54.990069,15385,0.3000,0.0000,0.0000,0.0000
2026-05-25T21:12:55.090634,15386,0.3000,0.0000,0.0000,0.0000
2026-05-25T21:12:55.375893,15387,0.3000,0.0000,0.0000,0.0000
2026-05-25T21:12:55.475943,15388,0.3000,0.0000,0.0000,0.0000
2026-05-25T21:12:55.575980,15389,0.0000,0.0000,0.0000,-0.5000
2026-05-25T21:12:55.676112,15390,0.0000,0.0000,0.0000,-0.5000
2026-05-25T21:12:55.776799,15391,0.0000,0.0000,0.0000,-0.5000
2026-05-25T21:12:55.876993,15392,0.0000,0.0000,0.0000,-0.5000
2026-05-25T21:12:55.977045,15393,0.0000,0.0000,0.0000,-0.5000
2026-05-25T21:12:56.077148,15394,0.0000,0.0000,0.0000,-0.5000
2026-05-25T21:12:56.178749,15395,0.0000,0.0000,0.0000,-0.5000
2026-05-25T21:12:56.278976,15396,0.0000,0.0000,0.0000,-0.5000
2026-05-25T21:12:56.379042,15397,0.0000,0.0000,0.0000,-0.5000
2026-05-25T21:12:56.585928,15398,0.0000,0.0000,0.0000,-0.5000
2026-05-25T21:12:56.686058,15399,0.0000,0.0000,0.0000,-0.5000
2026-05-25T21:12:56.787316,15400,0.0000,0.0000,0.0000,-0.5000
2026-05-25T21:12:56.887926,15401,0.0000,0.0000,0.0000,-0.5000
2026-05-25T21:12:56.987579,15402,0.0000,0.0000,0.0000,-0.5000
2026-05-25T21:12:57.087723,15403,0.0000,0.0000,0.0000,-0.5000
2026-05-25T21:12:57.187904,15404,0.0000,0.0000,0.0000,-0.5000
2026-05-25T21:12:57.288012,15405,0.0000,0.0000,0.0000,-0.5000
2026-05-25T21:12:57.388336,15406,0.0000,0.0000,0.0000,-0.5000
2026-05-25T21:12:57.595824,15407,0.0000,0.0000,0.0000,-0.5000
2026-05-25T21:12:57.696327,15408,0.0000,0.0000,0.0000,-0.5000
2026-05-25T21:12:57.796320,15409,0.0000,0.0000,0.0000,-0.5000
2026-05-25T21:12:57.896482,15410,0.0000,0.0000,0.0000,-0.5000
2026-05-25T21:12:57.996591,15411,0.0000,0.0000,0.0000,-0.5000
2026-05-25T21:12:58.096683,15412,0.0000,0.0000,0.0000,-0.5000
2026-05-25T21:12:58.196846,15413,0.0000,0.0000,0.0000,-0.5000
2026-05-25T21:12:58.296969,15414,0.0000,0.0000,0.0000,-0.5000
2026-05-25T21:12:58.397114,15415,0.0000,0.0000,0.0000,-0.5000
2026-05-25T21:12:58.605981,15416,0.0000,0.0000,0.0000,-0.5000
2026-05-25T21:12:58.706087,15417,0.0000,0.0000,0.0000,-0.5000
2026-05-25T21:12:58.806236,15418,0.0000,0.0000,0.0000,-0.5000
2026-05-25T21:12:58.906849,15419,-0.2000,0.0000,0.0000,-0.5000
2026-05-25T21:12:59.006687,15420,-0.2000,0.0000,0.0000,-0.5000
2026-05-25T21:12:59.106601,15421,-0.2000,0.0000,0.0000,-0.5000
2026-05-25T21:12:59.206743,15422,-0.2000,0.0000,0.0000,-0.5000
2026-05-25T21:12:59.306804,15423,-0.2000,0.0000,0.0000,-0.5000
2026-05-25T21:12:59.406885,15424,-0.2000,0.0000,0.0000,-0.5000
2026-05-25T21:12:59.506974,15425,-0.2000,0.0000,0.0000,-0.5000
2026-05-25T21:12:59.607078,15426,-0.2000,0.0000,0.0000,-0.5000
2026-05-25T21:12:59.826099,15427,-0.2000,0.0000,0.0000,-0.5000
2026-05-25T21:12:59.926078,15428,-0.2000,0.0000,0.0000,-0.5000
2026-05-25T21:13:00.026368,15429,-0.2000,0.0000,0.0000,-0.5000
2026-05-25T21:13:00.127252,15430,-0.2000,0.0000,0.0000,-0.5000
2026-05-25T21:13:00.226615,15431,-0.2000,0.0000,0.0000,-0.5000
2026-05-25T21:13:00.326730,15432,-0.2000,0.0000,0.0000,-0.5000
2026-05-25T21:13:00.426851,15433,-0.2000,0.0000,0.0000,-0.5000
2026-05-25T21:13:00.527002,15434,-0.2000,0.0000,0.0000,-0.5000
2026-05-25T21:13:00.627319,15435,-0.2000,0.0000,0.0000,-0.5000
2026-05-25T21:13:00.727433,15436,-0.2000,0.0000,0.0000,-0.5000
2026-05-25T21:13:00.827554,15437,-0.2000,0.0000,0.0000,-0.5000
2026-05-25T21:13:01.046072,15438,-0.2000,0.0000,0.0000,-0.5000
2026-05-25T21:13:01.146162,15439,-0.2000,0.0000,0.0000,-0.5000
2026-05-25T21:13:01.246835,15440,-0.2000,0.0000,0.0000,-0.5000
2026-05-25T21:13:01.346784,15441,-0.2000,0.0000,0.0000,-0.5000
2026-05-25T21:13:01.446918,15442,-0.2000,0.0000,0.0000,-0.5000
2026-05-25T21:13:01.547031,15443,-0.2000,0.0000,0.0000,-0.5000
2026-05-25T21:13:01.647196,15444,-0.2000,0.0000,0.0000,-0.5000
2026-05-25T21:13:01.747243,15445,-0.2000,0.0000,0.0000,-0.5000
2026-05-25T21:13:01.847342,15446,-0.2000,0.0000,0.0000,-0.5000
2026-05-25T21:13:01.947466,15447,-0.2000,0.0000,0.0000,-0.5000
2026-05-25T21:13:02.047553,15448,-0.2000,0.0000,0.0000,-0.5000
2026-05-25T21:13:02.266067,15449,0.0000,0.0000,0.0000,0.5000
2026-05-25T21:13:02.366194,15450,0.0000,0.0000,0.0000,0.5000
2026-05-25T21:13:02.466855,15451,0.0000,0.0000,0.0000,0.5000
2026-05-25T21:13:02.566474,15452,0.0000,0.0000,0.0000,0.5000
2026-05-25T21:13:02.668918,15453,0.0000,0.0000,0.0000,0.5000
2026-05-25T21:13:02.769088,15454,0.0000,0.0000,0.0000,0.5000
2026-05-25T21:13:02.869169,15455,0.0000,0.0000,0.0000,0.5000
2026-05-25T21:13:02.969324,15456,0.0000,0.0000,0.0000,0.5000
2026-05-25T21:13:03.069423,15457,0.0000,0.0000,0.0000,0.5000
2026-05-25T21:13:03.170328,15458,0.0000,0.0000,0.0000,0.5000
2026-05-25T21:13:03.270488,15459,0.0000,0.0000,0.0000,0.5000
2026-05-25T21:13:03.476590,15460,0.0000,0.0000,0.0000,0.5000
2026-05-25T21:13:03.577052,15461,0.0000,0.0000,0.0000,0.5000
2026-05-25T21:13:03.678220,15462,0.0000,0.0000,0.0000,0.5000
2026-05-25T21:13:03.778327,15463,0.0000,0.0000,0.0000,0.5000
2026-05-25T21:13:03.878428,15464,0.0000,0.0000,0.0000,0.5000
2026-05-25T21:13:03.978582,15465,0.0000,0.0000,0.0000,0.5000
2026-05-25T21:13:04.078683,15466,0.0000,0.0000,0.0000,0.5000
2026-05-25T21:13:04.178859,15467,0.0000,0.0000,0.0000,0.5000
2026-05-25T21:13:04.279022,15468,0.0000,0.0000,0.0000,0.5000
2026-05-25T21:13:04.379109,15469,0.0000,0.0000,0.0000,0.5000
2026-05-25T21:13:04.479225,15470,0.0000,0.0000,0.0000,0.5000
2026-05-25T21:13:04.696085,15471,0.0000,0.0000,0.0000,0.5000
2026-05-25T21:13:04.796103,15472,0.0000,0.0000,0.0000,0.5000
2026-05-25T21:13:04.896262,15473,0.0000,0.0000,0.0000,0.5000
2026-05-25T21:13:04.996343,15474,0.0000,0.0000,0.0000,0.5000
2026-05-25T21:13:05.096460,15475,0.0000,0.0000,0.0000,0.5000
2026-05-25T21:13:05.196610,15476,0.0000,0.0000,0.0000,0.5000
2026-05-25T21:13:05.296720,15477,0.0000,0.0000,0.0000,0.5000
2026-05-25T21:13:05.396875,15478,0.0000,0.0000,0.0000,0.5000
2026-05-25T21:13:05.497406,15479,0.3000,0.0000,0.0000,0.0000
2026-05-25T21:13:05.597160,15480,0.3000,0.0000,0.0000,0.0000
2026-05-25T21:13:05.697295,15481,0.3000,0.0000,0.0000,0.0000
2026-05-25T21:13:05.797320,15482,0.3000,0.0000,0.0000,0.0000
2026-05-25T21:13:05.899166,15483,0.3000,0.0000,0.0000,0.0000
2026-05-25T21:13:06.116040,15484,0.3000,0.0000,0.0000,0.0000
2026-05-25T21:13:06.216129,15485,0.3000,0.0000,0.0000,0.0000
2026-05-25T21:13:06.316322,15486,0.3000,0.0000,0.0000,0.0000
2026-05-25T21:13:06.416363,15487,0.3000,0.0000,0.0000,0.0000
2026-05-25T21:13:06.516497,15488,0.3000,0.0000,0.0000,0.0000
2026-05-25T21:13:06.616844,15489,0.3000,0.0000,0.0000,0.0000
2026-05-25T21:13:06.716785,15490,0.3000,0.0000,0.0000,0.0000
2026-05-25T21:13:06.817830,15491,0.3000,0.0000,0.0000,0.0000
2026-05-25T21:13:06.917862,15492,0.3000,0.0000,0.0000,0.0000
2026-05-25T21:13:07.126038,15493,0.3000,0.0000,0.0000,0.0000
2026-05-25T21:13:07.226357,15494,0.3000,0.0000,0.0000,0.0000
2026-05-25T21:13:07.326288,15495,0.3000,0.0000,0.0000,0.0000
2026-05-25T21:13:07.426352,15496,0.3000,0.0000,0.0000,0.0000
2026-05-25T21:13:07.526467,15497,0.3000,0.0000,0.0000,0.0000
2026-05-25T21:13:07.626602,15498,0.3000,0.0000,0.0000,0.0000
2026-05-25T21:13:07.726812,15499,0.3000,0.0000,0.0000,0.0000
2026-05-25T21:13:07.826926,15500,0.3000,0.0000,0.0000,0.0000
2026-05-25T21:13:07.927037,15501,0.3000,0.0000,0.0000,0.0000
2026-05-25T21:13:08.028198,15502,0.3000,0.0000,0.0000,0.0000
2026-05-25T21:13:08.127255,15503,0.3000,0.0000,0.0000,0.0000
2026-05-25T21:13:08.386159,15504,0.3000,0.0000,0.0000,0.0000
2026-05-25T21:13:08.486276,15505,0.3000,0.0000,0.0000,0.0000
2026-05-25T21:13:08.586359,15506,0.3000,0.0000,0.0000,0.0000
2026-05-25T21:13:08.686450,15507,0.3000,0.0000,0.0000,0.0000
2026-05-25T21:13:08.786602,15508,0.3000,0.0000,0.0000,0.0000
2026-05-25T21:13:08.886719,15509,0.0000,0.0000,0.0000,-0.5000
2026-05-25T21:13:08.986932,15510,0.0000,0.0000,0.0000,-0.5000
2026-05-25T21:13:09.087021,15511,0.0000,0.0000,0.0000,-0.5000
2026-05-25T21:13:09.190002,15512,0.0000,0.0000,0.0000,-0.5000
2026-05-25T21:13:09.287293,15513,0.0000,0.0000,0.0000,-0.5000
2026-05-25T21:13:09.387407,15514,0.0000,0.0000,0.0000,-0.5000
2026-05-25T21:13:09.488232,15515,0.0000,0.0000,0.0000,-0.5000
2026-05-25T21:13:09.588346,15516,0.0000,0.0000,0.0000,-0.5000
2026-05-25T21:13:09.764069,15517,0.0000,0.0000,0.0000,-0.5000
2026-05-25T21:13:09.864162,15518,0.0000,0.0000,0.0000,-0.5000
2026-05-25T21:13:09.965195,15519,0.0000,0.0000,0.0000,-0.5000
2026-05-25T21:13:10.065029,15520,0.0000,0.0000,0.0000,-0.5000
2026-05-25T21:13:10.165178,15521,0.0000,0.0000,0.0000,-0.5000
2026-05-25T21:13:10.265319,15522,0.0000,0.0000,0.0000,-0.5000
2026-05-25T21:13:10.365432,15523,0.0000,0.0000,0.0000,-0.5000
2026-05-25T21:13:10.465588,15524,0.0000,0.0000,0.0000,-0.5000
2026-05-25T21:13:10.567298,15525,0.0000,0.0000,0.0000,-0.5000
2026-05-25T21:13:10.667446,15526,0.0000,0.0000,0.0000,-0.5000
2026-05-25T21:13:10.767562,15527,0.0000,0.0000,0.0000,-0.5000
2026-05-25T21:13:11.076082,15528,0.0000,0.0000,0.0000,-0.5000
2026-05-25T21:13:11.176968,15529,0.0000,0.0000,0.0000,-0.5000
2026-05-25T21:13:11.277306,15530,0.0000,0.0000,0.0000,-0.5000
2026-05-25T21:13:11.377466,15531,0.0000,0.0000,0.0000,-0.5000
2026-05-25T21:13:11.477566,15532,0.0000,0.0000,0.0000,-0.5000
2026-05-25T21:13:11.577715,15533,0.0000,0.0000,0.0000,-0.5000
2026-05-25T21:13:11.677875,15534,0.0000,0.0000,0.0000,-0.5000
2026-05-25T21:13:11.777968,15535,0.0000,0.0000,0.0000,-0.5000
2026-05-25T21:13:11.878099,15536,0.0000,0.0000,0.0000,-0.5000
2026-05-25T21:13:11.978235,15537,0.0000,0.0000,0.0000,-0.5000
2026-05-25T21:13:12.078327,15538,0.0000,0.0000,0.0000,-0.5000
2026-05-25T21:13:12.178450,15539,-0.2000,0.0000,0.0000,-0.5000
2026-05-25T21:13:12.283759,15540,-0.2000,0.0000,0.0000,-0.5000
2026-05-25T21:13:12.406118,15541,-0.2000,0.0000,0.0000,-0.5000
2026-05-25T21:13:12.576147,15542,-0.2000,0.0000,0.0000,-0.5000
2026-05-25T21:13:12.676247,15543,-0.2000,0.0000,0.0000,-0.5000
2026-05-25T21:13:12.776311,15544,-0.2000,0.0000,0.0000,-0.5000
2026-05-25T21:13:12.876338,15545,-0.2000,0.0000,0.0000,-0.5000
2026-05-25T21:13:12.976523,15546,-0.2000,0.0000,0.0000,-0.5000
2026-05-25T21:13:13.076603,15547,-0.2000,0.0000,0.0000,-0.5000
2026-05-25T21:13:13.176830,15548,-0.2000,0.0000,0.0000,-0.5000
2026-05-25T21:13:13.277158,15549,-0.2000,0.0000,0.0000,-0.5000
2026-05-25T21:13:13.377079,15550,-0.2000,0.0000,0.0000,-0.5000
2026-05-25T21:13:13.477183,15551,-0.2000,0.0000,0.0000,-0.5000
2026-05-25T21:13:13.577318,15552,-0.2000,0.0000,0.0000,-0.5000
2026-05-25T21:13:13.677448,15553,-0.2000,0.0000,0.0000,-0.5000
2026-05-25T21:13:13.777617,15554,-0.2000,0.0000,0.0000,-0.5000
2026-05-25T21:13:14.010393,15555,-0.2000,0.0000,0.0000,-0.5000
2026-05-25T21:13:14.110528,15556,-0.2000,0.0000,0.0000,-0.5000
2026-05-25T21:13:14.210633,15557,-0.2000,0.0000,0.0000,-0.5000
2026-05-25T21:13:14.310805,15558,-0.2000,0.0000,0.0000,-0.5000
2026-05-25T21:13:14.410874,15559,-0.2000,0.0000,0.0000,-0.5000
2026-05-25T21:13:14.511009,15560,-0.2000,0.0000,0.0000,-0.5000
2026-05-25T21:13:14.611154,15561,-0.2000,0.0000,0.0000,-0.5000
2026-05-25T21:13:14.711249,15562,-0.2000,0.0000,0.0000,-0.5000
2026-05-25T21:13:14.811324,15563,-0.2000,0.0000,0.0000,-0.5000
2026-05-25T21:13:14.911501,15564,-0.2000,0.0000,0.0000,-0.5000
2026-05-25T21:13:15.011607,15565,-0.2000,0.0000,0.0000,-0.5000
2026-05-25T21:13:15.216446,15566,-0.2000,0.0000,0.0000,-0.5000
2026-05-25T21:13:15.316246,15567,-0.2000,0.0000,0.0000,-0.5000
2026-05-25T21:13:15.416350,15568,-0.2000,0.0000,0.0000,-0.5000
2026-05-25T21:13:15.516448,15569,0.0000,0.0000,0.0000,0.5000
2026-05-25T21:13:15.616571,15570,0.0000,0.0000,0.0000,0.5000
2026-05-25T21:13:15.716740,15571,0.0000,0.0000,0.0000,0.5000
2026-05-25T21:13:15.816860,15572,0.0000,0.0000,0.0000,0.5000
2026-05-25T21:13:15.917084,15573,0.0000,0.0000,0.0000,0.5000
2026-05-25T21:13:16.017215,15574,0.0000,0.0000,0.0000,0.5000
2026-05-25T21:13:16.238302,15575,0.0000,0.0000,0.0000,0.5000
2026-05-25T21:13:16.336556,15576,0.0000,0.0000,0.0000,0.5000
2026-05-25T21:13:16.436466,15577,0.0000,0.0000,0.0000,0.5000
2026-05-25T21:13:16.536853,15578,0.0000,0.0000,0.0000,0.5000
2026-05-25T21:13:16.636703,15579,0.0000,0.0000,0.0000,0.5000
2026-05-25T21:13:16.736947,15580,0.0000,0.0000,0.0000,0.5000
2026-05-25T21:13:16.836964,15581,0.0000,0.0000,0.0000,0.5000
2026-05-25T21:13:16.937461,15582,0.0000,0.0000,0.0000,0.5000
2026-05-25T21:13:17.037233,15583,0.0000,0.0000,0.0000,0.5000
2026-05-25T21:13:17.276360,15584,0.0000,0.0000,0.0000,0.5000
2026-05-25T21:13:17.376408,15585,0.0000,0.0000,0.0000,0.5000
2026-05-25T21:13:17.476595,15586,0.0000,0.0000,0.0000,0.5000
2026-05-25T21:13:17.576648,15587,0.0000,0.0000,0.0000,0.5000
2026-05-25T21:13:17.677058,15588,0.0000,0.0000,0.0000,0.5000
2026-05-25T21:13:17.777249,15589,0.0000,0.0000,0.0000,0.5000
2026-05-25T21:13:17.877296,15590,0.0000,0.0000,0.0000,0.5000
2026-05-25T21:13:17.979092,15591,0.0000,0.0000,0.0000,0.5000
2026-05-25T21:13:18.079171,15592,0.0000,0.0000,0.0000,0.5000
2026-05-25T21:13:18.179362,15593,0.0000,0.0000,0.0000,0.5000
2026-05-25T21:13:18.279451,15594,0.0000,0.0000,0.0000,0.5000
2026-05-25T21:13:18.496305,15595,0.0000,0.0000,0.0000,0.5000
2026-05-25T21:13:18.596902,15596,0.0000,0.0000,0.0000,0.5000
2026-05-25T21:13:18.697345,15597,0.0000,0.0000,0.0000,0.5000
2026-05-25T21:13:18.797523,15598,0.0000,0.0000,0.0000,0.5000
2026-05-25T21:13:18.897585,15599,0.3000,0.0000,0.0000,0.0000
2026-05-25T21:13:18.997693,15600,0.3000,0.0000,0.0000,0.0000
2026-05-25T21:13:19.097874,15601,0.3000,0.0000,0.0000,0.0000
2026-05-25T21:13:19.198000,15602,0.3000,0.0000,0.0000,0.0000
2026-05-25T21:13:19.298132,15603,0.3000,0.0000,0.0000,0.0000
2026-05-25T21:13:19.398249,15604,0.3000,0.0000,0.0000,0.0000
2026-05-25T21:13:19.498331,15605,0.3000,0.0000,0.0000,0.0000
2026-05-25T21:13:19.640598,15606,0.3000,0.0000,0.0000,0.0000
2026-05-25T21:13:19.740689,15607,0.3000,0.0000,0.0000,0.0000
2026-05-25T21:13:19.841083,15608,0.3000,0.0000,0.0000,0.0000
2026-05-25T21:13:19.941190,15609,0.3000,0.0000,0.0000,0.0000
2026-05-25T21:13:20.041299,15610,0.3000,0.0000,0.0000,0.0000
2026-05-25T21:13:20.141348,15611,0.3000,0.0000,0.0000,0.0000
2026-05-25T21:13:20.241502,15612,0.3000,0.0000,0.0000,0.0000
2026-05-25T21:13:20.516519,15613,0.3000,0.0000,0.0000,0.0000
2026-05-25T21:13:20.616480,15614,0.3000,0.0000,0.0000,0.0000
2026-05-25T21:13:20.716654,15615,0.3000,0.0000,0.0000,0.0000
2026-05-25T21:13:20.816833,15616,0.3000,0.0000,0.0000,0.0000
2026-05-25T21:13:20.916973,15617,0.3000,0.0000,0.0000,0.0000
2026-05-25T21:13:21.017174,15618,0.3000,0.0000,0.0000,0.0000
2026-05-25T21:13:21.117309,15619,0.3000,0.0000,0.0000,0.0000
2026-05-25T21:13:21.217463,15620,0.3000,0.0000,0.0000,0.0000
2026-05-25T21:13:21.317618,15621,0.3000,0.0000,0.0000,0.0000
2026-05-25T21:13:21.526484,15622,0.3000,0.0000,0.0000,0.0000
2026-05-25T21:13:21.626610,15623,0.3000,0.0000,0.0000,0.0000
2026-05-25T21:13:21.726742,15624,0.3000,0.0000,0.0000,0.0000
2026-05-25T21:13:21.826917,15625,0.3000,0.0000,0.0000,0.0000
2026-05-25T21:13:21.927000,15626,0.3000,0.0000,0.0000,0.0000
2026-05-25T21:13:22.027148,15627,0.3000,0.0000,0.0000,0.0000
2026-05-25T21:13:22.127350,15628,0.3000,0.0000,0.0000,0.0000
2026-05-25T21:13:22.227525,15629,0.0000,0.0000,0.0000,-0.5000
2026-05-25T21:13:22.328332,15630,0.0000,0.0000,0.0000,-0.5000
2026-05-25T21:13:22.428474,15631,0.0000,0.0000,0.0000,-0.5000
2026-05-25T21:13:22.528595,15632,0.0000,0.0000,0.0000,-0.5000
2026-05-25T21:13:22.737327,15633,0.0000,0.0000,0.0000,-0.5000
2026-05-25T21:13:22.836607,15634,0.0000,0.0000,0.0000,-0.5000
2026-05-25T21:13:22.936714,15635,0.0000,0.0000,0.0000,-0.5000
2026-05-25T21:13:23.038842,15636,0.0000,0.0000,0.0000,-0.5000
2026-05-25T21:13:23.136956,15637,0.0000,0.0000,0.0000,-0.5000
2026-05-25T21:13:23.237111,15638,0.0000,0.0000,0.0000,-0.5000
2026-05-25T21:13:23.337329,15639,0.0000,0.0000,0.0000,-0.5000
2026-05-25T21:13:23.437417,15640,0.0000,0.0000,0.0000,-0.5000
2026-05-25T21:13:23.537473,15641,0.0000,0.0000,0.0000,-0.5000
2026-05-25T21:13:23.746418,15642,0.0000,0.0000,0.0000,-0.5000
2026-05-25T21:13:23.846663,15643,0.0000,0.0000,0.0000,-0.5000
2026-05-25T21:13:23.946874,15644,0.0000,0.0000,0.0000,-0.5000
2026-05-25T21:13:24.046906,15645,0.0000,0.0000,0.0000,-0.5000
2026-05-25T21:13:24.147050,15646,0.0000,0.0000,0.0000,-0.5000
2026-05-25T21:13:24.247203,15647,0.0000,0.0000,0.0000,-0.5000
2026-05-25T21:13:24.347290,15648,0.0000,0.0000,0.0000,-0.5000
2026-05-25T21:13:24.447436,15649,0.0000,0.0000,0.0000,-0.5000
2026-05-25T21:13:24.547570,15650,0.0000,0.0000,0.0000,-0.5000
2026-05-25T21:13:24.766215,15651,0.0000,0.0000,0.0000,-0.5000
2026-05-25T21:13:24.866293,15652,0.0000,0.0000,0.0000,-0.5000
2026-05-25T21:13:24.966441,15653,0.0000,0.0000,0.0000,-0.5000
2026-05-25T21:13:25.066523,15654,0.0000,0.0000,0.0000,-0.5000
2026-05-25T21:13:25.166676,15655,0.0000,0.0000,0.0000,-0.5000
2026-05-25T21:13:25.266814,15656,0.0000,0.0000,0.0000,-0.5000
2026-05-25T21:13:25.366954,15657,0.0000,0.0000,0.0000,-0.5000
2026-05-25T21:13:25.467100,15658,0.0000,0.0000,0.0000,-0.5000
2026-05-25T21:13:25.567204,15659,-0.2000,0.0000,0.0000,-0.5000
2026-05-25T21:13:25.667305,15660,-0.2000,0.0000,0.0000,-0.5000
2026-05-25T21:13:25.767442,15661,-0.2000,0.0000,0.0000,-0.5000
2026-05-25T21:13:26.016336,15662,-0.2000,0.0000,0.0000,-0.5000
2026-05-25T21:13:26.116486,15663,-0.2000,0.0000,0.0000,-0.5000
2026-05-25T21:13:26.216592,15664,-0.2000,0.0000,0.0000,-0.5000
2026-05-25T21:13:26.319324,15665,-0.2000,0.0000,0.0000,-0.5000
2026-05-25T21:13:26.419580,15666,-0.2000,0.0000,0.0000,-0.5000
2026-05-25T21:13:26.519667,15667,-0.2000,0.0000,0.0000,-0.5000
2026-05-25T21:13:26.619728,15668,-0.2000,0.0000,0.0000,-0.5000
2026-05-25T21:13:26.719815,15669,-0.2000,0.0000,0.0000,-0.5000
2026-05-25T21:13:26.819917,15670,-0.2000,0.0000,0.0000,-0.5000
2026-05-25T21:13:26.920097,15671,-0.2000,0.0000,0.0000,-0.5000
2026-05-25T21:13:27.020211,15672,-0.2000,0.0000,0.0000,-0.5000
2026-05-25T21:13:27.236357,15673,-0.2000,0.0000,0.0000,-0.5000
2026-05-25T21:13:27.336990,15674,-0.2000,0.0000,0.0000,-0.5000
2026-05-25T21:13:27.436647,15675,-0.2000,0.0000,0.0000,-0.5000
2026-05-25T21:13:27.536783,15676,-0.2000,0.0000,0.0000,-0.5000
2026-05-25T21:13:27.636916,15677,-0.2000,0.0000,0.0000,-0.5000
2026-05-25T21:13:27.737067,15678,-0.2000,0.0000,0.0000,-0.5000
2026-05-25T21:13:27.840315,15679,-0.2000,0.0000,0.0000,-0.5000
2026-05-25T21:13:27.940435,15680,-0.2000,0.0000,0.0000,-0.5000
2026-05-25T21:13:28.040574,15681,-0.2000,0.0000,0.0000,-0.5000
2026-05-25T21:13:28.256238,15682,-0.2000,0.0000,0.0000,-0.5000
2026-05-25T21:13:28.356463,15683,-0.2000,0.0000,0.0000,-0.5000
2026-05-25T21:13:28.456612,15684,-0.2000,0.0000,0.0000,-0.5000
2026-05-25T21:13:28.557133,15685,-0.2000,0.0000,0.0000,-0.5000
2026-05-25T21:13:28.656857,15686,-0.2000,0.0000,0.0000,-0.5000
2026-05-25T21:13:28.756995,15687,-0.2000,0.0000,0.0000,-0.5000
2026-05-25T21:13:28.859271,15688,-0.2000,0.0000,0.0000,-0.5000
2026-05-25T21:13:28.957422,15689,0.0000,0.0000,0.0000,0.5000
2026-05-25T21:13:29.057344,15690,0.0000,0.0000,0.0000,0.5000
2026-05-25T21:13:29.157633,15691,0.0000,0.0000,0.0000,0.5000
2026-05-25T21:13:29.257813,15692,0.0000,0.0000,0.0000,0.5000
2026-05-25T21:13:29.476505,15693,0.0000,0.0000,0.0000,0.5000
2026-05-25T21:13:29.576648,15694,0.0000,0.0000,0.0000,0.5000
2026-05-25T21:13:29.676725,15695,0.0000,0.0000,0.0000,0.5000
2026-05-25T21:13:29.777294,15696,0.0000,0.0000,0.0000,0.5000
2026-05-25T21:13:29.877446,15697,0.0000,0.0000,0.0000,0.5000
2026-05-25T21:13:29.978260,15698,0.0000,0.0000,0.0000,0.5000
2026-05-25T21:13:30.078358,15699,0.0000,0.0000,0.0000,0.5000
2026-05-25T21:13:30.178429,15700,0.0000,0.0000,0.0000,0.5000
2026-05-25T21:13:30.278648,15701,0.0000,0.0000,0.0000,0.5000
2026-05-25T21:13:30.487074,15702,0.0000,0.0000,0.0000,0.5000
2026-05-25T21:13:30.586480,15703,0.0000,0.0000,0.0000,0.5000
2026-05-25T21:13:30.686565,15704,0.0000,0.0000,0.0000,0.5000
2026-05-25T21:13:30.786659,15705,0.0000,0.0000,0.0000,0.5000
2026-05-25T21:13:30.888338,15706,0.0000,0.0000,0.0000,0.5000
2026-05-25T21:13:30.988442,15707,0.0000,0.0000,0.0000,0.5000
2026-05-25T21:13:31.088554,15708,0.0000,0.0000,0.0000,0.5000
2026-05-25T21:13:31.188737,15709,0.0000,0.0000,0.0000,0.5000
2026-05-25T21:13:31.288871,15710,0.0000,0.0000,0.0000,0.5000
2026-05-25T21:13:31.388994,15711,0.0000,0.0000,0.0000,0.5000
2026-05-25T21:13:31.489342,15712,0.0000,0.0000,0.0000,0.5000
2026-05-25T21:13:31.706215,15713,0.0000,0.0000,0.0000,0.5000
2026-05-25T21:13:31.806438,15714,0.0000,0.0000,0.0000,0.5000
2026-05-25T21:13:31.907927,15715,0.0000,0.0000,0.0000,0.5000
2026-05-25T21:13:32.006738,15716,0.0000,0.0000,0.0000,0.5000
2026-05-25T21:13:32.106859,15717,0.0000,0.0000,0.0000,0.5000
2026-05-25T21:13:32.209296,15718,0.0000,0.0000,0.0000,0.5000
2026-05-25T21:13:32.309437,15719,0.3000,0.0000,0.0000,0.0000
2026-05-25T21:13:32.409559,15720,0.3000,0.0000,0.0000,0.0000
2026-05-25T21:13:32.509699,15721,0.3000,0.0000,0.0000,0.0000
2026-05-25T21:13:32.716419,15722,0.3000,0.0000,0.0000,0.0000
2026-05-25T21:13:32.816507,15723,0.3000,0.0000,0.0000,0.0000
2026-05-25T21:13:32.916629,15724,0.3000,0.0000,0.0000,0.0000
2026-05-25T21:13:33.016737,15725,0.3000,0.0000,0.0000,0.0000
2026-05-25T21:13:33.116888,15726,0.3000,0.0000,0.0000,0.0000
2026-05-25T21:13:33.217016,15727,0.3000,0.0000,0.0000,0.0000
2026-05-25T21:13:33.317606,15728,0.3000,0.0000,0.0000,0.0000
2026-05-25T21:13:33.417725,15729,0.3000,0.0000,0.0000,0.0000
2026-05-25T21:13:33.517893,15730,0.3000,0.0000,0.0000,0.0000
2026-05-25T21:13:33.666415,15731,0.3000,0.0000,0.0000,0.0000
2026-05-25T21:13:33.766486,15732,0.3000,0.0000,0.0000,0.0000
2026-05-25T21:13:33.866518,15733,0.3000,0.0000,0.0000,0.0000
2026-05-25T21:13:33.966747,15734,0.3000,0.0000,0.0000,0.0000
2026-05-25T21:13:34.066642,15735,0.3000,0.0000,0.0000,0.0000
2026-05-25T21:13:34.168264,15736,0.3000,0.0000,0.0000,0.0000
2026-05-25T21:13:34.268391,15737,0.3000,0.0000,0.0000,0.0000
2026-05-25T21:13:34.536420,15738,0.3000,0.0000,0.0000,0.0000
2026-05-25T21:13:34.636567,15739,0.3000,0.0000,0.0000,0.0000
2026-05-25T21:13:34.736684,15740,0.3000,0.0000,0.0000,0.0000
2026-05-25T21:13:34.836816,15741,0.3000,0.0000,0.0000,0.0000
2026-05-25T21:13:34.937353,15742,0.3000,0.0000,0.0000,0.0000
2026-05-25T21:13:35.037470,15743,0.3000,0.0000,0.0000,0.0000
2026-05-25T21:13:35.137586,15744,0.3000,0.0000,0.0000,0.0000
2026-05-25T21:13:35.237707,15745,0.3000,0.0000,0.0000,0.0000
2026-05-25T21:13:35.337885,15746,0.3000,0.0000,0.0000,0.0000
2026-05-25T21:13:35.437970,15747,0.3000,0.0000,0.0000,0.0000
2026-05-25T21:13:35.538123,15748,0.3000,0.0000,0.0000,0.0000
2026-05-25T21:13:35.756424,15749,0.0000,0.0000,0.0000,-0.5000
2026-05-25T21:13:35.856607,15750,0.0000,0.0000,0.0000,-0.5000
2026-05-25T21:13:35.956703,15751,0.0000,0.0000,0.0000,-0.5000
2026-05-25T21:13:36.056822,15752,0.0000,0.0000,0.0000,-0.5000
2026-05-25T21:13:36.156953,15753,0.0000,0.0000,0.0000,-0.5000
2026-05-25T21:13:36.258327,15754,0.0000,0.0000,0.0000,-0.5000
2026-05-25T21:13:36.358460,15755,0.0000,0.0000,0.0000,-0.5000
2026-05-25T21:13:36.458580,15756,0.0000,0.0000,0.0000,-0.5000
2026-05-25T21:13:36.558727,15757,0.0000,0.0000,0.0000,-0.5000
2026-05-25T21:13:36.658835,15758,0.0000,0.0000,0.0000,-0.5000
2026-05-25T21:13:36.758979,15759,0.0000,0.0000,0.0000,-0.5000
2026-05-25T21:13:36.976443,15760,0.0000,0.0000,0.0000,-0.5000
2026-05-25T21:13:37.076567,15761,0.0000,0.0000,0.0000,-0.5000
2026-05-25T21:13:37.176687,15762,0.0000,0.0000,0.0000,-0.5000
2026-05-25T21:13:37.276694,15763,0.0000,0.0000,0.0000,-0.5000
2026-05-25T21:13:37.376881,15764,0.0000,0.0000,0.0000,-0.5000
2026-05-25T21:13:37.477123,15765,0.0000,0.0000,0.0000,-0.5000
2026-05-25T21:13:37.577139,15766,0.0000,0.0000,0.0000,-0.5000
2026-05-25T21:13:37.678312,15767,0.0000,0.0000,0.0000,-0.5000
2026-05-25T21:13:37.778486,15768,0.0000,0.0000,0.0000,-0.5000
2026-05-25T21:13:37.878595,15769,0.0000,0.0000,0.0000,-0.5000
2026-05-25T21:13:37.978692,15770,0.0000,0.0000,0.0000,-0.5000
2026-05-25T21:13:38.078832,15771,0.0000,0.0000,0.0000,-0.5000
2026-05-25T21:13:38.179013,15772,0.0000,0.0000,0.0000,-0.5000
2026-05-25T21:13:38.406678,15773,0.0000,0.0000,0.0000,-0.5000
2026-05-25T21:13:38.506591,15774,0.0000,0.0000,0.0000,-0.5000
2026-05-25T21:13:38.606719,15775,0.0000,0.0000,0.0000,-0.5000
2026-05-25T21:13:38.706879,15776,0.0000,0.0000,0.0000,-0.5000
2026-05-25T21:13:38.806989,15777,0.0000,0.0000,0.0000,-0.5000
2026-05-25T21:13:38.907164,15778,0.0000,0.0000,0.0000,-0.5000
2026-05-25T21:13:39.007289,15779,-0.2000,0.0000,0.0000,-0.5000
2026-05-25T21:13:39.107341,15780,-0.2000,0.0000,0.0000,-0.5000
2026-05-25T21:13:39.207464,15781,-0.2000,0.0000,0.0000,-0.5000
2026-05-25T21:13:39.307580,15782,-0.2000,0.0000,0.0000,-0.5000
2026-05-25T21:13:39.407702,15783,-0.2000,0.0000,0.0000,-0.5000
2026-05-25T21:13:39.696497,15784,-0.2000,0.0000,0.0000,-0.5000
2026-05-25T21:13:39.796597,15785,-0.2000,0.0000,0.0000,-0.5000
2026-05-25T21:13:39.896955,15786,-0.2000,0.0000,0.0000,-0.5000
2026-05-25T21:13:39.997009,15787,-0.2000,0.0000,0.0000,-0.5000
2026-05-25T21:13:40.097003,15788,-0.2000,0.0000,0.0000,-0.5000
2026-05-25T21:13:40.197125,15789,-0.2000,0.0000,0.0000,-0.5000
2026-05-25T21:13:40.297244,15790,-0.2000,0.0000,0.0000,-0.5000
2026-05-25T21:13:40.398290,15791,-0.2000,0.0000,0.0000,-0.5000
2026-05-25T21:13:40.498455,15792,-0.2000,0.0000,0.0000,-0.5000
2026-05-25T21:13:40.598488,15793,-0.2000,0.0000,0.0000,-0.5000
2026-05-25T21:13:40.698535,15794,-0.2000,0.0000,0.0000,-0.5000
2026-05-25T21:13:40.798626,15795,-0.2000,0.0000,0.0000,-0.5000
2026-05-25T21:13:40.898679,15796,-0.2000,0.0000,0.0000,-0.5000
2026-05-25T21:13:41.116432,15797,-0.2000,0.0000,0.0000,-0.5000
2026-05-25T21:13:41.216580,15798,-0.2000,0.0000,0.0000,-0.5000
2026-05-25T21:13:41.316855,15799,-0.2000,0.0000,0.0000,-0.5000
2026-05-25T21:13:41.417363,15800,-0.2000,0.0000,0.0000,-0.5000
2026-05-25T21:13:41.517578,15801,-0.2000,0.0000,0.0000,-0.5000
2026-05-25T21:13:41.618321,15802,-0.2000,0.0000,0.0000,-0.5000
2026-05-25T21:13:41.718405,15803,-0.2000,0.0000,0.0000,-0.5000
2026-05-25T21:13:41.821339,15804,-0.2000,0.0000,0.0000,-0.5000
2026-05-25T21:13:41.921417,15805,-0.2000,0.0000,0.0000,-0.5000
2026-05-25T21:13:42.021838,15806,-0.2000,0.0000,0.0000,-0.5000
2026-05-25T21:13:42.122341,15807,-0.2000,0.0000,0.0000,-0.5000
2026-05-25T21:13:42.366610,15808,-0.2000,0.0000,0.0000,-0.5000
2026-05-25T21:13:42.466971,15809,0.0000,0.0000,0.0000,0.5000
2026-05-25T21:13:42.568392,15810,0.0000,0.0000,0.0000,0.5000
2026-05-25T21:13:42.668479,15811,0.0000,0.0000,0.0000,0.5000
2026-05-25T21:13:42.768574,15812,0.0000,0.0000,0.0000,0.5000
2026-05-25T21:13:42.868752,15813,0.0000,0.0000,0.0000,0.5000
2026-05-25T21:13:42.968860,15814,0.0000,0.0000,0.0000,0.5000
2026-05-25T21:13:43.069800,15815,0.0000,0.0000,0.0000,0.5000
2026-05-25T21:13:43.169981,15816,0.0000,0.0000,0.0000,0.5000
2026-05-25T21:13:43.270010,15817,0.0000,0.0000,0.0000,0.5000
2026-05-25T21:13:43.370159,15818,0.0000,0.0000,0.0000,0.5000
2026-05-25T21:13:43.587007,15819,0.0000,0.0000,0.0000,0.5000
2026-05-25T21:13:43.687111,15820,0.0000,0.0000,0.0000,0.5000
2026-05-25T21:13:43.787214,15821,0.0000,0.0000,0.0000,0.5000
2026-05-25T21:13:43.887356,15822,0.0000,0.0000,0.0000,0.5000
2026-05-25T21:13:43.987649,15823,0.0000,0.0000,0.0000,0.5000
2026-05-25T21:13:44.087620,15824,0.0000,0.0000,0.0000,0.5000
2026-05-25T21:13:44.187744,15825,0.0000,0.0000,0.0000,0.5000
2026-05-25T21:13:44.287954,15826,0.0000,0.0000,0.0000,0.5000
2026-05-25T21:13:44.388050,15827,0.0000,0.0000,0.0000,0.5000
2026-05-25T21:13:44.606934,15828,0.0000,0.0000,0.0000,0.5000
2026-05-25T21:13:44.706985,15829,0.0000,0.0000,0.0000,0.5000
2026-05-25T21:13:44.807214,15830,0.0000,0.0000,0.0000,0.5000
2026-05-25T21:13:44.907367,15831,0.0000,0.0000,0.0000,0.5000
2026-05-25T21:13:45.007329,15832,0.0000,0.0000,0.0000,0.5000
2026-05-25T21:13:45.107450,15833,0.0000,0.0000,0.0000,0.5000
2026-05-25T21:13:45.207652,15834,0.0000,0.0000,0.0000,0.5000
2026-05-25T21:13:45.307797,15835,0.0000,0.0000,0.0000,0.5000
2026-05-25T21:13:45.407931,15836,0.0000,0.0000,0.0000,0.5000
2026-05-25T21:13:45.507999,15837,0.0000,0.0000,0.0000,0.5000
2026-05-25T21:13:45.608095,15838,0.0000,0.0000,0.0000,0.5000
2026-05-25T21:13:45.826700,15839,0.3000,0.0000,0.0000,0.0000
2026-05-25T21:13:45.926881,15840,0.3000,0.0000,0.0000,0.0000
2026-05-25T21:13:46.027198,15841,0.3000,0.0000,0.0000,0.0000
2026-05-25T21:13:46.127111,15